ISO-10303-21;
HEADER;
FILE_DESCRIPTION(('Open CASCADE Model'),'2;1');
FILE_NAME('Open CASCADE Shape Model','2026-09-16T07:35:54',('Author'),(
    'Open CASCADE'),'Open CASCADE STEP processor 7.9','build123d',
  'Unknown');
FILE_SCHEMA(('AUTOMOTIVE_DESIGN { 1 0 10303 214 1 1 1 1 }'));
ENDSEC;
DATA;
#1 = APPLICATION_PROTOCOL_DEFINITION('international standard',
  'automotive_design',2000,#2);
#2 = APPLICATION_CONTEXT(
  'core data for automotive mechanical design processes');
#3 = SHAPE_DEFINITION_REPRESENTATION(#4,#10);
#4 = PRODUCT_DEFINITION_SHAPE('','',#5);
#5 = PRODUCT_DEFINITION('design','',#6,#9);
#6 = PRODUCT_DEFINITION_FORMATION('','',#7);
#7 = PRODUCT('COMPOUND','COMPOUND','',(#8));
#8 = PRODUCT_CONTEXT('',#2,'mechanical');
#9 = PRODUCT_DEFINITION_CONTEXT('part definition',#2,'design');
#10 = SHAPE_REPRESENTATION('',(#11,#15,#19,#23,#27,#31,#35,#39,#43),#47
  );
#11 = AXIS2_PLACEMENT_3D('',#12,#13,#14);
#12 = CARTESIAN_POINT('',(0.,0.,0.));
#13 = DIRECTION('',(0.,0.,1.));
#14 = DIRECTION('',(1.,0.,-0.));
#15 = AXIS2_PLACEMENT_3D('',#16,#17,#18);
#16 = CARTESIAN_POINT('',(0.,0.,0.));
#17 = DIRECTION('',(0.,0.,1.));
#18 = DIRECTION('',(1.,0.,-0.));
#19 = AXIS2_PLACEMENT_3D('',#20,#21,#22);
#20 = CARTESIAN_POINT('',(0.,0.,0.));
#21 = DIRECTION('',(0.,0.,1.));
#22 = DIRECTION('',(1.,0.,-0.));
#23 = AXIS2_PLACEMENT_3D('',#24,#25,#26);
#24 = CARTESIAN_POINT('',(0.,-147.,0.));
#25 = DIRECTION('',(0.,0.,1.));
#26 = DIRECTION('',(1.,0.,-0.));
#27 = AXIS2_PLACEMENT_3D('',#28,#29,#30);
#28 = CARTESIAN_POINT('',(-152.,-115.84,0.));
#29 = DIRECTION('',(0.,0.,1.));
#30 = DIRECTION('',(1.,0.,-0.));
#31 = AXIS2_PLACEMENT_3D('',#32,#33,#34);
#32 = CARTESIAN_POINT('',(0.,122.94,0.));
#33 = DIRECTION('',(0.,0.,1.));
#34 = DIRECTION('',(1.,0.,-0.));
#35 = AXIS2_PLACEMENT_3D('',#36,#37,#38);
#36 = CARTESIAN_POINT('',(-152.,-127.5,0.));
#37 = DIRECTION('',(0.,0.,1.));
#38 = DIRECTION('',(1.,0.,-0.));
#39 = AXIS2_PLACEMENT_3D('',#40,#41,#42);
#40 = CARTESIAN_POINT('',(-152.,-127.5,60.));
#41 = DIRECTION('',(0.,0.,1.));
#42 = DIRECTION('',(1.,0.,-0.));
#43 = AXIS2_PLACEMENT_3D('',#44,#45,#46);
#44 = CARTESIAN_POINT('',(0.,0.,0.));
#45 = DIRECTION('',(0.,0.,1.));
#46 = DIRECTION('',(1.,0.,-0.));
#47 = ( GEOMETRIC_REPRESENTATION_CONTEXT(3) 
GLOBAL_UNCERTAINTY_ASSIGNED_CONTEXT((#51)) GLOBAL_UNIT_ASSIGNED_CONTEXT(
(#48,#49,#50)) REPRESENTATION_CONTEXT('Context #1',
  '3D Context with UNIT and UNCERTAINTY') );
#48 = ( LENGTH_UNIT() NAMED_UNIT(*) SI_UNIT(.MILLI.,.METRE.) );
#49 = ( NAMED_UNIT(*) PLANE_ANGLE_UNIT() SI_UNIT($,.RADIAN.) );
#50 = ( NAMED_UNIT(*) SI_UNIT($,.STERADIAN.) SOLID_ANGLE_UNIT() );
#51 = UNCERTAINTY_MEASURE_WITH_UNIT(LENGTH_MEASURE(1.E-07),#48,
  'distance_accuracy_value','confusion accuracy');
#52 = PRODUCT_RELATED_PRODUCT_CATEGORY('part',$,(#7));
#53 = SHAPE_DEFINITION_REPRESENTATION(#54,#60);
#54 = PRODUCT_DEFINITION_SHAPE('','',#55);
#55 = PRODUCT_DEFINITION('design','',#56,#59);
#56 = PRODUCT_DEFINITION_FORMATION('','',#57);
#57 = PRODUCT('COMPOUND','COMPOUND','',(#58));
#58 = PRODUCT_CONTEXT('',#2,'mechanical');
#59 = PRODUCT_DEFINITION_CONTEXT('part definition',#2,'design');
#60 = ADVANCED_BREP_SHAPE_REPRESENTATION('',(#11,#61),#2721);
#61 = MANIFOLD_SOLID_BREP('',#62);
#62 = CLOSED_SHELL('',(#63,#375,#827,#957,#982,#1102,#1127,#1176,#1330,
    #1461,#1602,#1724,#1846,#1900,#1954,#2008,#2062,#2116,#2170,#2294,
    #2409,#2463,#2517,#2571,#2629,#2700,#2707,#2714));
#63 = ADVANCED_FACE('',(#64),#78,.F.);
#64 = FACE_BOUND('',#65,.F.);
#65 = EDGE_LOOP('',(#66,#101,#129,#157,#185,#208,#234,#260,#281,#304,
    #330,#356));
#66 = ORIENTED_EDGE('',*,*,#67,.T.);
#67 = EDGE_CURVE('',#68,#70,#72,.T.);
#68 = VERTEX_POINT('',#69);
#69 = CARTESIAN_POINT('',(-233.,153.,77.645751311065));
#70 = VERTEX_POINT('',#71);
#71 = CARTESIAN_POINT('',(-233.,153.,200.));
#72 = SURFACE_CURVE('',#73,(#77,#89),.PCURVE_S1.);
#73 = LINE('',#74,#75);
#74 = CARTESIAN_POINT('',(-233.,153.,-3.));
#75 = VECTOR('',#76,1.);
#76 = DIRECTION('',(0.,0.,1.));
#77 = PCURVE('',#78,#83);
#78 = PLANE('',#79);
#79 = AXIS2_PLACEMENT_3D('',#80,#81,#82);
#80 = CARTESIAN_POINT('',(-233.,-153.,-3.));
#81 = DIRECTION('',(1.,0.,-0.));
#82 = DIRECTION('',(0.,0.,1.));
#83 = DEFINITIONAL_REPRESENTATION('',(#84),#88);
#84 = LINE('',#85,#86);
#85 = CARTESIAN_POINT('',(0.,-306.));
#86 = VECTOR('',#87,1.);
#87 = DIRECTION('',(1.,0.));
#88 = ( GEOMETRIC_REPRESENTATION_CONTEXT(2) 
PARAMETRIC_REPRESENTATION_CONTEXT() REPRESENTATION_CONTEXT('2D SPACE',''
  ) );
#89 = PCURVE('',#90,#95);
#90 = PLANE('',#91);
#91 = AXIS2_PLACEMENT_3D('',#92,#93,#94);
#92 = CARTESIAN_POINT('',(-233.,153.,-3.));
#93 = DIRECTION('',(-0.,1.,0.));
#94 = DIRECTION('',(0.,0.,1.));
#95 = DEFINITIONAL_REPRESENTATION('',(#96),#100);
#96 = LINE('',#97,#98);
#97 = CARTESIAN_POINT('',(0.,0.));
#98 = VECTOR('',#99,1.);
#99 = DIRECTION('',(1.,0.));
#100 = ( GEOMETRIC_REPRESENTATION_CONTEXT(2) 
PARAMETRIC_REPRESENTATION_CONTEXT() REPRESENTATION_CONTEXT('2D SPACE',''
  ) );
#101 = ORIENTED_EDGE('',*,*,#102,.F.);
#102 = EDGE_CURVE('',#103,#70,#105,.T.);
#103 = VERTEX_POINT('',#104);
#104 = CARTESIAN_POINT('',(-233.,-153.,200.));
#105 = SURFACE_CURVE('',#106,(#110,#117),.PCURVE_S1.);
#106 = LINE('',#107,#108);
#107 = CARTESIAN_POINT('',(-233.,-153.,200.));
#108 = VECTOR('',#109,1.);
#109 = DIRECTION('',(-0.,1.,0.));
#110 = PCURVE('',#78,#111);
#111 = DEFINITIONAL_REPRESENTATION('',(#112),#116);
#112 = LINE('',#113,#114);
#113 = CARTESIAN_POINT('',(203.,0.));
#114 = VECTOR('',#115,1.);
#115 = DIRECTION('',(0.,-1.));
#116 = ( GEOMETRIC_REPRESENTATION_CONTEXT(2) 
PARAMETRIC_REPRESENTATION_CONTEXT() REPRESENTATION_CONTEXT('2D SPACE',''
  ) );
#117 = PCURVE('',#118,#123);
#118 = PLANE('',#119);
#119 = AXIS2_PLACEMENT_3D('',#120,#121,#122);
#120 = CARTESIAN_POINT('',(-233.,-153.,200.));
#121 = DIRECTION('',(0.,0.,1.));
#122 = DIRECTION('',(1.,0.,-0.));
#123 = DEFINITIONAL_REPRESENTATION('',(#124),#128);
#124 = LINE('',#125,#126);
#125 = CARTESIAN_POINT('',(0.,0.));
#126 = VECTOR('',#127,1.);
#127 = DIRECTION('',(0.,1.));
#128 = ( GEOMETRIC_REPRESENTATION_CONTEXT(2) 
PARAMETRIC_REPRESENTATION_CONTEXT() REPRESENTATION_CONTEXT('2D SPACE',''
  ) );
#129 = ORIENTED_EDGE('',*,*,#130,.F.);
#130 = EDGE_CURVE('',#131,#103,#133,.T.);
#131 = VERTEX_POINT('',#132);
#132 = CARTESIAN_POINT('',(-233.,-153.,-3.));
#133 = SURFACE_CURVE('',#134,(#138,#145),.PCURVE_S1.);
#134 = LINE('',#135,#136);
#135 = CARTESIAN_POINT('',(-233.,-153.,-3.));
#136 = VECTOR('',#137,1.);
#137 = DIRECTION('',(0.,0.,1.));
#138 = PCURVE('',#78,#139);
#139 = DEFINITIONAL_REPRESENTATION('',(#140),#144);
#140 = LINE('',#141,#142);
#141 = CARTESIAN_POINT('',(0.,0.));
#142 = VECTOR('',#143,1.);
#143 = DIRECTION('',(1.,0.));
#144 = ( GEOMETRIC_REPRESENTATION_CONTEXT(2) 
PARAMETRIC_REPRESENTATION_CONTEXT() REPRESENTATION_CONTEXT('2D SPACE',''
  ) );
#145 = PCURVE('',#146,#151);
#146 = PLANE('',#147);
#147 = AXIS2_PLACEMENT_3D('',#148,#149,#150);
#148 = CARTESIAN_POINT('',(-233.,-153.,-3.));
#149 = DIRECTION('',(-0.,1.,0.));
#150 = DIRECTION('',(0.,0.,1.));
#151 = DEFINITIONAL_REPRESENTATION('',(#152),#156);
#152 = LINE('',#153,#154);
#153 = CARTESIAN_POINT('',(0.,0.));
#154 = VECTOR('',#155,1.);
#155 = DIRECTION('',(1.,0.));
#156 = ( GEOMETRIC_REPRESENTATION_CONTEXT(2) 
PARAMETRIC_REPRESENTATION_CONTEXT() REPRESENTATION_CONTEXT('2D SPACE',''
  ) );
#157 = ORIENTED_EDGE('',*,*,#158,.T.);
#158 = EDGE_CURVE('',#131,#159,#161,.T.);
#159 = VERTEX_POINT('',#160);
#160 = CARTESIAN_POINT('',(-233.,153.,-3.));
#161 = SURFACE_CURVE('',#162,(#166,#173),.PCURVE_S1.);
#162 = LINE('',#163,#164);
#163 = CARTESIAN_POINT('',(-233.,-153.,-3.));
#164 = VECTOR('',#165,1.);
#165 = DIRECTION('',(-0.,1.,0.));
#166 = PCURVE('',#78,#167);
#167 = DEFINITIONAL_REPRESENTATION('',(#168),#172);
#168 = LINE('',#169,#170);
#169 = CARTESIAN_POINT('',(0.,0.));
#170 = VECTOR('',#171,1.);
#171 = DIRECTION('',(0.,-1.));
#172 = ( GEOMETRIC_REPRESENTATION_CONTEXT(2) 
PARAMETRIC_REPRESENTATION_CONTEXT() REPRESENTATION_CONTEXT('2D SPACE',''
  ) );
#173 = PCURVE('',#174,#179);
#174 = PLANE('',#175);
#175 = AXIS2_PLACEMENT_3D('',#176,#177,#178);
#176 = CARTESIAN_POINT('',(-233.,-153.,-3.));
#177 = DIRECTION('',(0.,0.,1.));
#178 = DIRECTION('',(1.,0.,-0.));
#179 = DEFINITIONAL_REPRESENTATION('',(#180),#184);
#180 = LINE('',#181,#182);
#181 = CARTESIAN_POINT('',(0.,0.));
#182 = VECTOR('',#183,1.);
#183 = DIRECTION('',(0.,1.));
#184 = ( GEOMETRIC_REPRESENTATION_CONTEXT(2) 
PARAMETRIC_REPRESENTATION_CONTEXT() REPRESENTATION_CONTEXT('2D SPACE',''
  ) );
#185 = ORIENTED_EDGE('',*,*,#186,.T.);
#186 = EDGE_CURVE('',#159,#187,#189,.T.);
#187 = VERTEX_POINT('',#188);
#188 = CARTESIAN_POINT('',(-233.,153.,27.354248688935));
#189 = SURFACE_CURVE('',#190,(#194,#201),.PCURVE_S1.);
#190 = LINE('',#191,#192);
#191 = CARTESIAN_POINT('',(-233.,153.,-3.));
#192 = VECTOR('',#193,1.);
#193 = DIRECTION('',(0.,0.,1.));
#194 = PCURVE('',#78,#195);
#195 = DEFINITIONAL_REPRESENTATION('',(#196),#200);
#196 = LINE('',#197,#198);
#197 = CARTESIAN_POINT('',(0.,-306.));
#198 = VECTOR('',#199,1.);
#199 = DIRECTION('',(1.,0.));
#200 = ( GEOMETRIC_REPRESENTATION_CONTEXT(2) 
PARAMETRIC_REPRESENTATION_CONTEXT() REPRESENTATION_CONTEXT('2D SPACE',''
  ) );
#201 = PCURVE('',#90,#202);
#202 = DEFINITIONAL_REPRESENTATION('',(#203),#207);
#203 = LINE('',#204,#205);
#204 = CARTESIAN_POINT('',(0.,0.));
#205 = VECTOR('',#206,1.);
#206 = DIRECTION('',(1.,0.));
#207 = ( GEOMETRIC_REPRESENTATION_CONTEXT(2) 
PARAMETRIC_REPRESENTATION_CONTEXT() REPRESENTATION_CONTEXT('2D SPACE',''
  ) );
#208 = ORIENTED_EDGE('',*,*,#209,.T.);
#209 = EDGE_CURVE('',#187,#210,#212,.T.);
#210 = VERTEX_POINT('',#211);
#211 = CARTESIAN_POINT('',(-233.,147.,27.354248688935));
#212 = SURFACE_CURVE('',#213,(#217,#223),.PCURVE_S1.);
#213 = LINE('',#214,#215);
#214 = CARTESIAN_POINT('',(-233.,153.,27.354248688935));
#215 = VECTOR('',#216,1.);
#216 = DIRECTION('',(0.,-1.,0.));
#217 = PCURVE('',#78,#218);
#218 = DEFINITIONAL_REPRESENTATION('',(#219),#222);
#219 = B_SPLINE_CURVE_WITH_KNOTS('',1,(#220,#221),.UNSPECIFIED.,.F.,.F.,
  (2,2),(-5.999999928008E-07,6.0000006),.PIECEWISE_BEZIER_KNOTS.);
#220 = CARTESIAN_POINT('',(30.354248688935,-306.0000006));
#221 = CARTESIAN_POINT('',(30.354248688935,-299.9999994));
#222 = ( GEOMETRIC_REPRESENTATION_CONTEXT(2) 
PARAMETRIC_REPRESENTATION_CONTEXT() REPRESENTATION_CONTEXT('2D SPACE',''
  ) );
#223 = PCURVE('',#224,#229);
#224 = CYLINDRICAL_SURFACE('',#225,4.);
#225 = AXIS2_PLACEMENT_3D('',#226,#227,#228);
#226 = CARTESIAN_POINT('',(-230.,153.,30.));
#227 = DIRECTION('',(0.,-1.,0.));
#228 = DIRECTION('',(1.,0.,0.));
#229 = DEFINITIONAL_REPRESENTATION('',(#230),#233);
#230 = B_SPLINE_CURVE_WITH_KNOTS('',1,(#231,#232),.UNSPECIFIED.,.F.,.F.,
  (2,2),(0.,6.),.PIECEWISE_BEZIER_KNOTS.);
#231 = CARTESIAN_POINT('',(3.864326901403,0.));
#232 = CARTESIAN_POINT('',(3.864326901403,6.));
#233 = ( GEOMETRIC_REPRESENTATION_CONTEXT(2) 
PARAMETRIC_REPRESENTATION_CONTEXT() REPRESENTATION_CONTEXT('2D SPACE',''
  ) );
#234 = ORIENTED_EDGE('',*,*,#235,.F.);
#235 = EDGE_CURVE('',#236,#210,#238,.T.);
#236 = VERTEX_POINT('',#237);
#237 = CARTESIAN_POINT('',(-233.,147.,32.645751311065));
#238 = SURFACE_CURVE('',#239,(#243,#249),.PCURVE_S1.);
#239 = LINE('',#240,#241);
#240 = CARTESIAN_POINT('',(-233.,147.,13.5));
#241 = VECTOR('',#242,1.);
#242 = DIRECTION('',(0.,-0.,-1.));
#243 = PCURVE('',#78,#244);
#244 = DEFINITIONAL_REPRESENTATION('',(#245),#248);
#245 = B_SPLINE_CURVE_WITH_KNOTS('',1,(#246,#247),.UNSPECIFIED.,.F.,.F.,
  (2,2),(-20.5,-12.5),.PIECEWISE_BEZIER_KNOTS.);
#246 = CARTESIAN_POINT('',(37.,-300.));
#247 = CARTESIAN_POINT('',(29.,-300.));
#248 = ( GEOMETRIC_REPRESENTATION_CONTEXT(2) 
PARAMETRIC_REPRESENTATION_CONTEXT() REPRESENTATION_CONTEXT('2D SPACE',''
  ) );
#249 = PCURVE('',#250,#255);
#250 = PLANE('',#251);
#251 = AXIS2_PLACEMENT_3D('',#252,#253,#254);
#252 = CARTESIAN_POINT('',(-230.,147.,30.));
#253 = DIRECTION('',(0.,-1.,0.));
#254 = DIRECTION('',(1.,0.,0.));
#255 = DEFINITIONAL_REPRESENTATION('',(#256),#259);
#256 = B_SPLINE_CURVE_WITH_KNOTS('',1,(#257,#258),.UNSPECIFIED.,.F.,.F.,
  (2,2),(-20.5,-12.5),.PIECEWISE_BEZIER_KNOTS.);
#257 = CARTESIAN_POINT('',(-3.,4.));
#258 = CARTESIAN_POINT('',(-3.,-4.));
#259 = ( GEOMETRIC_REPRESENTATION_CONTEXT(2) 
PARAMETRIC_REPRESENTATION_CONTEXT() REPRESENTATION_CONTEXT('2D SPACE',''
  ) );
#260 = ORIENTED_EDGE('',*,*,#261,.F.);
#261 = EDGE_CURVE('',#262,#236,#264,.T.);
#262 = VERTEX_POINT('',#263);
#263 = CARTESIAN_POINT('',(-233.,153.,32.645751311065));
#264 = SURFACE_CURVE('',#265,(#269,#275),.PCURVE_S1.);
#265 = LINE('',#266,#267);
#266 = CARTESIAN_POINT('',(-233.,153.,32.645751311065));
#267 = VECTOR('',#268,1.);
#268 = DIRECTION('',(0.,-1.,0.));
#269 = PCURVE('',#78,#270);
#270 = DEFINITIONAL_REPRESENTATION('',(#271),#274);
#271 = B_SPLINE_CURVE_WITH_KNOTS('',1,(#272,#273),.UNSPECIFIED.,.F.,.F.,
  (2,2),(-5.999999928008E-07,6.0000006),.PIECEWISE_BEZIER_KNOTS.);
#272 = CARTESIAN_POINT('',(35.645751311065,-306.0000006));
#273 = CARTESIAN_POINT('',(35.645751311065,-299.9999994));
#274 = ( GEOMETRIC_REPRESENTATION_CONTEXT(2) 
PARAMETRIC_REPRESENTATION_CONTEXT() REPRESENTATION_CONTEXT('2D SPACE',''
  ) );
#275 = PCURVE('',#224,#276);
#276 = DEFINITIONAL_REPRESENTATION('',(#277),#280);
#277 = B_SPLINE_CURVE_WITH_KNOTS('',1,(#278,#279),.UNSPECIFIED.,.F.,.F.,
  (2,2),(0.,6.),.PIECEWISE_BEZIER_KNOTS.);
#278 = CARTESIAN_POINT('',(8.702043712956,0.));
#279 = CARTESIAN_POINT('',(8.702043712956,6.));
#280 = ( GEOMETRIC_REPRESENTATION_CONTEXT(2) 
PARAMETRIC_REPRESENTATION_CONTEXT() REPRESENTATION_CONTEXT('2D SPACE',''
  ) );
#281 = ORIENTED_EDGE('',*,*,#282,.T.);
#282 = EDGE_CURVE('',#262,#283,#285,.T.);
#283 = VERTEX_POINT('',#284);
#284 = CARTESIAN_POINT('',(-233.,153.,72.354248688935));
#285 = SURFACE_CURVE('',#286,(#290,#297),.PCURVE_S1.);
#286 = LINE('',#287,#288);
#287 = CARTESIAN_POINT('',(-233.,153.,-3.));
#288 = VECTOR('',#289,1.);
#289 = DIRECTION('',(0.,0.,1.));
#290 = PCURVE('',#78,#291);
#291 = DEFINITIONAL_REPRESENTATION('',(#292),#296);
#292 = LINE('',#293,#294);
#293 = CARTESIAN_POINT('',(0.,-306.));
#294 = VECTOR('',#295,1.);
#295 = DIRECTION('',(1.,0.));
#296 = ( GEOMETRIC_REPRESENTATION_CONTEXT(2) 
PARAMETRIC_REPRESENTATION_CONTEXT() REPRESENTATION_CONTEXT('2D SPACE',''
  ) );
#297 = PCURVE('',#90,#298);
#298 = DEFINITIONAL_REPRESENTATION('',(#299),#303);
#299 = LINE('',#300,#301);
#300 = CARTESIAN_POINT('',(0.,0.));
#301 = VECTOR('',#302,1.);
#302 = DIRECTION('',(1.,0.));
#303 = ( GEOMETRIC_REPRESENTATION_CONTEXT(2) 
PARAMETRIC_REPRESENTATION_CONTEXT() REPRESENTATION_CONTEXT('2D SPACE',''
  ) );
#304 = ORIENTED_EDGE('',*,*,#305,.T.);
#305 = EDGE_CURVE('',#283,#306,#308,.T.);
#306 = VERTEX_POINT('',#307);
#307 = CARTESIAN_POINT('',(-233.,147.,72.354248688935));
#308 = SURFACE_CURVE('',#309,(#313,#319),.PCURVE_S1.);
#309 = LINE('',#310,#311);
#310 = CARTESIAN_POINT('',(-233.,153.,72.354248688935));
#311 = VECTOR('',#312,1.);
#312 = DIRECTION('',(0.,-1.,0.));
#313 = PCURVE('',#78,#314);
#314 = DEFINITIONAL_REPRESENTATION('',(#315),#318);
#315 = B_SPLINE_CURVE_WITH_KNOTS('',1,(#316,#317),.UNSPECIFIED.,.F.,.F.,
  (2,2),(-5.999999928008E-07,6.0000006),.PIECEWISE_BEZIER_KNOTS.);
#316 = CARTESIAN_POINT('',(75.354248688935,-306.0000006));
#317 = CARTESIAN_POINT('',(75.354248688935,-299.9999994));
#318 = ( GEOMETRIC_REPRESENTATION_CONTEXT(2) 
PARAMETRIC_REPRESENTATION_CONTEXT() REPRESENTATION_CONTEXT('2D SPACE',''
  ) );
#319 = PCURVE('',#320,#325);
#320 = CYLINDRICAL_SURFACE('',#321,4.);
#321 = AXIS2_PLACEMENT_3D('',#322,#323,#324);
#322 = CARTESIAN_POINT('',(-230.,153.,75.));
#323 = DIRECTION('',(0.,-1.,0.));
#324 = DIRECTION('',(1.,0.,0.));
#325 = DEFINITIONAL_REPRESENTATION('',(#326),#329);
#326 = B_SPLINE_CURVE_WITH_KNOTS('',1,(#327,#328),.UNSPECIFIED.,.F.,.F.,
  (2,2),(0.,6.),.PIECEWISE_BEZIER_KNOTS.);
#327 = CARTESIAN_POINT('',(3.864326901403,0.));
#328 = CARTESIAN_POINT('',(3.864326901403,6.));
#329 = ( GEOMETRIC_REPRESENTATION_CONTEXT(2) 
PARAMETRIC_REPRESENTATION_CONTEXT() REPRESENTATION_CONTEXT('2D SPACE',''
  ) );
#330 = ORIENTED_EDGE('',*,*,#331,.F.);
#331 = EDGE_CURVE('',#332,#306,#334,.T.);
#332 = VERTEX_POINT('',#333);
#333 = CARTESIAN_POINT('',(-233.,147.,77.645751311065));
#334 = SURFACE_CURVE('',#335,(#339,#345),.PCURVE_S1.);
#335 = LINE('',#336,#337);
#336 = CARTESIAN_POINT('',(-233.,147.,36.));
#337 = VECTOR('',#338,1.);
#338 = DIRECTION('',(0.,-0.,-1.));
#339 = PCURVE('',#78,#340);
#340 = DEFINITIONAL_REPRESENTATION('',(#341),#344);
#341 = B_SPLINE_CURVE_WITH_KNOTS('',1,(#342,#343),.UNSPECIFIED.,.F.,.F.,
  (2,2),(-43.,-35.),.PIECEWISE_BEZIER_KNOTS.);
#342 = CARTESIAN_POINT('',(82.,-300.));
#343 = CARTESIAN_POINT('',(74.,-300.));
#344 = ( GEOMETRIC_REPRESENTATION_CONTEXT(2) 
PARAMETRIC_REPRESENTATION_CONTEXT() REPRESENTATION_CONTEXT('2D SPACE',''
  ) );
#345 = PCURVE('',#346,#351);
#346 = PLANE('',#347);
#347 = AXIS2_PLACEMENT_3D('',#348,#349,#350);
#348 = CARTESIAN_POINT('',(-230.,147.,75.));
#349 = DIRECTION('',(0.,-1.,0.));
#350 = DIRECTION('',(1.,0.,0.));
#351 = DEFINITIONAL_REPRESENTATION('',(#352),#355);
#352 = B_SPLINE_CURVE_WITH_KNOTS('',1,(#353,#354),.UNSPECIFIED.,.F.,.F.,
  (2,2),(-43.,-35.),.PIECEWISE_BEZIER_KNOTS.);
#353 = CARTESIAN_POINT('',(-3.,4.));
#354 = CARTESIAN_POINT('',(-3.,-4.));
#355 = ( GEOMETRIC_REPRESENTATION_CONTEXT(2) 
PARAMETRIC_REPRESENTATION_CONTEXT() REPRESENTATION_CONTEXT('2D SPACE',''
  ) );
#356 = ORIENTED_EDGE('',*,*,#357,.F.);
#357 = EDGE_CURVE('',#68,#332,#358,.T.);
#358 = SURFACE_CURVE('',#359,(#363,#369),.PCURVE_S1.);
#359 = LINE('',#360,#361);
#360 = CARTESIAN_POINT('',(-233.,153.,77.645751311065));
#361 = VECTOR('',#362,1.);
#362 = DIRECTION('',(0.,-1.,0.));
#363 = PCURVE('',#78,#364);
#364 = DEFINITIONAL_REPRESENTATION('',(#365),#368);
#365 = B_SPLINE_CURVE_WITH_KNOTS('',1,(#366,#367),.UNSPECIFIED.,.F.,.F.,
  (2,2),(-5.999999928008E-07,6.0000006),.PIECEWISE_BEZIER_KNOTS.);
#366 = CARTESIAN_POINT('',(80.645751311065,-306.0000006));
#367 = CARTESIAN_POINT('',(80.645751311065,-299.9999994));
#368 = ( GEOMETRIC_REPRESENTATION_CONTEXT(2) 
PARAMETRIC_REPRESENTATION_CONTEXT() REPRESENTATION_CONTEXT('2D SPACE',''
  ) );
#369 = PCURVE('',#320,#370);
#370 = DEFINITIONAL_REPRESENTATION('',(#371),#374);
#371 = B_SPLINE_CURVE_WITH_KNOTS('',1,(#372,#373),.UNSPECIFIED.,.F.,.F.,
  (2,2),(0.,6.),.PIECEWISE_BEZIER_KNOTS.);
#372 = CARTESIAN_POINT('',(8.702043712956,0.));
#373 = CARTESIAN_POINT('',(8.702043712956,6.));
#374 = ( GEOMETRIC_REPRESENTATION_CONTEXT(2) 
PARAMETRIC_REPRESENTATION_CONTEXT() REPRESENTATION_CONTEXT('2D SPACE',''
  ) );
#375 = ADVANCED_FACE('',(#376,#617,#652,#687,#722,#757,#792),#90,.T.);
#376 = FACE_BOUND('',#377,.T.);
#377 = EDGE_LOOP('',(#378,#401,#429,#462,#485,#518,#541,#562,#563,#589,
    #590,#616));
#378 = ORIENTED_EDGE('',*,*,#379,.T.);
#379 = EDGE_CURVE('',#70,#380,#382,.T.);
#380 = VERTEX_POINT('',#381);
#381 = CARTESIAN_POINT('',(233.,153.,200.));
#382 = SURFACE_CURVE('',#383,(#387,#394),.PCURVE_S1.);
#383 = LINE('',#384,#385);
#384 = CARTESIAN_POINT('',(-233.,153.,200.));
#385 = VECTOR('',#386,1.);
#386 = DIRECTION('',(1.,0.,-0.));
#387 = PCURVE('',#90,#388);
#388 = DEFINITIONAL_REPRESENTATION('',(#389),#393);
#389 = LINE('',#390,#391);
#390 = CARTESIAN_POINT('',(203.,0.));
#391 = VECTOR('',#392,1.);
#392 = DIRECTION('',(0.,1.));
#393 = ( GEOMETRIC_REPRESENTATION_CONTEXT(2) 
PARAMETRIC_REPRESENTATION_CONTEXT() REPRESENTATION_CONTEXT('2D SPACE',''
  ) );
#394 = PCURVE('',#118,#395);
#395 = DEFINITIONAL_REPRESENTATION('',(#396),#400);
#396 = LINE('',#397,#398);
#397 = CARTESIAN_POINT('',(0.,306.));
#398 = VECTOR('',#399,1.);
#399 = DIRECTION('',(1.,0.));
#400 = ( GEOMETRIC_REPRESENTATION_CONTEXT(2) 
PARAMETRIC_REPRESENTATION_CONTEXT() REPRESENTATION_CONTEXT('2D SPACE',''
  ) );
#401 = ORIENTED_EDGE('',*,*,#402,.F.);
#402 = EDGE_CURVE('',#403,#380,#405,.T.);
#403 = VERTEX_POINT('',#404);
#404 = CARTESIAN_POINT('',(233.,153.,77.645751311065));
#405 = SURFACE_CURVE('',#406,(#410,#417),.PCURVE_S1.);
#406 = LINE('',#407,#408);
#407 = CARTESIAN_POINT('',(233.,153.,-3.));
#408 = VECTOR('',#409,1.);
#409 = DIRECTION('',(0.,0.,1.));
#410 = PCURVE('',#90,#411);
#411 = DEFINITIONAL_REPRESENTATION('',(#412),#416);
#412 = LINE('',#413,#414);
#413 = CARTESIAN_POINT('',(0.,466.));
#414 = VECTOR('',#415,1.);
#415 = DIRECTION('',(1.,0.));
#416 = ( GEOMETRIC_REPRESENTATION_CONTEXT(2) 
PARAMETRIC_REPRESENTATION_CONTEXT() REPRESENTATION_CONTEXT('2D SPACE',''
  ) );
#417 = PCURVE('',#418,#423);
#418 = PLANE('',#419);
#419 = AXIS2_PLACEMENT_3D('',#420,#421,#422);
#420 = CARTESIAN_POINT('',(233.,-153.,-3.));
#421 = DIRECTION('',(1.,0.,-0.));
#422 = DIRECTION('',(0.,0.,1.));
#423 = DEFINITIONAL_REPRESENTATION('',(#424),#428);
#424 = LINE('',#425,#426);
#425 = CARTESIAN_POINT('',(0.,-306.));
#426 = VECTOR('',#427,1.);
#427 = DIRECTION('',(1.,0.));
#428 = ( GEOMETRIC_REPRESENTATION_CONTEXT(2) 
PARAMETRIC_REPRESENTATION_CONTEXT() REPRESENTATION_CONTEXT('2D SPACE',''
  ) );
#429 = ORIENTED_EDGE('',*,*,#430,.T.);
#430 = EDGE_CURVE('',#403,#431,#433,.T.);
#431 = VERTEX_POINT('',#432);
#432 = CARTESIAN_POINT('',(233.,153.,72.354248688935));
#433 = SURFACE_CURVE('',#434,(#439,#450),.PCURVE_S1.);
#434 = CIRCLE('',#435,4.);
#435 = AXIS2_PLACEMENT_3D('',#436,#437,#438);
#436 = CARTESIAN_POINT('',(230.,153.,75.));
#437 = DIRECTION('',(0.,-1.,0.));
#438 = DIRECTION('',(1.,0.,0.));
#439 = PCURVE('',#90,#440);
#440 = DEFINITIONAL_REPRESENTATION('',(#441),#449);
#441 = ( BOUNDED_CURVE() B_SPLINE_CURVE(2,(#442,#443,#444,#445,#446,#447
,#448),.UNSPECIFIED.,.T.,.F.) B_SPLINE_CURVE_WITH_KNOTS((1,2,2,2,2,1),(
    -2.094395102393,0.,2.094395102393,4.188790204786,6.28318530718,
8.377580409573),.UNSPECIFIED.) CURVE() GEOMETRIC_REPRESENTATION_ITEM() 
RATIONAL_B_SPLINE_CURVE((1.,0.5,1.,0.5,1.,0.5,1.)) REPRESENTATION_ITEM(
  '') );
#442 = CARTESIAN_POINT('',(78.,467.));
#443 = CARTESIAN_POINT('',(84.928203230275,467.));
#444 = CARTESIAN_POINT('',(81.464101615138,461.));
#445 = CARTESIAN_POINT('',(78.,455.));
#446 = CARTESIAN_POINT('',(74.535898384862,461.));
#447 = CARTESIAN_POINT('',(71.071796769724,467.));
#448 = CARTESIAN_POINT('',(78.,467.));
#449 = ( GEOMETRIC_REPRESENTATION_CONTEXT(2) 
PARAMETRIC_REPRESENTATION_CONTEXT() REPRESENTATION_CONTEXT('2D SPACE',''
  ) );
#450 = PCURVE('',#451,#456);
#451 = CYLINDRICAL_SURFACE('',#452,4.);
#452 = AXIS2_PLACEMENT_3D('',#453,#454,#455);
#453 = CARTESIAN_POINT('',(230.,153.,75.));
#454 = DIRECTION('',(0.,-1.,0.));
#455 = DIRECTION('',(1.,0.,0.));
#456 = DEFINITIONAL_REPRESENTATION('',(#457),#461);
#457 = LINE('',#458,#459);
#458 = CARTESIAN_POINT('',(0.,0.));
#459 = VECTOR('',#460,1.);
#460 = DIRECTION('',(1.,0.));
#461 = ( GEOMETRIC_REPRESENTATION_CONTEXT(2) 
PARAMETRIC_REPRESENTATION_CONTEXT() REPRESENTATION_CONTEXT('2D SPACE',''
  ) );
#462 = ORIENTED_EDGE('',*,*,#463,.F.);
#463 = EDGE_CURVE('',#464,#431,#466,.T.);
#464 = VERTEX_POINT('',#465);
#465 = CARTESIAN_POINT('',(233.,153.,32.645751311065));
#466 = SURFACE_CURVE('',#467,(#471,#478),.PCURVE_S1.);
#467 = LINE('',#468,#469);
#468 = CARTESIAN_POINT('',(233.,153.,-3.));
#469 = VECTOR('',#470,1.);
#470 = DIRECTION('',(0.,0.,1.));
#471 = PCURVE('',#90,#472);
#472 = DEFINITIONAL_REPRESENTATION('',(#473),#477);
#473 = LINE('',#474,#475);
#474 = CARTESIAN_POINT('',(0.,466.));
#475 = VECTOR('',#476,1.);
#476 = DIRECTION('',(1.,0.));
#477 = ( GEOMETRIC_REPRESENTATION_CONTEXT(2) 
PARAMETRIC_REPRESENTATION_CONTEXT() REPRESENTATION_CONTEXT('2D SPACE',''
  ) );
#478 = PCURVE('',#418,#479);
#479 = DEFINITIONAL_REPRESENTATION('',(#480),#484);
#480 = LINE('',#481,#482);
#481 = CARTESIAN_POINT('',(0.,-306.));
#482 = VECTOR('',#483,1.);
#483 = DIRECTION('',(1.,0.));
#484 = ( GEOMETRIC_REPRESENTATION_CONTEXT(2) 
PARAMETRIC_REPRESENTATION_CONTEXT() REPRESENTATION_CONTEXT('2D SPACE',''
  ) );
#485 = ORIENTED_EDGE('',*,*,#486,.T.);
#486 = EDGE_CURVE('',#464,#487,#489,.T.);
#487 = VERTEX_POINT('',#488);
#488 = CARTESIAN_POINT('',(233.,153.,27.354248688935));
#489 = SURFACE_CURVE('',#490,(#495,#506),.PCURVE_S1.);
#490 = CIRCLE('',#491,4.);
#491 = AXIS2_PLACEMENT_3D('',#492,#493,#494);
#492 = CARTESIAN_POINT('',(230.,153.,30.));
#493 = DIRECTION('',(0.,-1.,0.));
#494 = DIRECTION('',(1.,0.,0.));
#495 = PCURVE('',#90,#496);
#496 = DEFINITIONAL_REPRESENTATION('',(#497),#505);
#497 = ( BOUNDED_CURVE() B_SPLINE_CURVE(2,(#498,#499,#500,#501,#502,#503
,#504),.UNSPECIFIED.,.T.,.F.) B_SPLINE_CURVE_WITH_KNOTS((1,2,2,2,2,1),(
    -2.094395102393,0.,2.094395102393,4.188790204786,6.28318530718,
8.377580409573),.UNSPECIFIED.) CURVE() GEOMETRIC_REPRESENTATION_ITEM() 
RATIONAL_B_SPLINE_CURVE((1.,0.5,1.,0.5,1.,0.5,1.)) REPRESENTATION_ITEM(
  '') );
#498 = CARTESIAN_POINT('',(33.,467.));
#499 = CARTESIAN_POINT('',(39.928203230276,467.));
#500 = CARTESIAN_POINT('',(36.464101615138,461.));
#501 = CARTESIAN_POINT('',(33.,455.));
#502 = CARTESIAN_POINT('',(29.535898384862,461.));
#503 = CARTESIAN_POINT('',(26.071796769724,467.));
#504 = CARTESIAN_POINT('',(33.,467.));
#505 = ( GEOMETRIC_REPRESENTATION_CONTEXT(2) 
PARAMETRIC_REPRESENTATION_CONTEXT() REPRESENTATION_CONTEXT('2D SPACE',''
  ) );
#506 = PCURVE('',#507,#512);
#507 = CYLINDRICAL_SURFACE('',#508,4.);
#508 = AXIS2_PLACEMENT_3D('',#509,#510,#511);
#509 = CARTESIAN_POINT('',(230.,153.,30.));
#510 = DIRECTION('',(0.,-1.,0.));
#511 = DIRECTION('',(1.,0.,0.));
#512 = DEFINITIONAL_REPRESENTATION('',(#513),#517);
#513 = LINE('',#514,#515);
#514 = CARTESIAN_POINT('',(0.,0.));
#515 = VECTOR('',#516,1.);
#516 = DIRECTION('',(1.,0.));
#517 = ( GEOMETRIC_REPRESENTATION_CONTEXT(2) 
PARAMETRIC_REPRESENTATION_CONTEXT() REPRESENTATION_CONTEXT('2D SPACE',''
  ) );
#518 = ORIENTED_EDGE('',*,*,#519,.F.);
#519 = EDGE_CURVE('',#520,#487,#522,.T.);
#520 = VERTEX_POINT('',#521);
#521 = CARTESIAN_POINT('',(233.,153.,-3.));
#522 = SURFACE_CURVE('',#523,(#527,#534),.PCURVE_S1.);
#523 = LINE('',#524,#525);
#524 = CARTESIAN_POINT('',(233.,153.,-3.));
#525 = VECTOR('',#526,1.);
#526 = DIRECTION('',(0.,0.,1.));
#527 = PCURVE('',#90,#528);
#528 = DEFINITIONAL_REPRESENTATION('',(#529),#533);
#529 = LINE('',#530,#531);
#530 = CARTESIAN_POINT('',(0.,466.));
#531 = VECTOR('',#532,1.);
#532 = DIRECTION('',(1.,0.));
#533 = ( GEOMETRIC_REPRESENTATION_CONTEXT(2) 
PARAMETRIC_REPRESENTATION_CONTEXT() REPRESENTATION_CONTEXT('2D SPACE',''
  ) );
#534 = PCURVE('',#418,#535);
#535 = DEFINITIONAL_REPRESENTATION('',(#536),#540);
#536 = LINE('',#537,#538);
#537 = CARTESIAN_POINT('',(0.,-306.));
#538 = VECTOR('',#539,1.);
#539 = DIRECTION('',(1.,0.));
#540 = ( GEOMETRIC_REPRESENTATION_CONTEXT(2) 
PARAMETRIC_REPRESENTATION_CONTEXT() REPRESENTATION_CONTEXT('2D SPACE',''
  ) );
#541 = ORIENTED_EDGE('',*,*,#542,.F.);
#542 = EDGE_CURVE('',#159,#520,#543,.T.);
#543 = SURFACE_CURVE('',#544,(#548,#555),.PCURVE_S1.);
#544 = LINE('',#545,#546);
#545 = CARTESIAN_POINT('',(-233.,153.,-3.));
#546 = VECTOR('',#547,1.);
#547 = DIRECTION('',(1.,0.,-0.));
#548 = PCURVE('',#90,#549);
#549 = DEFINITIONAL_REPRESENTATION('',(#550),#554);
#550 = LINE('',#551,#552);
#551 = CARTESIAN_POINT('',(0.,0.));
#552 = VECTOR('',#553,1.);
#553 = DIRECTION('',(0.,1.));
#554 = ( GEOMETRIC_REPRESENTATION_CONTEXT(2) 
PARAMETRIC_REPRESENTATION_CONTEXT() REPRESENTATION_CONTEXT('2D SPACE',''
  ) );
#555 = PCURVE('',#174,#556);
#556 = DEFINITIONAL_REPRESENTATION('',(#557),#561);
#557 = LINE('',#558,#559);
#558 = CARTESIAN_POINT('',(0.,306.));
#559 = VECTOR('',#560,1.);
#560 = DIRECTION('',(1.,0.));
#561 = ( GEOMETRIC_REPRESENTATION_CONTEXT(2) 
PARAMETRIC_REPRESENTATION_CONTEXT() REPRESENTATION_CONTEXT('2D SPACE',''
  ) );
#562 = ORIENTED_EDGE('',*,*,#186,.T.);
#563 = ORIENTED_EDGE('',*,*,#564,.T.);
#564 = EDGE_CURVE('',#187,#262,#565,.T.);
#565 = SURFACE_CURVE('',#566,(#571,#582),.PCURVE_S1.);
#566 = CIRCLE('',#567,4.);
#567 = AXIS2_PLACEMENT_3D('',#568,#569,#570);
#568 = CARTESIAN_POINT('',(-230.,153.,30.));
#569 = DIRECTION('',(0.,-1.,-0.));
#570 = DIRECTION('',(-0.75,0.,-0.661437827766));
#571 = PCURVE('',#90,#572);
#572 = DEFINITIONAL_REPRESENTATION('',(#573),#581);
#573 = ( BOUNDED_CURVE() B_SPLINE_CURVE(2,(#574,#575,#576,#577,#578,#579
,#580),.UNSPECIFIED.,.T.,.F.) B_SPLINE_CURVE_WITH_KNOTS((1,2,2,2,2,1),(
    -2.094395102393,0.,2.094395102393,4.188790204786,6.28318530718,
8.377580409573),.UNSPECIFIED.) CURVE() GEOMETRIC_REPRESENTATION_ITEM() 
RATIONAL_B_SPLINE_CURVE((1.,0.5,1.,0.5,1.,0.5,1.)) REPRESENTATION_ITEM(
  '') );
#574 = CARTESIAN_POINT('',(30.354248688935,-1.287858708565E-14));
#575 = CARTESIAN_POINT('',(25.158096266229,4.582575694956));
#576 = CARTESIAN_POINT('',(31.724799444179,6.791287847478));
#577 = CARTESIAN_POINT('',(38.291502622129,9.));
#578 = CARTESIAN_POINT('',(36.920951866886,2.208712152522));
#579 = CARTESIAN_POINT('',(35.550401111642,-4.582575694956));
#580 = CARTESIAN_POINT('',(30.354248688935,-1.287858708565E-14));
#581 = ( GEOMETRIC_REPRESENTATION_CONTEXT(2) 
PARAMETRIC_REPRESENTATION_CONTEXT() REPRESENTATION_CONTEXT('2D SPACE',''
  ) );
#582 = PCURVE('',#224,#583);
#583 = DEFINITIONAL_REPRESENTATION('',(#584),#588);
#584 = LINE('',#585,#586);
#585 = CARTESIAN_POINT('',(3.864326901403,0.));
#586 = VECTOR('',#587,1.);
#587 = DIRECTION('',(1.,0.));
#588 = ( GEOMETRIC_REPRESENTATION_CONTEXT(2) 
PARAMETRIC_REPRESENTATION_CONTEXT() REPRESENTATION_CONTEXT('2D SPACE',''
  ) );
#589 = ORIENTED_EDGE('',*,*,#282,.T.);
#590 = ORIENTED_EDGE('',*,*,#591,.T.);
#591 = EDGE_CURVE('',#283,#68,#592,.T.);
#592 = SURFACE_CURVE('',#593,(#598,#609),.PCURVE_S1.);
#593 = CIRCLE('',#594,4.);
#594 = AXIS2_PLACEMENT_3D('',#595,#596,#597);
#595 = CARTESIAN_POINT('',(-230.,153.,75.));
#596 = DIRECTION('',(0.,-1.,-0.));
#597 = DIRECTION('',(-0.75,0.,-0.661437827766));
#598 = PCURVE('',#90,#599);
#599 = DEFINITIONAL_REPRESENTATION('',(#600),#608);
#600 = ( BOUNDED_CURVE() B_SPLINE_CURVE(2,(#601,#602,#603,#604,#605,#606
,#607),.UNSPECIFIED.,.T.,.F.) B_SPLINE_CURVE_WITH_KNOTS((1,2,2,2,2,1),(
    -2.094395102393,0.,2.094395102393,4.188790204786,6.28318530718,
8.377580409573),.UNSPECIFIED.) CURVE() GEOMETRIC_REPRESENTATION_ITEM() 
RATIONAL_B_SPLINE_CURVE((1.,0.5,1.,0.5,1.,0.5,1.)) REPRESENTATION_ITEM(
  '') );
#601 = CARTESIAN_POINT('',(75.354248688935,-1.287858708565E-14));
#602 = CARTESIAN_POINT('',(70.158096266229,4.582575694956));
#603 = CARTESIAN_POINT('',(76.724799444179,6.791287847478));
#604 = CARTESIAN_POINT('',(83.291502622129,9.));
#605 = CARTESIAN_POINT('',(81.920951866886,2.208712152522));
#606 = CARTESIAN_POINT('',(80.550401111642,-4.582575694956));
#607 = CARTESIAN_POINT('',(75.354248688935,-1.287858708565E-14));
#608 = ( GEOMETRIC_REPRESENTATION_CONTEXT(2) 
PARAMETRIC_REPRESENTATION_CONTEXT() REPRESENTATION_CONTEXT('2D SPACE',''
  ) );
#609 = PCURVE('',#320,#610);
#610 = DEFINITIONAL_REPRESENTATION('',(#611),#615);
#611 = LINE('',#612,#613);
#612 = CARTESIAN_POINT('',(3.864326901403,0.));
#613 = VECTOR('',#614,1.);
#614 = DIRECTION('',(1.,0.));
#615 = ( GEOMETRIC_REPRESENTATION_CONTEXT(2) 
PARAMETRIC_REPRESENTATION_CONTEXT() REPRESENTATION_CONTEXT('2D SPACE',''
  ) );
#616 = ORIENTED_EDGE('',*,*,#67,.T.);
#617 = FACE_BOUND('',#618,.T.);
#618 = EDGE_LOOP('',(#619));
#619 = ORIENTED_EDGE('',*,*,#620,.T.);
#620 = EDGE_CURVE('',#621,#621,#623,.T.);
#621 = VERTEX_POINT('',#622);
#622 = CARTESIAN_POINT('',(-111.,153.,30.));
#623 = SURFACE_CURVE('',#624,(#629,#640),.PCURVE_S1.);
#624 = CIRCLE('',#625,4.);
#625 = AXIS2_PLACEMENT_3D('',#626,#627,#628);
#626 = CARTESIAN_POINT('',(-115.,153.,30.));
#627 = DIRECTION('',(0.,-1.,0.));
#628 = DIRECTION('',(1.,0.,0.));
#629 = PCURVE('',#90,#630);
#630 = DEFINITIONAL_REPRESENTATION('',(#631),#639);
#631 = ( BOUNDED_CURVE() B_SPLINE_CURVE(2,(#632,#633,#634,#635,#636,#637
,#638),.UNSPECIFIED.,.T.,.F.) B_SPLINE_CURVE_WITH_KNOTS((1,2,2,2,2,1),(
    -2.094395102393,0.,2.094395102393,4.188790204786,6.28318530718,
8.377580409573),.UNSPECIFIED.) CURVE() GEOMETRIC_REPRESENTATION_ITEM() 
RATIONAL_B_SPLINE_CURVE((1.,0.5,1.,0.5,1.,0.5,1.)) REPRESENTATION_ITEM(
  '') );
#632 = CARTESIAN_POINT('',(33.,122.));
#633 = CARTESIAN_POINT('',(39.928203230276,122.));
#634 = CARTESIAN_POINT('',(36.464101615138,116.));
#635 = CARTESIAN_POINT('',(33.,110.));
#636 = CARTESIAN_POINT('',(29.535898384862,116.));
#637 = CARTESIAN_POINT('',(26.071796769724,122.));
#638 = CARTESIAN_POINT('',(33.,122.));
#639 = ( GEOMETRIC_REPRESENTATION_CONTEXT(2) 
PARAMETRIC_REPRESENTATION_CONTEXT() REPRESENTATION_CONTEXT('2D SPACE',''
  ) );
#640 = PCURVE('',#641,#646);
#641 = CYLINDRICAL_SURFACE('',#642,4.);
#642 = AXIS2_PLACEMENT_3D('',#643,#644,#645);
#643 = CARTESIAN_POINT('',(-115.,153.,30.));
#644 = DIRECTION('',(0.,-1.,0.));
#645 = DIRECTION('',(1.,0.,0.));
#646 = DEFINITIONAL_REPRESENTATION('',(#647),#651);
#647 = LINE('',#648,#649);
#648 = CARTESIAN_POINT('',(0.,0.));
#649 = VECTOR('',#650,1.);
#650 = DIRECTION('',(1.,0.));
#651 = ( GEOMETRIC_REPRESENTATION_CONTEXT(2) 
PARAMETRIC_REPRESENTATION_CONTEXT() REPRESENTATION_CONTEXT('2D SPACE',''
  ) );
#652 = FACE_BOUND('',#653,.T.);
#653 = EDGE_LOOP('',(#654));
#654 = ORIENTED_EDGE('',*,*,#655,.T.);
#655 = EDGE_CURVE('',#656,#656,#658,.T.);
#656 = VERTEX_POINT('',#657);
#657 = CARTESIAN_POINT('',(-111.,153.,75.));
#658 = SURFACE_CURVE('',#659,(#664,#675),.PCURVE_S1.);
#659 = CIRCLE('',#660,4.);
#660 = AXIS2_PLACEMENT_3D('',#661,#662,#663);
#661 = CARTESIAN_POINT('',(-115.,153.,75.));
#662 = DIRECTION('',(0.,-1.,0.));
#663 = DIRECTION('',(1.,0.,0.));
#664 = PCURVE('',#90,#665);
#665 = DEFINITIONAL_REPRESENTATION('',(#666),#674);
#666 = ( BOUNDED_CURVE() B_SPLINE_CURVE(2,(#667,#668,#669,#670,#671,#672
,#673),.UNSPECIFIED.,.T.,.F.) B_SPLINE_CURVE_WITH_KNOTS((1,2,2,2,2,1),(
    -2.094395102393,0.,2.094395102393,4.188790204786,6.28318530718,
8.377580409573),.UNSPECIFIED.) CURVE() GEOMETRIC_REPRESENTATION_ITEM() 
RATIONAL_B_SPLINE_CURVE((1.,0.5,1.,0.5,1.,0.5,1.)) REPRESENTATION_ITEM(
  '') );
#667 = CARTESIAN_POINT('',(78.,122.));
#668 = CARTESIAN_POINT('',(84.928203230275,122.));
#669 = CARTESIAN_POINT('',(81.464101615138,116.));
#670 = CARTESIAN_POINT('',(78.,110.));
#671 = CARTESIAN_POINT('',(74.535898384862,116.));
#672 = CARTESIAN_POINT('',(71.071796769724,122.));
#673 = CARTESIAN_POINT('',(78.,122.));
#674 = ( GEOMETRIC_REPRESENTATION_CONTEXT(2) 
PARAMETRIC_REPRESENTATION_CONTEXT() REPRESENTATION_CONTEXT('2D SPACE',''
  ) );
#675 = PCURVE('',#676,#681);
#676 = CYLINDRICAL_SURFACE('',#677,4.);
#677 = AXIS2_PLACEMENT_3D('',#678,#679,#680);
#678 = CARTESIAN_POINT('',(-115.,153.,75.));
#679 = DIRECTION('',(0.,-1.,0.));
#680 = DIRECTION('',(1.,0.,0.));
#681 = DEFINITIONAL_REPRESENTATION('',(#682),#686);
#682 = LINE('',#683,#684);
#683 = CARTESIAN_POINT('',(0.,0.));
#684 = VECTOR('',#685,1.);
#685 = DIRECTION('',(1.,0.));
#686 = ( GEOMETRIC_REPRESENTATION_CONTEXT(2) 
PARAMETRIC_REPRESENTATION_CONTEXT() REPRESENTATION_CONTEXT('2D SPACE',''
  ) );
#687 = FACE_BOUND('',#688,.T.);
#688 = EDGE_LOOP('',(#689));
#689 = ORIENTED_EDGE('',*,*,#690,.T.);
#690 = EDGE_CURVE('',#691,#691,#693,.T.);
#691 = VERTEX_POINT('',#692);
#692 = CARTESIAN_POINT('',(4.,153.,30.));
#693 = SURFACE_CURVE('',#694,(#699,#710),.PCURVE_S1.);
#694 = CIRCLE('',#695,4.);
#695 = AXIS2_PLACEMENT_3D('',#696,#697,#698);
#696 = CARTESIAN_POINT('',(0.,153.,30.));
#697 = DIRECTION('',(0.,-1.,0.));
#698 = DIRECTION('',(1.,0.,0.));
#699 = PCURVE('',#90,#700);
#700 = DEFINITIONAL_REPRESENTATION('',(#701),#709);
#701 = ( BOUNDED_CURVE() B_SPLINE_CURVE(2,(#702,#703,#704,#705,#706,#707
,#708),.UNSPECIFIED.,.T.,.F.) B_SPLINE_CURVE_WITH_KNOTS((1,2,2,2,2,1),(
    -2.094395102393,0.,2.094395102393,4.188790204786,6.28318530718,
8.377580409573),.UNSPECIFIED.) CURVE() GEOMETRIC_REPRESENTATION_ITEM() 
RATIONAL_B_SPLINE_CURVE((1.,0.5,1.,0.5,1.,0.5,1.)) REPRESENTATION_ITEM(
  '') );
#702 = CARTESIAN_POINT('',(33.,237.));
#703 = CARTESIAN_POINT('',(39.928203230276,237.));
#704 = CARTESIAN_POINT('',(36.464101615138,231.));
#705 = CARTESIAN_POINT('',(33.,225.));
#706 = CARTESIAN_POINT('',(29.535898384862,231.));
#707 = CARTESIAN_POINT('',(26.071796769724,237.));
#708 = CARTESIAN_POINT('',(33.,237.));
#709 = ( GEOMETRIC_REPRESENTATION_CONTEXT(2) 
PARAMETRIC_REPRESENTATION_CONTEXT() REPRESENTATION_CONTEXT('2D SPACE',''
  ) );
#710 = PCURVE('',#711,#716);
#711 = CYLINDRICAL_SURFACE('',#712,4.);
#712 = AXIS2_PLACEMENT_3D('',#713,#714,#715);
#713 = CARTESIAN_POINT('',(0.,153.,30.));
#714 = DIRECTION('',(0.,-1.,0.));
#715 = DIRECTION('',(1.,0.,0.));
#716 = DEFINITIONAL_REPRESENTATION('',(#717),#721);
#717 = LINE('',#718,#719);
#718 = CARTESIAN_POINT('',(0.,0.));
#719 = VECTOR('',#720,1.);
#720 = DIRECTION('',(1.,0.));
#721 = ( GEOMETRIC_REPRESENTATION_CONTEXT(2) 
PARAMETRIC_REPRESENTATION_CONTEXT() REPRESENTATION_CONTEXT('2D SPACE',''
  ) );
#722 = FACE_BOUND('',#723,.T.);
#723 = EDGE_LOOP('',(#724));
#724 = ORIENTED_EDGE('',*,*,#725,.T.);
#725 = EDGE_CURVE('',#726,#726,#728,.T.);
#726 = VERTEX_POINT('',#727);
#727 = CARTESIAN_POINT('',(119.,153.,30.));
#728 = SURFACE_CURVE('',#729,(#734,#745),.PCURVE_S1.);
#729 = CIRCLE('',#730,4.);
#730 = AXIS2_PLACEMENT_3D('',#731,#732,#733);
#731 = CARTESIAN_POINT('',(115.,153.,30.));
#732 = DIRECTION('',(0.,-1.,0.));
#733 = DIRECTION('',(1.,0.,0.));
#734 = PCURVE('',#90,#735);
#735 = DEFINITIONAL_REPRESENTATION('',(#736),#744);
#736 = ( BOUNDED_CURVE() B_SPLINE_CURVE(2,(#737,#738,#739,#740,#741,#742
,#743),.UNSPECIFIED.,.T.,.F.) B_SPLINE_CURVE_WITH_KNOTS((1,2,2,2,2,1),(
    -2.094395102393,0.,2.094395102393,4.188790204786,6.28318530718,
8.377580409573),.UNSPECIFIED.) CURVE() GEOMETRIC_REPRESENTATION_ITEM() 
RATIONAL_B_SPLINE_CURVE((1.,0.5,1.,0.5,1.,0.5,1.)) REPRESENTATION_ITEM(
  '') );
#737 = CARTESIAN_POINT('',(33.,352.));
#738 = CARTESIAN_POINT('',(39.928203230276,352.));
#739 = CARTESIAN_POINT('',(36.464101615138,346.));
#740 = CARTESIAN_POINT('',(33.,340.));
#741 = CARTESIAN_POINT('',(29.535898384862,346.));
#742 = CARTESIAN_POINT('',(26.071796769724,352.));
#743 = CARTESIAN_POINT('',(33.,352.));
#744 = ( GEOMETRIC_REPRESENTATION_CONTEXT(2) 
PARAMETRIC_REPRESENTATION_CONTEXT() REPRESENTATION_CONTEXT('2D SPACE',''
  ) );
#745 = PCURVE('',#746,#751);
#746 = CYLINDRICAL_SURFACE('',#747,4.);
#747 = AXIS2_PLACEMENT_3D('',#748,#749,#750);
#748 = CARTESIAN_POINT('',(115.,153.,30.));
#749 = DIRECTION('',(0.,-1.,0.));
#750 = DIRECTION('',(1.,0.,0.));
#751 = DEFINITIONAL_REPRESENTATION('',(#752),#756);
#752 = LINE('',#753,#754);
#753 = CARTESIAN_POINT('',(0.,0.));
#754 = VECTOR('',#755,1.);
#755 = DIRECTION('',(1.,0.));
#756 = ( GEOMETRIC_REPRESENTATION_CONTEXT(2) 
PARAMETRIC_REPRESENTATION_CONTEXT() REPRESENTATION_CONTEXT('2D SPACE',''
  ) );
#757 = FACE_BOUND('',#758,.T.);
#758 = EDGE_LOOP('',(#759));
#759 = ORIENTED_EDGE('',*,*,#760,.T.);
#760 = EDGE_CURVE('',#761,#761,#763,.T.);
#761 = VERTEX_POINT('',#762);
#762 = CARTESIAN_POINT('',(4.,153.,75.));
#763 = SURFACE_CURVE('',#764,(#769,#780),.PCURVE_S1.);
#764 = CIRCLE('',#765,4.);
#765 = AXIS2_PLACEMENT_3D('',#766,#767,#768);
#766 = CARTESIAN_POINT('',(0.,153.,75.));
#767 = DIRECTION('',(0.,-1.,0.));
#768 = DIRECTION('',(1.,0.,0.));
#769 = PCURVE('',#90,#770);
#770 = DEFINITIONAL_REPRESENTATION('',(#771),#779);
#771 = ( BOUNDED_CURVE() B_SPLINE_CURVE(2,(#772,#773,#774,#775,#776,#777
,#778),.UNSPECIFIED.,.T.,.F.) B_SPLINE_CURVE_WITH_KNOTS((1,2,2,2,2,1),(
    -2.094395102393,0.,2.094395102393,4.188790204786,6.28318530718,
8.377580409573),.UNSPECIFIED.) CURVE() GEOMETRIC_REPRESENTATION_ITEM() 
RATIONAL_B_SPLINE_CURVE((1.,0.5,1.,0.5,1.,0.5,1.)) REPRESENTATION_ITEM(
  '') );
#772 = CARTESIAN_POINT('',(78.,237.));
#773 = CARTESIAN_POINT('',(84.928203230275,237.));
#774 = CARTESIAN_POINT('',(81.464101615138,231.));
#775 = CARTESIAN_POINT('',(78.,225.));
#776 = CARTESIAN_POINT('',(74.535898384862,231.));
#777 = CARTESIAN_POINT('',(71.071796769724,237.));
#778 = CARTESIAN_POINT('',(78.,237.));
#779 = ( GEOMETRIC_REPRESENTATION_CONTEXT(2) 
PARAMETRIC_REPRESENTATION_CONTEXT() REPRESENTATION_CONTEXT('2D SPACE',''
  ) );
#780 = PCURVE('',#781,#786);
#781 = CYLINDRICAL_SURFACE('',#782,4.);
#782 = AXIS2_PLACEMENT_3D('',#783,#784,#785);
#783 = CARTESIAN_POINT('',(0.,153.,75.));
#784 = DIRECTION('',(0.,-1.,0.));
#785 = DIRECTION('',(1.,0.,0.));
#786 = DEFINITIONAL_REPRESENTATION('',(#787),#791);
#787 = LINE('',#788,#789);
#788 = CARTESIAN_POINT('',(0.,0.));
#789 = VECTOR('',#790,1.);
#790 = DIRECTION('',(1.,0.));
#791 = ( GEOMETRIC_REPRESENTATION_CONTEXT(2) 
PARAMETRIC_REPRESENTATION_CONTEXT() REPRESENTATION_CONTEXT('2D SPACE',''
  ) );
#792 = FACE_BOUND('',#793,.T.);
#793 = EDGE_LOOP('',(#794));
#794 = ORIENTED_EDGE('',*,*,#795,.T.);
#795 = EDGE_CURVE('',#796,#796,#798,.T.);
#796 = VERTEX_POINT('',#797);
#797 = CARTESIAN_POINT('',(119.,153.,75.));
#798 = SURFACE_CURVE('',#799,(#804,#815),.PCURVE_S1.);
#799 = CIRCLE('',#800,4.);
#800 = AXIS2_PLACEMENT_3D('',#801,#802,#803);
#801 = CARTESIAN_POINT('',(115.,153.,75.));
#802 = DIRECTION('',(0.,-1.,0.));
#803 = DIRECTION('',(1.,0.,0.));
#804 = PCURVE('',#90,#805);
#805 = DEFINITIONAL_REPRESENTATION('',(#806),#814);
#806 = ( BOUNDED_CURVE() B_SPLINE_CURVE(2,(#807,#808,#809,#810,#811,#812
,#813),.UNSPECIFIED.,.T.,.F.) B_SPLINE_CURVE_WITH_KNOTS((1,2,2,2,2,1),(
    -2.094395102393,0.,2.094395102393,4.188790204786,6.28318530718,
8.377580409573),.UNSPECIFIED.) CURVE() GEOMETRIC_REPRESENTATION_ITEM() 
RATIONAL_B_SPLINE_CURVE((1.,0.5,1.,0.5,1.,0.5,1.)) REPRESENTATION_ITEM(
  '') );
#807 = CARTESIAN_POINT('',(78.,352.));
#808 = CARTESIAN_POINT('',(84.928203230275,352.));
#809 = CARTESIAN_POINT('',(81.464101615138,346.));
#810 = CARTESIAN_POINT('',(78.,340.));
#811 = CARTESIAN_POINT('',(74.535898384862,346.));
#812 = CARTESIAN_POINT('',(71.071796769724,352.));
#813 = CARTESIAN_POINT('',(78.,352.));
#814 = ( GEOMETRIC_REPRESENTATION_CONTEXT(2) 
PARAMETRIC_REPRESENTATION_CONTEXT() REPRESENTATION_CONTEXT('2D SPACE',''
  ) );
#815 = PCURVE('',#816,#821);
#816 = CYLINDRICAL_SURFACE('',#817,4.);
#817 = AXIS2_PLACEMENT_3D('',#818,#819,#820);
#818 = CARTESIAN_POINT('',(115.,153.,75.));
#819 = DIRECTION('',(0.,-1.,0.));
#820 = DIRECTION('',(1.,0.,0.));
#821 = DEFINITIONAL_REPRESENTATION('',(#822),#826);
#822 = LINE('',#823,#824);
#823 = CARTESIAN_POINT('',(0.,0.));
#824 = VECTOR('',#825,1.);
#825 = DIRECTION('',(1.,0.));
#826 = ( GEOMETRIC_REPRESENTATION_CONTEXT(2) 
PARAMETRIC_REPRESENTATION_CONTEXT() REPRESENTATION_CONTEXT('2D SPACE',''
  ) );
#827 = ADVANCED_FACE('',(#828),#320,.F.);
#828 = FACE_BOUND('',#829,.F.);
#829 = EDGE_LOOP('',(#830,#853,#879,#912,#933,#954,#955,#956));
#830 = ORIENTED_EDGE('',*,*,#831,.F.);
#831 = EDGE_CURVE('',#832,#332,#834,.T.);
#832 = VERTEX_POINT('',#833);
#833 = CARTESIAN_POINT('',(-230.,147.,79.));
#834 = SURFACE_CURVE('',#835,(#840,#846),.PCURVE_S1.);
#835 = CIRCLE('',#836,4.);
#836 = AXIS2_PLACEMENT_3D('',#837,#838,#839);
#837 = CARTESIAN_POINT('',(-230.,147.,75.));
#838 = DIRECTION('',(0.,-1.,0.));
#839 = DIRECTION('',(1.,0.,0.));
#840 = PCURVE('',#320,#841);
#841 = DEFINITIONAL_REPRESENTATION('',(#842),#845);
#842 = B_SPLINE_CURVE_WITH_KNOTS('',1,(#843,#844),.UNSPECIFIED.,.F.,.F.,
  (2,2),(1.570796326795,2.418858405776),.PIECEWISE_BEZIER_KNOTS.);
#843 = CARTESIAN_POINT('',(7.853981633974,6.));
#844 = CARTESIAN_POINT('',(8.702043712956,6.));
#845 = ( GEOMETRIC_REPRESENTATION_CONTEXT(2) 
PARAMETRIC_REPRESENTATION_CONTEXT() REPRESENTATION_CONTEXT('2D SPACE',''
  ) );
#846 = PCURVE('',#346,#847);
#847 = DEFINITIONAL_REPRESENTATION('',(#848),#852);
#848 = CIRCLE('',#849,4.);
#849 = AXIS2_PLACEMENT_2D('',#850,#851);
#850 = CARTESIAN_POINT('',(0.,0.));
#851 = DIRECTION('',(1.,0.));
#852 = ( GEOMETRIC_REPRESENTATION_CONTEXT(2) 
PARAMETRIC_REPRESENTATION_CONTEXT() REPRESENTATION_CONTEXT('2D SPACE',''
  ) );
#853 = ORIENTED_EDGE('',*,*,#854,.F.);
#854 = EDGE_CURVE('',#855,#832,#857,.T.);
#855 = VERTEX_POINT('',#856);
#856 = CARTESIAN_POINT('',(-230.,150.,79.));
#857 = SURFACE_CURVE('',#858,(#862,#868),.PCURVE_S1.);
#858 = LINE('',#859,#860);
#859 = CARTESIAN_POINT('',(-230.,153.,79.));
#860 = VECTOR('',#861,1.);
#861 = DIRECTION('',(0.,-1.,0.));
#862 = PCURVE('',#320,#863);
#863 = DEFINITIONAL_REPRESENTATION('',(#864),#867);
#864 = B_SPLINE_CURVE_WITH_KNOTS('',1,(#865,#866),.UNSPECIFIED.,.F.,.F.,
  (2,2),(3.,6.),.PIECEWISE_BEZIER_KNOTS.);
#865 = CARTESIAN_POINT('',(7.853981633974,3.));
#866 = CARTESIAN_POINT('',(7.853981633974,6.));
#867 = ( GEOMETRIC_REPRESENTATION_CONTEXT(2) 
PARAMETRIC_REPRESENTATION_CONTEXT() REPRESENTATION_CONTEXT('2D SPACE',''
  ) );
#868 = PCURVE('',#869,#874);
#869 = PLANE('',#870);
#870 = AXIS2_PLACEMENT_3D('',#871,#872,#873);
#871 = CARTESIAN_POINT('',(-230.,-150.,0.));
#872 = DIRECTION('',(1.,0.,-0.));
#873 = DIRECTION('',(0.,0.,1.));
#874 = DEFINITIONAL_REPRESENTATION('',(#875),#878);
#875 = B_SPLINE_CURVE_WITH_KNOTS('',1,(#876,#877),.UNSPECIFIED.,.F.,.F.,
  (2,2),(-5.999999928008E-07,6.0000006),.PIECEWISE_BEZIER_KNOTS.);
#876 = CARTESIAN_POINT('',(79.,-303.0000006));
#877 = CARTESIAN_POINT('',(79.,-296.9999994));
#878 = ( GEOMETRIC_REPRESENTATION_CONTEXT(2) 
PARAMETRIC_REPRESENTATION_CONTEXT() REPRESENTATION_CONTEXT('2D SPACE',''
  ) );
#879 = ORIENTED_EDGE('',*,*,#880,.F.);
#880 = EDGE_CURVE('',#881,#855,#883,.T.);
#881 = VERTEX_POINT('',#882);
#882 = CARTESIAN_POINT('',(-230.,150.,71.));
#883 = SURFACE_CURVE('',#884,(#889,#896),.PCURVE_S1.);
#884 = CIRCLE('',#885,4.);
#885 = AXIS2_PLACEMENT_3D('',#886,#887,#888);
#886 = CARTESIAN_POINT('',(-230.,150.,75.));
#887 = DIRECTION('',(0.,-1.,0.));
#888 = DIRECTION('',(0.,0.,-1.));
#889 = PCURVE('',#320,#890);
#890 = DEFINITIONAL_REPRESENTATION('',(#891),#895);
#891 = LINE('',#892,#893);
#892 = CARTESIAN_POINT('',(4.712388980385,3.));
#893 = VECTOR('',#894,1.);
#894 = DIRECTION('',(1.,0.));
#895 = ( GEOMETRIC_REPRESENTATION_CONTEXT(2) 
PARAMETRIC_REPRESENTATION_CONTEXT() REPRESENTATION_CONTEXT('2D SPACE',''
  ) );
#896 = PCURVE('',#897,#902);
#897 = PLANE('',#898);
#898 = AXIS2_PLACEMENT_3D('',#899,#900,#901);
#899 = CARTESIAN_POINT('',(-230.,150.,0.));
#900 = DIRECTION('',(-0.,1.,0.));
#901 = DIRECTION('',(0.,0.,1.));
#902 = DEFINITIONAL_REPRESENTATION('',(#903),#911);
#903 = ( BOUNDED_CURVE() B_SPLINE_CURVE(2,(#904,#905,#906,#907,#908,#909
,#910),.UNSPECIFIED.,.T.,.F.) B_SPLINE_CURVE_WITH_KNOTS((1,2,2,2,2,1),(
    -2.094395102393,0.,2.094395102393,4.188790204786,6.28318530718,
8.377580409573),.UNSPECIFIED.) CURVE() GEOMETRIC_REPRESENTATION_ITEM() 
RATIONAL_B_SPLINE_CURVE((1.,0.5,1.,0.5,1.,0.5,1.)) REPRESENTATION_ITEM(
  '') );
#904 = CARTESIAN_POINT('',(71.,0.));
#905 = CARTESIAN_POINT('',(71.,6.928203230276));
#906 = CARTESIAN_POINT('',(77.,3.464101615138));
#907 = CARTESIAN_POINT('',(83.,9.797174393179E-16));
#908 = CARTESIAN_POINT('',(77.,-3.464101615138));
#909 = CARTESIAN_POINT('',(71.,-6.928203230276));
#910 = CARTESIAN_POINT('',(71.,0.));
#911 = ( GEOMETRIC_REPRESENTATION_CONTEXT(2) 
PARAMETRIC_REPRESENTATION_CONTEXT() REPRESENTATION_CONTEXT('2D SPACE',''
  ) );
#912 = ORIENTED_EDGE('',*,*,#913,.T.);
#913 = EDGE_CURVE('',#881,#914,#916,.T.);
#914 = VERTEX_POINT('',#915);
#915 = CARTESIAN_POINT('',(-230.,147.,71.));
#916 = SURFACE_CURVE('',#917,(#921,#927),.PCURVE_S1.);
#917 = LINE('',#918,#919);
#918 = CARTESIAN_POINT('',(-230.,153.,71.));
#919 = VECTOR('',#920,1.);
#920 = DIRECTION('',(0.,-1.,0.));
#921 = PCURVE('',#320,#922);
#922 = DEFINITIONAL_REPRESENTATION('',(#923),#926);
#923 = B_SPLINE_CURVE_WITH_KNOTS('',1,(#924,#925),.UNSPECIFIED.,.F.,.F.,
  (2,2),(3.,6.),.PIECEWISE_BEZIER_KNOTS.);
#924 = CARTESIAN_POINT('',(4.712388980385,3.));
#925 = CARTESIAN_POINT('',(4.712388980385,6.));
#926 = ( GEOMETRIC_REPRESENTATION_CONTEXT(2) 
PARAMETRIC_REPRESENTATION_CONTEXT() REPRESENTATION_CONTEXT('2D SPACE',''
  ) );
#927 = PCURVE('',#869,#928);
#928 = DEFINITIONAL_REPRESENTATION('',(#929),#932);
#929 = B_SPLINE_CURVE_WITH_KNOTS('',1,(#930,#931),.UNSPECIFIED.,.F.,.F.,
  (2,2),(-5.999999928008E-07,6.0000006),.PIECEWISE_BEZIER_KNOTS.);
#930 = CARTESIAN_POINT('',(71.,-303.0000006));
#931 = CARTESIAN_POINT('',(71.,-296.9999994));
#932 = ( GEOMETRIC_REPRESENTATION_CONTEXT(2) 
PARAMETRIC_REPRESENTATION_CONTEXT() REPRESENTATION_CONTEXT('2D SPACE',''
  ) );
#933 = ORIENTED_EDGE('',*,*,#934,.F.);
#934 = EDGE_CURVE('',#306,#914,#935,.T.);
#935 = SURFACE_CURVE('',#936,(#941,#947),.PCURVE_S1.);
#936 = CIRCLE('',#937,4.);
#937 = AXIS2_PLACEMENT_3D('',#938,#939,#940);
#938 = CARTESIAN_POINT('',(-230.,147.,75.));
#939 = DIRECTION('',(0.,-1.,0.));
#940 = DIRECTION('',(1.,0.,0.));
#941 = PCURVE('',#320,#942);
#942 = DEFINITIONAL_REPRESENTATION('',(#943),#946);
#943 = B_SPLINE_CURVE_WITH_KNOTS('',1,(#944,#945),.UNSPECIFIED.,.F.,.F.,
  (2,2),(3.864326901403,4.712388980385),.PIECEWISE_BEZIER_KNOTS.);
#944 = CARTESIAN_POINT('',(3.864326901403,6.));
#945 = CARTESIAN_POINT('',(4.712388980385,6.));
#946 = ( GEOMETRIC_REPRESENTATION_CONTEXT(2) 
PARAMETRIC_REPRESENTATION_CONTEXT() REPRESENTATION_CONTEXT('2D SPACE',''
  ) );
#947 = PCURVE('',#346,#948);
#948 = DEFINITIONAL_REPRESENTATION('',(#949),#953);
#949 = CIRCLE('',#950,4.);
#950 = AXIS2_PLACEMENT_2D('',#951,#952);
#951 = CARTESIAN_POINT('',(0.,0.));
#952 = DIRECTION('',(1.,0.));
#953 = ( GEOMETRIC_REPRESENTATION_CONTEXT(2) 
PARAMETRIC_REPRESENTATION_CONTEXT() REPRESENTATION_CONTEXT('2D SPACE',''
  ) );
#954 = ORIENTED_EDGE('',*,*,#305,.F.);
#955 = ORIENTED_EDGE('',*,*,#591,.T.);
#956 = ORIENTED_EDGE('',*,*,#357,.T.);
#957 = ADVANCED_FACE('',(#958),#346,.F.);
#958 = FACE_BOUND('',#959,.F.);
#959 = EDGE_LOOP('',(#960,#979,#980,#981));
#960 = ORIENTED_EDGE('',*,*,#961,.F.);
#961 = EDGE_CURVE('',#832,#914,#962,.T.);
#962 = SURFACE_CURVE('',#963,(#967,#973),.PCURVE_S1.);
#963 = LINE('',#964,#965);
#964 = CARTESIAN_POINT('',(-230.,147.,37.5));
#965 = VECTOR('',#966,1.);
#966 = DIRECTION('',(0.,-0.,-1.));
#967 = PCURVE('',#346,#968);
#968 = DEFINITIONAL_REPRESENTATION('',(#969),#972);
#969 = B_SPLINE_CURVE_WITH_KNOTS('',1,(#970,#971),.UNSPECIFIED.,.F.,.F.,
  (2,2),(-41.5,-33.5),.PIECEWISE_BEZIER_KNOTS.);
#970 = CARTESIAN_POINT('',(0.,4.));
#971 = CARTESIAN_POINT('',(0.,-4.));
#972 = ( GEOMETRIC_REPRESENTATION_CONTEXT(2) 
PARAMETRIC_REPRESENTATION_CONTEXT() REPRESENTATION_CONTEXT('2D SPACE',''
  ) );
#973 = PCURVE('',#869,#974);
#974 = DEFINITIONAL_REPRESENTATION('',(#975),#978);
#975 = B_SPLINE_CURVE_WITH_KNOTS('',1,(#976,#977),.UNSPECIFIED.,.F.,.F.,
  (2,2),(-41.5,-33.5),.PIECEWISE_BEZIER_KNOTS.);
#976 = CARTESIAN_POINT('',(79.,-297.));
#977 = CARTESIAN_POINT('',(71.,-297.));
#978 = ( GEOMETRIC_REPRESENTATION_CONTEXT(2) 
PARAMETRIC_REPRESENTATION_CONTEXT() REPRESENTATION_CONTEXT('2D SPACE',''
  ) );
#979 = ORIENTED_EDGE('',*,*,#831,.T.);
#980 = ORIENTED_EDGE('',*,*,#331,.T.);
#981 = ORIENTED_EDGE('',*,*,#934,.T.);
#982 = ADVANCED_FACE('',(#983),#224,.F.);
#983 = FACE_BOUND('',#984,.F.);
#984 = EDGE_LOOP('',(#985,#1008,#1029,#1057,#1078,#1099,#1100,#1101));
#985 = ORIENTED_EDGE('',*,*,#986,.F.);
#986 = EDGE_CURVE('',#987,#236,#989,.T.);
#987 = VERTEX_POINT('',#988);
#988 = CARTESIAN_POINT('',(-230.,147.,34.));
#989 = SURFACE_CURVE('',#990,(#995,#1001),.PCURVE_S1.);
#990 = CIRCLE('',#991,4.);
#991 = AXIS2_PLACEMENT_3D('',#992,#993,#994);
#992 = CARTESIAN_POINT('',(-230.,147.,30.));
#993 = DIRECTION('',(0.,-1.,0.));
#994 = DIRECTION('',(1.,0.,0.));
#995 = PCURVE('',#224,#996);
#996 = DEFINITIONAL_REPRESENTATION('',(#997),#1000);
#997 = B_SPLINE_CURVE_WITH_KNOTS('',1,(#998,#999),.UNSPECIFIED.,.F.,.F.,
  (2,2),(1.570796326795,2.418858405776),.PIECEWISE_BEZIER_KNOTS.);
#998 = CARTESIAN_POINT('',(7.853981633974,6.));
#999 = CARTESIAN_POINT('',(8.702043712956,6.));
#1000 = ( GEOMETRIC_REPRESENTATION_CONTEXT(2) 
PARAMETRIC_REPRESENTATION_CONTEXT() REPRESENTATION_CONTEXT('2D SPACE',''
  ) );
#1001 = PCURVE('',#250,#1002);
#1002 = DEFINITIONAL_REPRESENTATION('',(#1003),#1007);
#1003 = CIRCLE('',#1004,4.);
#1004 = AXIS2_PLACEMENT_2D('',#1005,#1006);
#1005 = CARTESIAN_POINT('',(0.,0.));
#1006 = DIRECTION('',(1.,0.));
#1007 = ( GEOMETRIC_REPRESENTATION_CONTEXT(2) 
PARAMETRIC_REPRESENTATION_CONTEXT() REPRESENTATION_CONTEXT('2D SPACE',''
  ) );
#1008 = ORIENTED_EDGE('',*,*,#1009,.F.);
#1009 = EDGE_CURVE('',#1010,#987,#1012,.T.);
#1010 = VERTEX_POINT('',#1011);
#1011 = CARTESIAN_POINT('',(-230.,150.,34.));
#1012 = SURFACE_CURVE('',#1013,(#1017,#1023),.PCURVE_S1.);
#1013 = LINE('',#1014,#1015);
#1014 = CARTESIAN_POINT('',(-230.,153.,34.));
#1015 = VECTOR('',#1016,1.);
#1016 = DIRECTION('',(0.,-1.,0.));
#1017 = PCURVE('',#224,#1018);
#1018 = DEFINITIONAL_REPRESENTATION('',(#1019),#1022);
#1019 = B_SPLINE_CURVE_WITH_KNOTS('',1,(#1020,#1021),.UNSPECIFIED.,.F.,
  .F.,(2,2),(3.,6.),.PIECEWISE_BEZIER_KNOTS.);
#1020 = CARTESIAN_POINT('',(7.853981633974,3.));
#1021 = CARTESIAN_POINT('',(7.853981633974,6.));
#1022 = ( GEOMETRIC_REPRESENTATION_CONTEXT(2) 
PARAMETRIC_REPRESENTATION_CONTEXT() REPRESENTATION_CONTEXT('2D SPACE',''
  ) );
#1023 = PCURVE('',#869,#1024);
#1024 = DEFINITIONAL_REPRESENTATION('',(#1025),#1028);
#1025 = B_SPLINE_CURVE_WITH_KNOTS('',1,(#1026,#1027),.UNSPECIFIED.,.F.,
  .F.,(2,2),(-5.999999928008E-07,6.0000006),.PIECEWISE_BEZIER_KNOTS.);
#1026 = CARTESIAN_POINT('',(34.,-303.0000006));
#1027 = CARTESIAN_POINT('',(34.,-296.9999994));
#1028 = ( GEOMETRIC_REPRESENTATION_CONTEXT(2) 
PARAMETRIC_REPRESENTATION_CONTEXT() REPRESENTATION_CONTEXT('2D SPACE',''
  ) );
#1029 = ORIENTED_EDGE('',*,*,#1030,.F.);
#1030 = EDGE_CURVE('',#1031,#1010,#1033,.T.);
#1031 = VERTEX_POINT('',#1032);
#1032 = CARTESIAN_POINT('',(-230.,150.,26.));
#1033 = SURFACE_CURVE('',#1034,(#1039,#1046),.PCURVE_S1.);
#1034 = CIRCLE('',#1035,4.);
#1035 = AXIS2_PLACEMENT_3D('',#1036,#1037,#1038);
#1036 = CARTESIAN_POINT('',(-230.,150.,30.));
#1037 = DIRECTION('',(0.,-1.,0.));
#1038 = DIRECTION('',(0.,0.,-1.));
#1039 = PCURVE('',#224,#1040);
#1040 = DEFINITIONAL_REPRESENTATION('',(#1041),#1045);
#1041 = LINE('',#1042,#1043);
#1042 = CARTESIAN_POINT('',(4.712388980385,3.));
#1043 = VECTOR('',#1044,1.);
#1044 = DIRECTION('',(1.,0.));
#1045 = ( GEOMETRIC_REPRESENTATION_CONTEXT(2) 
PARAMETRIC_REPRESENTATION_CONTEXT() REPRESENTATION_CONTEXT('2D SPACE',''
  ) );
#1046 = PCURVE('',#897,#1047);
#1047 = DEFINITIONAL_REPRESENTATION('',(#1048),#1056);
#1048 = ( BOUNDED_CURVE() B_SPLINE_CURVE(2,(#1049,#1050,#1051,#1052,
#1053,#1054,#1055),.UNSPECIFIED.,.T.,.F.) B_SPLINE_CURVE_WITH_KNOTS((1,2
    ,2,2,2,1),(-2.094395102393,0.,2.094395102393,4.188790204786,
6.28318530718,8.377580409573),.UNSPECIFIED.) CURVE() 
GEOMETRIC_REPRESENTATION_ITEM() RATIONAL_B_SPLINE_CURVE((1.,0.5,1.,0.5,
1.,0.5,1.)) REPRESENTATION_ITEM('') );
#1049 = CARTESIAN_POINT('',(26.,0.));
#1050 = CARTESIAN_POINT('',(26.,6.928203230276));
#1051 = CARTESIAN_POINT('',(32.,3.464101615138));
#1052 = CARTESIAN_POINT('',(38.,9.797174393179E-16));
#1053 = CARTESIAN_POINT('',(32.,-3.464101615138));
#1054 = CARTESIAN_POINT('',(26.,-6.928203230276));
#1055 = CARTESIAN_POINT('',(26.,0.));
#1056 = ( GEOMETRIC_REPRESENTATION_CONTEXT(2) 
PARAMETRIC_REPRESENTATION_CONTEXT() REPRESENTATION_CONTEXT('2D SPACE',''
  ) );
#1057 = ORIENTED_EDGE('',*,*,#1058,.T.);
#1058 = EDGE_CURVE('',#1031,#1059,#1061,.T.);
#1059 = VERTEX_POINT('',#1060);
#1060 = CARTESIAN_POINT('',(-230.,147.,26.));
#1061 = SURFACE_CURVE('',#1062,(#1066,#1072),.PCURVE_S1.);
#1062 = LINE('',#1063,#1064);
#1063 = CARTESIAN_POINT('',(-230.,153.,26.));
#1064 = VECTOR('',#1065,1.);
#1065 = DIRECTION('',(0.,-1.,0.));
#1066 = PCURVE('',#224,#1067);
#1067 = DEFINITIONAL_REPRESENTATION('',(#1068),#1071);
#1068 = B_SPLINE_CURVE_WITH_KNOTS('',1,(#1069,#1070),.UNSPECIFIED.,.F.,
  .F.,(2,2),(3.,6.),.PIECEWISE_BEZIER_KNOTS.);
#1069 = CARTESIAN_POINT('',(4.712388980385,3.));
#1070 = CARTESIAN_POINT('',(4.712388980385,6.));
#1071 = ( GEOMETRIC_REPRESENTATION_CONTEXT(2) 
PARAMETRIC_REPRESENTATION_CONTEXT() REPRESENTATION_CONTEXT('2D SPACE',''
  ) );
#1072 = PCURVE('',#869,#1073);
#1073 = DEFINITIONAL_REPRESENTATION('',(#1074),#1077);
#1074 = B_SPLINE_CURVE_WITH_KNOTS('',1,(#1075,#1076),.UNSPECIFIED.,.F.,
  .F.,(2,2),(-5.999999928008E-07,6.0000006),.PIECEWISE_BEZIER_KNOTS.);
#1075 = CARTESIAN_POINT('',(26.,-303.0000006));
#1076 = CARTESIAN_POINT('',(26.,-296.9999994));
#1077 = ( GEOMETRIC_REPRESENTATION_CONTEXT(2) 
PARAMETRIC_REPRESENTATION_CONTEXT() REPRESENTATION_CONTEXT('2D SPACE',''
  ) );
#1078 = ORIENTED_EDGE('',*,*,#1079,.F.);
#1079 = EDGE_CURVE('',#210,#1059,#1080,.T.);
#1080 = SURFACE_CURVE('',#1081,(#1086,#1092),.PCURVE_S1.);
#1081 = CIRCLE('',#1082,4.);
#1082 = AXIS2_PLACEMENT_3D('',#1083,#1084,#1085);
#1083 = CARTESIAN_POINT('',(-230.,147.,30.));
#1084 = DIRECTION('',(0.,-1.,0.));
#1085 = DIRECTION('',(1.,0.,0.));
#1086 = PCURVE('',#224,#1087);
#1087 = DEFINITIONAL_REPRESENTATION('',(#1088),#1091);
#1088 = B_SPLINE_CURVE_WITH_KNOTS('',1,(#1089,#1090),.UNSPECIFIED.,.F.,
  .F.,(2,2),(3.864326901403,4.712388980385),.PIECEWISE_BEZIER_KNOTS.);
#1089 = CARTESIAN_POINT('',(3.864326901403,6.));
#1090 = CARTESIAN_POINT('',(4.712388980385,6.));
#1091 = ( GEOMETRIC_REPRESENTATION_CONTEXT(2) 
PARAMETRIC_REPRESENTATION_CONTEXT() REPRESENTATION_CONTEXT('2D SPACE',''
  ) );
#1092 = PCURVE('',#250,#1093);
#1093 = DEFINITIONAL_REPRESENTATION('',(#1094),#1098);
#1094 = CIRCLE('',#1095,4.);
#1095 = AXIS2_PLACEMENT_2D('',#1096,#1097);
#1096 = CARTESIAN_POINT('',(0.,0.));
#1097 = DIRECTION('',(1.,0.));
#1098 = ( GEOMETRIC_REPRESENTATION_CONTEXT(2) 
PARAMETRIC_REPRESENTATION_CONTEXT() REPRESENTATION_CONTEXT('2D SPACE',''
  ) );
#1099 = ORIENTED_EDGE('',*,*,#209,.F.);
#1100 = ORIENTED_EDGE('',*,*,#564,.T.);
#1101 = ORIENTED_EDGE('',*,*,#261,.T.);
#1102 = ADVANCED_FACE('',(#1103),#250,.F.);
#1103 = FACE_BOUND('',#1104,.F.);
#1104 = EDGE_LOOP('',(#1105,#1124,#1125,#1126));
#1105 = ORIENTED_EDGE('',*,*,#1106,.F.);
#1106 = EDGE_CURVE('',#987,#1059,#1107,.T.);
#1107 = SURFACE_CURVE('',#1108,(#1112,#1118),.PCURVE_S1.);
#1108 = LINE('',#1109,#1110);
#1109 = CARTESIAN_POINT('',(-230.,147.,15.));
#1110 = VECTOR('',#1111,1.);
#1111 = DIRECTION('',(0.,-0.,-1.));
#1112 = PCURVE('',#250,#1113);
#1113 = DEFINITIONAL_REPRESENTATION('',(#1114),#1117);
#1114 = B_SPLINE_CURVE_WITH_KNOTS('',1,(#1115,#1116),.UNSPECIFIED.,.F.,
  .F.,(2,2),(-19.,-11.),.PIECEWISE_BEZIER_KNOTS.);
#1115 = CARTESIAN_POINT('',(0.,4.));
#1116 = CARTESIAN_POINT('',(0.,-4.));
#1117 = ( GEOMETRIC_REPRESENTATION_CONTEXT(2) 
PARAMETRIC_REPRESENTATION_CONTEXT() REPRESENTATION_CONTEXT('2D SPACE',''
  ) );
#1118 = PCURVE('',#869,#1119);
#1119 = DEFINITIONAL_REPRESENTATION('',(#1120),#1123);
#1120 = B_SPLINE_CURVE_WITH_KNOTS('',1,(#1121,#1122),.UNSPECIFIED.,.F.,
  .F.,(2,2),(-19.,-11.),.PIECEWISE_BEZIER_KNOTS.);
#1121 = CARTESIAN_POINT('',(34.,-297.));
#1122 = CARTESIAN_POINT('',(26.,-297.));
#1123 = ( GEOMETRIC_REPRESENTATION_CONTEXT(2) 
PARAMETRIC_REPRESENTATION_CONTEXT() REPRESENTATION_CONTEXT('2D SPACE',''
  ) );
#1124 = ORIENTED_EDGE('',*,*,#986,.T.);
#1125 = ORIENTED_EDGE('',*,*,#235,.T.);
#1126 = ORIENTED_EDGE('',*,*,#1079,.T.);
#1127 = ADVANCED_FACE('',(#1128),#174,.F.);
#1128 = FACE_BOUND('',#1129,.F.);
#1129 = EDGE_LOOP('',(#1130,#1131,#1154,#1175));
#1130 = ORIENTED_EDGE('',*,*,#158,.F.);
#1131 = ORIENTED_EDGE('',*,*,#1132,.T.);
#1132 = EDGE_CURVE('',#131,#1133,#1135,.T.);
#1133 = VERTEX_POINT('',#1134);
#1134 = CARTESIAN_POINT('',(233.,-153.,-3.));
#1135 = SURFACE_CURVE('',#1136,(#1140,#1147),.PCURVE_S1.);
#1136 = LINE('',#1137,#1138);
#1137 = CARTESIAN_POINT('',(-233.,-153.,-3.));
#1138 = VECTOR('',#1139,1.);
#1139 = DIRECTION('',(1.,0.,-0.));
#1140 = PCURVE('',#174,#1141);
#1141 = DEFINITIONAL_REPRESENTATION('',(#1142),#1146);
#1142 = LINE('',#1143,#1144);
#1143 = CARTESIAN_POINT('',(0.,0.));
#1144 = VECTOR('',#1145,1.);
#1145 = DIRECTION('',(1.,0.));
#1146 = ( GEOMETRIC_REPRESENTATION_CONTEXT(2) 
PARAMETRIC_REPRESENTATION_CONTEXT() REPRESENTATION_CONTEXT('2D SPACE',''
  ) );
#1147 = PCURVE('',#146,#1148);
#1148 = DEFINITIONAL_REPRESENTATION('',(#1149),#1153);
#1149 = LINE('',#1150,#1151);
#1150 = CARTESIAN_POINT('',(0.,0.));
#1151 = VECTOR('',#1152,1.);
#1152 = DIRECTION('',(0.,1.));
#1153 = ( GEOMETRIC_REPRESENTATION_CONTEXT(2) 
PARAMETRIC_REPRESENTATION_CONTEXT() REPRESENTATION_CONTEXT('2D SPACE',''
  ) );
#1154 = ORIENTED_EDGE('',*,*,#1155,.T.);
#1155 = EDGE_CURVE('',#1133,#520,#1156,.T.);
#1156 = SURFACE_CURVE('',#1157,(#1161,#1168),.PCURVE_S1.);
#1157 = LINE('',#1158,#1159);
#1158 = CARTESIAN_POINT('',(233.,-153.,-3.));
#1159 = VECTOR('',#1160,1.);
#1160 = DIRECTION('',(-0.,1.,0.));
#1161 = PCURVE('',#174,#1162);
#1162 = DEFINITIONAL_REPRESENTATION('',(#1163),#1167);
#1163 = LINE('',#1164,#1165);
#1164 = CARTESIAN_POINT('',(466.,0.));
#1165 = VECTOR('',#1166,1.);
#1166 = DIRECTION('',(0.,1.));
#1167 = ( GEOMETRIC_REPRESENTATION_CONTEXT(2) 
PARAMETRIC_REPRESENTATION_CONTEXT() REPRESENTATION_CONTEXT('2D SPACE',''
  ) );
#1168 = PCURVE('',#418,#1169);
#1169 = DEFINITIONAL_REPRESENTATION('',(#1170),#1174);
#1170 = LINE('',#1171,#1172);
#1171 = CARTESIAN_POINT('',(0.,0.));
#1172 = VECTOR('',#1173,1.);
#1173 = DIRECTION('',(0.,-1.));
#1174 = ( GEOMETRIC_REPRESENTATION_CONTEXT(2) 
PARAMETRIC_REPRESENTATION_CONTEXT() REPRESENTATION_CONTEXT('2D SPACE',''
  ) );
#1175 = ORIENTED_EDGE('',*,*,#542,.F.);
#1176 = ADVANCED_FACE('',(#1177,#1225,#1260,#1295),#146,.F.);
#1177 = FACE_BOUND('',#1178,.F.);
#1178 = EDGE_LOOP('',(#1179,#1180,#1181,#1204));
#1179 = ORIENTED_EDGE('',*,*,#1132,.F.);
#1180 = ORIENTED_EDGE('',*,*,#130,.T.);
#1181 = ORIENTED_EDGE('',*,*,#1182,.T.);
#1182 = EDGE_CURVE('',#103,#1183,#1185,.T.);
#1183 = VERTEX_POINT('',#1184);
#1184 = CARTESIAN_POINT('',(233.,-153.,200.));
#1185 = SURFACE_CURVE('',#1186,(#1190,#1197),.PCURVE_S1.);
#1186 = LINE('',#1187,#1188);
#1187 = CARTESIAN_POINT('',(-233.,-153.,200.));
#1188 = VECTOR('',#1189,1.);
#1189 = DIRECTION('',(1.,0.,-0.));
#1190 = PCURVE('',#146,#1191);
#1191 = DEFINITIONAL_REPRESENTATION('',(#1192),#1196);
#1192 = LINE('',#1193,#1194);
#1193 = CARTESIAN_POINT('',(203.,0.));
#1194 = VECTOR('',#1195,1.);
#1195 = DIRECTION('',(0.,1.));
#1196 = ( GEOMETRIC_REPRESENTATION_CONTEXT(2) 
PARAMETRIC_REPRESENTATION_CONTEXT() REPRESENTATION_CONTEXT('2D SPACE',''
  ) );
#1197 = PCURVE('',#118,#1198);
#1198 = DEFINITIONAL_REPRESENTATION('',(#1199),#1203);
#1199 = LINE('',#1200,#1201);
#1200 = CARTESIAN_POINT('',(0.,0.));
#1201 = VECTOR('',#1202,1.);
#1202 = DIRECTION('',(1.,0.));
#1203 = ( GEOMETRIC_REPRESENTATION_CONTEXT(2) 
PARAMETRIC_REPRESENTATION_CONTEXT() REPRESENTATION_CONTEXT('2D SPACE',''
  ) );
#1204 = ORIENTED_EDGE('',*,*,#1205,.F.);
#1205 = EDGE_CURVE('',#1133,#1183,#1206,.T.);
#1206 = SURFACE_CURVE('',#1207,(#1211,#1218),.PCURVE_S1.);
#1207 = LINE('',#1208,#1209);
#1208 = CARTESIAN_POINT('',(233.,-153.,-3.));
#1209 = VECTOR('',#1210,1.);
#1210 = DIRECTION('',(0.,0.,1.));
#1211 = PCURVE('',#146,#1212);
#1212 = DEFINITIONAL_REPRESENTATION('',(#1213),#1217);
#1213 = LINE('',#1214,#1215);
#1214 = CARTESIAN_POINT('',(0.,466.));
#1215 = VECTOR('',#1216,1.);
#1216 = DIRECTION('',(1.,0.));
#1217 = ( GEOMETRIC_REPRESENTATION_CONTEXT(2) 
PARAMETRIC_REPRESENTATION_CONTEXT() REPRESENTATION_CONTEXT('2D SPACE',''
  ) );
#1218 = PCURVE('',#418,#1219);
#1219 = DEFINITIONAL_REPRESENTATION('',(#1220),#1224);
#1220 = LINE('',#1221,#1222);
#1221 = CARTESIAN_POINT('',(0.,0.));
#1222 = VECTOR('',#1223,1.);
#1223 = DIRECTION('',(1.,0.));
#1224 = ( GEOMETRIC_REPRESENTATION_CONTEXT(2) 
PARAMETRIC_REPRESENTATION_CONTEXT() REPRESENTATION_CONTEXT('2D SPACE',''
  ) );
#1225 = FACE_BOUND('',#1226,.F.);
#1226 = EDGE_LOOP('',(#1227));
#1227 = ORIENTED_EDGE('',*,*,#1228,.T.);
#1228 = EDGE_CURVE('',#1229,#1229,#1231,.T.);
#1229 = VERTEX_POINT('',#1230);
#1230 = CARTESIAN_POINT('',(-66.66666666666,-153.,160.));
#1231 = SURFACE_CURVE('',#1232,(#1237,#1248),.PCURVE_S1.);
#1232 = CIRCLE('',#1233,10.);
#1233 = AXIS2_PLACEMENT_3D('',#1234,#1235,#1236);
#1234 = CARTESIAN_POINT('',(-76.66666666666,-153.,160.));
#1235 = DIRECTION('',(0.,-1.,0.));
#1236 = DIRECTION('',(1.,0.,0.));
#1237 = PCURVE('',#146,#1238);
#1238 = DEFINITIONAL_REPRESENTATION('',(#1239),#1247);
#1239 = ( BOUNDED_CURVE() B_SPLINE_CURVE(2,(#1240,#1241,#1242,#1243,
#1244,#1245,#1246),.UNSPECIFIED.,.T.,.F.) B_SPLINE_CURVE_WITH_KNOTS((1,2
    ,2,2,2,1),(-2.094395102393,0.,2.094395102393,4.188790204786,
6.28318530718,8.377580409573),.UNSPECIFIED.) CURVE() 
GEOMETRIC_REPRESENTATION_ITEM() RATIONAL_B_SPLINE_CURVE((1.,0.5,1.,0.5,
1.,0.5,1.)) REPRESENTATION_ITEM('') );
#1240 = CARTESIAN_POINT('',(163.,166.33333333333));
#1241 = CARTESIAN_POINT('',(180.32050807568,166.33333333333));
#1242 = CARTESIAN_POINT('',(171.66025403784,151.33333333333));
#1243 = CARTESIAN_POINT('',(163.,136.33333333333));
#1244 = CARTESIAN_POINT('',(154.33974596215,151.33333333333));
#1245 = CARTESIAN_POINT('',(145.67949192431,166.33333333333));
#1246 = CARTESIAN_POINT('',(163.,166.33333333333));
#1247 = ( GEOMETRIC_REPRESENTATION_CONTEXT(2) 
PARAMETRIC_REPRESENTATION_CONTEXT() REPRESENTATION_CONTEXT('2D SPACE',''
  ) );
#1248 = PCURVE('',#1249,#1254);
#1249 = CYLINDRICAL_SURFACE('',#1250,10.);
#1250 = AXIS2_PLACEMENT_3D('',#1251,#1252,#1253);
#1251 = CARTESIAN_POINT('',(-76.66666666666,-147.,160.));
#1252 = DIRECTION('',(0.,-1.,0.));
#1253 = DIRECTION('',(1.,0.,0.));
#1254 = DEFINITIONAL_REPRESENTATION('',(#1255),#1259);
#1255 = LINE('',#1256,#1257);
#1256 = CARTESIAN_POINT('',(0.,6.));
#1257 = VECTOR('',#1258,1.);
#1258 = DIRECTION('',(1.,0.));
#1259 = ( GEOMETRIC_REPRESENTATION_CONTEXT(2) 
PARAMETRIC_REPRESENTATION_CONTEXT() REPRESENTATION_CONTEXT('2D SPACE',''
  ) );
#1260 = FACE_BOUND('',#1261,.F.);
#1261 = EDGE_LOOP('',(#1262));
#1262 = ORIENTED_EDGE('',*,*,#1263,.T.);
#1263 = EDGE_CURVE('',#1264,#1264,#1266,.T.);
#1264 = VERTEX_POINT('',#1265);
#1265 = CARTESIAN_POINT('',(10.,-153.,160.));
#1266 = SURFACE_CURVE('',#1267,(#1272,#1283),.PCURVE_S1.);
#1267 = CIRCLE('',#1268,10.);
#1268 = AXIS2_PLACEMENT_3D('',#1269,#1270,#1271);
#1269 = CARTESIAN_POINT('',(0.,-153.,160.));
#1270 = DIRECTION('',(0.,-1.,0.));
#1271 = DIRECTION('',(1.,0.,0.));
#1272 = PCURVE('',#146,#1273);
#1273 = DEFINITIONAL_REPRESENTATION('',(#1274),#1282);
#1274 = ( BOUNDED_CURVE() B_SPLINE_CURVE(2,(#1275,#1276,#1277,#1278,
#1279,#1280,#1281),.UNSPECIFIED.,.T.,.F.) B_SPLINE_CURVE_WITH_KNOTS((1,2
    ,2,2,2,1),(-2.094395102393,0.,2.094395102393,4.188790204786,
6.28318530718,8.377580409573),.UNSPECIFIED.) CURVE() 
GEOMETRIC_REPRESENTATION_ITEM() RATIONAL_B_SPLINE_CURVE((1.,0.5,1.,0.5,
1.,0.5,1.)) REPRESENTATION_ITEM('') );
#1275 = CARTESIAN_POINT('',(163.,243.));
#1276 = CARTESIAN_POINT('',(180.32050807568,243.));
#1277 = CARTESIAN_POINT('',(171.66025403784,228.));
#1278 = CARTESIAN_POINT('',(163.,213.));
#1279 = CARTESIAN_POINT('',(154.33974596215,228.));
#1280 = CARTESIAN_POINT('',(145.67949192431,243.));
#1281 = CARTESIAN_POINT('',(163.,243.));
#1282 = ( GEOMETRIC_REPRESENTATION_CONTEXT(2) 
PARAMETRIC_REPRESENTATION_CONTEXT() REPRESENTATION_CONTEXT('2D SPACE',''
  ) );
#1283 = PCURVE('',#1284,#1289);
#1284 = CYLINDRICAL_SURFACE('',#1285,10.);
#1285 = AXIS2_PLACEMENT_3D('',#1286,#1287,#1288);
#1286 = CARTESIAN_POINT('',(0.,-147.,160.));
#1287 = DIRECTION('',(0.,-1.,0.));
#1288 = DIRECTION('',(1.,0.,0.));
#1289 = DEFINITIONAL_REPRESENTATION('',(#1290),#1294);
#1290 = LINE('',#1291,#1292);
#1291 = CARTESIAN_POINT('',(0.,6.));
#1292 = VECTOR('',#1293,1.);
#1293 = DIRECTION('',(1.,0.));
#1294 = ( GEOMETRIC_REPRESENTATION_CONTEXT(2) 
PARAMETRIC_REPRESENTATION_CONTEXT() REPRESENTATION_CONTEXT('2D SPACE',''
  ) );
#1295 = FACE_BOUND('',#1296,.F.);
#1296 = EDGE_LOOP('',(#1297));
#1297 = ORIENTED_EDGE('',*,*,#1298,.T.);
#1298 = EDGE_CURVE('',#1299,#1299,#1301,.T.);
#1299 = VERTEX_POINT('',#1300);
#1300 = CARTESIAN_POINT('',(89.166666666667,-153.,160.));
#1301 = SURFACE_CURVE('',#1302,(#1307,#1318),.PCURVE_S1.);
#1302 = CIRCLE('',#1303,12.5);
#1303 = AXIS2_PLACEMENT_3D('',#1304,#1305,#1306);
#1304 = CARTESIAN_POINT('',(76.666666666667,-153.,160.));
#1305 = DIRECTION('',(0.,-1.,0.));
#1306 = DIRECTION('',(1.,0.,0.));
#1307 = PCURVE('',#146,#1308);
#1308 = DEFINITIONAL_REPRESENTATION('',(#1309),#1317);
#1309 = ( BOUNDED_CURVE() B_SPLINE_CURVE(2,(#1310,#1311,#1312,#1313,
#1314,#1315,#1316),.UNSPECIFIED.,.T.,.F.) B_SPLINE_CURVE_WITH_KNOTS((1,2
    ,2,2,2,1),(-2.094395102393,0.,2.094395102393,4.188790204786,
6.28318530718,8.377580409573),.UNSPECIFIED.) CURVE() 
GEOMETRIC_REPRESENTATION_ITEM() RATIONAL_B_SPLINE_CURVE((1.,0.5,1.,0.5,
1.,0.5,1.)) REPRESENTATION_ITEM('') );
#1310 = CARTESIAN_POINT('',(163.,322.16666666666));
#1311 = CARTESIAN_POINT('',(184.65063509461,322.16666666666));
#1312 = CARTESIAN_POINT('',(173.8253175473,303.41666666666));
#1313 = CARTESIAN_POINT('',(163.,284.66666666666));
#1314 = CARTESIAN_POINT('',(152.17468245269,303.41666666666));
#1315 = CARTESIAN_POINT('',(141.34936490538,322.16666666666));
#1316 = CARTESIAN_POINT('',(163.,322.16666666666));
#1317 = ( GEOMETRIC_REPRESENTATION_CONTEXT(2) 
PARAMETRIC_REPRESENTATION_CONTEXT() REPRESENTATION_CONTEXT('2D SPACE',''
  ) );
#1318 = PCURVE('',#1319,#1324);
#1319 = CYLINDRICAL_SURFACE('',#1320,12.5);
#1320 = AXIS2_PLACEMENT_3D('',#1321,#1322,#1323);
#1321 = CARTESIAN_POINT('',(76.666666666667,-147.,160.));
#1322 = DIRECTION('',(0.,-1.,0.));
#1323 = DIRECTION('',(1.,0.,0.));
#1324 = DEFINITIONAL_REPRESENTATION('',(#1325),#1329);
#1325 = LINE('',#1326,#1327);
#1326 = CARTESIAN_POINT('',(0.,6.));
#1327 = VECTOR('',#1328,1.);
#1328 = DIRECTION('',(1.,0.));
#1329 = ( GEOMETRIC_REPRESENTATION_CONTEXT(2) 
PARAMETRIC_REPRESENTATION_CONTEXT() REPRESENTATION_CONTEXT('2D SPACE',''
  ) );
#1330 = ADVANCED_FACE('',(#1331,#1357),#118,.T.);
#1331 = FACE_BOUND('',#1332,.T.);
#1332 = EDGE_LOOP('',(#1333,#1334,#1335,#1356));
#1333 = ORIENTED_EDGE('',*,*,#102,.F.);
#1334 = ORIENTED_EDGE('',*,*,#1182,.T.);
#1335 = ORIENTED_EDGE('',*,*,#1336,.T.);
#1336 = EDGE_CURVE('',#1183,#380,#1337,.T.);
#1337 = SURFACE_CURVE('',#1338,(#1342,#1349),.PCURVE_S1.);
#1338 = LINE('',#1339,#1340);
#1339 = CARTESIAN_POINT('',(233.,-153.,200.));
#1340 = VECTOR('',#1341,1.);
#1341 = DIRECTION('',(-0.,1.,0.));
#1342 = PCURVE('',#118,#1343);
#1343 = DEFINITIONAL_REPRESENTATION('',(#1344),#1348);
#1344 = LINE('',#1345,#1346);
#1345 = CARTESIAN_POINT('',(466.,0.));
#1346 = VECTOR('',#1347,1.);
#1347 = DIRECTION('',(0.,1.));
#1348 = ( GEOMETRIC_REPRESENTATION_CONTEXT(2) 
PARAMETRIC_REPRESENTATION_CONTEXT() REPRESENTATION_CONTEXT('2D SPACE',''
  ) );
#1349 = PCURVE('',#418,#1350);
#1350 = DEFINITIONAL_REPRESENTATION('',(#1351),#1355);
#1351 = LINE('',#1352,#1353);
#1352 = CARTESIAN_POINT('',(203.,0.));
#1353 = VECTOR('',#1354,1.);
#1354 = DIRECTION('',(0.,-1.));
#1355 = ( GEOMETRIC_REPRESENTATION_CONTEXT(2) 
PARAMETRIC_REPRESENTATION_CONTEXT() REPRESENTATION_CONTEXT('2D SPACE',''
  ) );
#1356 = ORIENTED_EDGE('',*,*,#379,.F.);
#1357 = FACE_BOUND('',#1358,.T.);
#1358 = EDGE_LOOP('',(#1359,#1384,#1407,#1435));
#1359 = ORIENTED_EDGE('',*,*,#1360,.T.);
#1360 = EDGE_CURVE('',#1361,#1363,#1365,.T.);
#1361 = VERTEX_POINT('',#1362);
#1362 = CARTESIAN_POINT('',(-230.,-150.,200.));
#1363 = VERTEX_POINT('',#1364);
#1364 = CARTESIAN_POINT('',(-230.,150.,200.));
#1365 = SURFACE_CURVE('',#1366,(#1370,#1377),.PCURVE_S1.);
#1366 = LINE('',#1367,#1368);
#1367 = CARTESIAN_POINT('',(-230.,-150.,200.));
#1368 = VECTOR('',#1369,1.);
#1369 = DIRECTION('',(-0.,1.,0.));
#1370 = PCURVE('',#118,#1371);
#1371 = DEFINITIONAL_REPRESENTATION('',(#1372),#1376);
#1372 = LINE('',#1373,#1374);
#1373 = CARTESIAN_POINT('',(3.,3.));
#1374 = VECTOR('',#1375,1.);
#1375 = DIRECTION('',(0.,1.));
#1376 = ( GEOMETRIC_REPRESENTATION_CONTEXT(2) 
PARAMETRIC_REPRESENTATION_CONTEXT() REPRESENTATION_CONTEXT('2D SPACE',''
  ) );
#1377 = PCURVE('',#869,#1378);
#1378 = DEFINITIONAL_REPRESENTATION('',(#1379),#1383);
#1379 = LINE('',#1380,#1381);
#1380 = CARTESIAN_POINT('',(200.,0.));
#1381 = VECTOR('',#1382,1.);
#1382 = DIRECTION('',(0.,-1.));
#1383 = ( GEOMETRIC_REPRESENTATION_CONTEXT(2) 
PARAMETRIC_REPRESENTATION_CONTEXT() REPRESENTATION_CONTEXT('2D SPACE',''
  ) );
#1384 = ORIENTED_EDGE('',*,*,#1385,.T.);
#1385 = EDGE_CURVE('',#1363,#1386,#1388,.T.);
#1386 = VERTEX_POINT('',#1387);
#1387 = CARTESIAN_POINT('',(230.,150.,200.));
#1388 = SURFACE_CURVE('',#1389,(#1393,#1400),.PCURVE_S1.);
#1389 = LINE('',#1390,#1391);
#1390 = CARTESIAN_POINT('',(-230.,150.,200.));
#1391 = VECTOR('',#1392,1.);
#1392 = DIRECTION('',(1.,0.,-0.));
#1393 = PCURVE('',#118,#1394);
#1394 = DEFINITIONAL_REPRESENTATION('',(#1395),#1399);
#1395 = LINE('',#1396,#1397);
#1396 = CARTESIAN_POINT('',(3.,303.));
#1397 = VECTOR('',#1398,1.);
#1398 = DIRECTION('',(1.,0.));
#1399 = ( GEOMETRIC_REPRESENTATION_CONTEXT(2) 
PARAMETRIC_REPRESENTATION_CONTEXT() REPRESENTATION_CONTEXT('2D SPACE',''
  ) );
#1400 = PCURVE('',#897,#1401);
#1401 = DEFINITIONAL_REPRESENTATION('',(#1402),#1406);
#1402 = LINE('',#1403,#1404);
#1403 = CARTESIAN_POINT('',(200.,0.));
#1404 = VECTOR('',#1405,1.);
#1405 = DIRECTION('',(0.,1.));
#1406 = ( GEOMETRIC_REPRESENTATION_CONTEXT(2) 
PARAMETRIC_REPRESENTATION_CONTEXT() REPRESENTATION_CONTEXT('2D SPACE',''
  ) );
#1407 = ORIENTED_EDGE('',*,*,#1408,.F.);
#1408 = EDGE_CURVE('',#1409,#1386,#1411,.T.);
#1409 = VERTEX_POINT('',#1410);
#1410 = CARTESIAN_POINT('',(230.,-150.,200.));
#1411 = SURFACE_CURVE('',#1412,(#1416,#1423),.PCURVE_S1.);
#1412 = LINE('',#1413,#1414);
#1413 = CARTESIAN_POINT('',(230.,-150.,200.));
#1414 = VECTOR('',#1415,1.);
#1415 = DIRECTION('',(-0.,1.,0.));
#1416 = PCURVE('',#118,#1417);
#1417 = DEFINITIONAL_REPRESENTATION('',(#1418),#1422);
#1418 = LINE('',#1419,#1420);
#1419 = CARTESIAN_POINT('',(463.,3.));
#1420 = VECTOR('',#1421,1.);
#1421 = DIRECTION('',(0.,1.));
#1422 = ( GEOMETRIC_REPRESENTATION_CONTEXT(2) 
PARAMETRIC_REPRESENTATION_CONTEXT() REPRESENTATION_CONTEXT('2D SPACE',''
  ) );
#1423 = PCURVE('',#1424,#1429);
#1424 = PLANE('',#1425);
#1425 = AXIS2_PLACEMENT_3D('',#1426,#1427,#1428);
#1426 = CARTESIAN_POINT('',(230.,-150.,0.));
#1427 = DIRECTION('',(1.,0.,-0.));
#1428 = DIRECTION('',(0.,0.,1.));
#1429 = DEFINITIONAL_REPRESENTATION('',(#1430),#1434);
#1430 = LINE('',#1431,#1432);
#1431 = CARTESIAN_POINT('',(200.,0.));
#1432 = VECTOR('',#1433,1.);
#1433 = DIRECTION('',(0.,-1.));
#1434 = ( GEOMETRIC_REPRESENTATION_CONTEXT(2) 
PARAMETRIC_REPRESENTATION_CONTEXT() REPRESENTATION_CONTEXT('2D SPACE',''
  ) );
#1435 = ORIENTED_EDGE('',*,*,#1436,.F.);
#1436 = EDGE_CURVE('',#1361,#1409,#1437,.T.);
#1437 = SURFACE_CURVE('',#1438,(#1442,#1449),.PCURVE_S1.);
#1438 = LINE('',#1439,#1440);
#1439 = CARTESIAN_POINT('',(-230.,-150.,200.));
#1440 = VECTOR('',#1441,1.);
#1441 = DIRECTION('',(1.,0.,-0.));
#1442 = PCURVE('',#118,#1443);
#1443 = DEFINITIONAL_REPRESENTATION('',(#1444),#1448);
#1444 = LINE('',#1445,#1446);
#1445 = CARTESIAN_POINT('',(3.,3.));
#1446 = VECTOR('',#1447,1.);
#1447 = DIRECTION('',(1.,0.));
#1448 = ( GEOMETRIC_REPRESENTATION_CONTEXT(2) 
PARAMETRIC_REPRESENTATION_CONTEXT() REPRESENTATION_CONTEXT('2D SPACE',''
  ) );
#1449 = PCURVE('',#1450,#1455);
#1450 = PLANE('',#1451);
#1451 = AXIS2_PLACEMENT_3D('',#1452,#1453,#1454);
#1452 = CARTESIAN_POINT('',(-230.,-150.,0.));
#1453 = DIRECTION('',(-0.,1.,0.));
#1454 = DIRECTION('',(0.,0.,1.));
#1455 = DEFINITIONAL_REPRESENTATION('',(#1456),#1460);
#1456 = LINE('',#1457,#1458);
#1457 = CARTESIAN_POINT('',(200.,0.));
#1458 = VECTOR('',#1459,1.);
#1459 = DIRECTION('',(0.,1.));
#1460 = ( GEOMETRIC_REPRESENTATION_CONTEXT(2) 
PARAMETRIC_REPRESENTATION_CONTEXT() REPRESENTATION_CONTEXT('2D SPACE',''
  ) );
#1461 = ADVANCED_FACE('',(#1462),#418,.T.);
#1462 = FACE_BOUND('',#1463,.T.);
#1463 = EDGE_LOOP('',(#1464,#1465,#1466,#1467,#1468,#1469,#1490,#1516,
    #1535,#1536,#1557,#1583));
#1464 = ORIENTED_EDGE('',*,*,#402,.T.);
#1465 = ORIENTED_EDGE('',*,*,#1336,.F.);
#1466 = ORIENTED_EDGE('',*,*,#1205,.F.);
#1467 = ORIENTED_EDGE('',*,*,#1155,.T.);
#1468 = ORIENTED_EDGE('',*,*,#519,.T.);
#1469 = ORIENTED_EDGE('',*,*,#1470,.T.);
#1470 = EDGE_CURVE('',#487,#1471,#1473,.T.);
#1471 = VERTEX_POINT('',#1472);
#1472 = CARTESIAN_POINT('',(233.,147.,27.354248688935));
#1473 = SURFACE_CURVE('',#1474,(#1478,#1484),.PCURVE_S1.);
#1474 = LINE('',#1475,#1476);
#1475 = CARTESIAN_POINT('',(233.,153.,27.354248688935));
#1476 = VECTOR('',#1477,1.);
#1477 = DIRECTION('',(0.,-1.,0.));
#1478 = PCURVE('',#418,#1479);
#1479 = DEFINITIONAL_REPRESENTATION('',(#1480),#1483);
#1480 = B_SPLINE_CURVE_WITH_KNOTS('',1,(#1481,#1482),.UNSPECIFIED.,.F.,
  .F.,(2,2),(-5.999999928008E-07,6.0000006),.PIECEWISE_BEZIER_KNOTS.);
#1481 = CARTESIAN_POINT('',(30.354248688935,-306.0000006));
#1482 = CARTESIAN_POINT('',(30.354248688935,-299.9999994));
#1483 = ( GEOMETRIC_REPRESENTATION_CONTEXT(2) 
PARAMETRIC_REPRESENTATION_CONTEXT() REPRESENTATION_CONTEXT('2D SPACE',''
  ) );
#1484 = PCURVE('',#507,#1485);
#1485 = DEFINITIONAL_REPRESENTATION('',(#1486),#1489);
#1486 = B_SPLINE_CURVE_WITH_KNOTS('',1,(#1487,#1488),.UNSPECIFIED.,.F.,
  .F.,(2,2),(-5.999999928008E-07,6.0000006),.PIECEWISE_BEZIER_KNOTS.);
#1487 = CARTESIAN_POINT('',(5.560451059366,-5.999999928008E-07));
#1488 = CARTESIAN_POINT('',(5.560451059366,6.0000006));
#1489 = ( GEOMETRIC_REPRESENTATION_CONTEXT(2) 
PARAMETRIC_REPRESENTATION_CONTEXT() REPRESENTATION_CONTEXT('2D SPACE',''
  ) );
#1490 = ORIENTED_EDGE('',*,*,#1491,.F.);
#1491 = EDGE_CURVE('',#1492,#1471,#1494,.T.);
#1492 = VERTEX_POINT('',#1493);
#1493 = CARTESIAN_POINT('',(233.,147.,32.645751311065));
#1494 = SURFACE_CURVE('',#1495,(#1499,#1505),.PCURVE_S1.);
#1495 = LINE('',#1496,#1497);
#1496 = CARTESIAN_POINT('',(233.,147.,13.5));
#1497 = VECTOR('',#1498,1.);
#1498 = DIRECTION('',(0.,-0.,-1.));
#1499 = PCURVE('',#418,#1500);
#1500 = DEFINITIONAL_REPRESENTATION('',(#1501),#1504);
#1501 = B_SPLINE_CURVE_WITH_KNOTS('',1,(#1502,#1503),.UNSPECIFIED.,.F.,
  .F.,(2,2),(-20.5,-12.5),.PIECEWISE_BEZIER_KNOTS.);
#1502 = CARTESIAN_POINT('',(37.,-300.));
#1503 = CARTESIAN_POINT('',(29.,-300.));
#1504 = ( GEOMETRIC_REPRESENTATION_CONTEXT(2) 
PARAMETRIC_REPRESENTATION_CONTEXT() REPRESENTATION_CONTEXT('2D SPACE',''
  ) );
#1505 = PCURVE('',#1506,#1511);
#1506 = PLANE('',#1507);
#1507 = AXIS2_PLACEMENT_3D('',#1508,#1509,#1510);
#1508 = CARTESIAN_POINT('',(230.,147.,30.));
#1509 = DIRECTION('',(0.,-1.,0.));
#1510 = DIRECTION('',(1.,0.,0.));
#1511 = DEFINITIONAL_REPRESENTATION('',(#1512),#1515);
#1512 = B_SPLINE_CURVE_WITH_KNOTS('',1,(#1513,#1514),.UNSPECIFIED.,.F.,
  .F.,(2,2),(-20.5,-12.5),.PIECEWISE_BEZIER_KNOTS.);
#1513 = CARTESIAN_POINT('',(3.,4.));
#1514 = CARTESIAN_POINT('',(3.,-4.));
#1515 = ( GEOMETRIC_REPRESENTATION_CONTEXT(2) 
PARAMETRIC_REPRESENTATION_CONTEXT() REPRESENTATION_CONTEXT('2D SPACE',''
  ) );
#1516 = ORIENTED_EDGE('',*,*,#1517,.F.);
#1517 = EDGE_CURVE('',#464,#1492,#1518,.T.);
#1518 = SURFACE_CURVE('',#1519,(#1523,#1529),.PCURVE_S1.);
#1519 = LINE('',#1520,#1521);
#1520 = CARTESIAN_POINT('',(233.,153.,32.645751311065));
#1521 = VECTOR('',#1522,1.);
#1522 = DIRECTION('',(0.,-1.,0.));
#1523 = PCURVE('',#418,#1524);
#1524 = DEFINITIONAL_REPRESENTATION('',(#1525),#1528);
#1525 = B_SPLINE_CURVE_WITH_KNOTS('',1,(#1526,#1527),.UNSPECIFIED.,.F.,
  .F.,(2,2),(-5.999999928008E-07,6.0000006),.PIECEWISE_BEZIER_KNOTS.);
#1526 = CARTESIAN_POINT('',(35.645751311065,-306.0000006));
#1527 = CARTESIAN_POINT('',(35.645751311065,-299.9999994));
#1528 = ( GEOMETRIC_REPRESENTATION_CONTEXT(2) 
PARAMETRIC_REPRESENTATION_CONTEXT() REPRESENTATION_CONTEXT('2D SPACE',''
  ) );
#1529 = PCURVE('',#507,#1530);
#1530 = DEFINITIONAL_REPRESENTATION('',(#1531),#1534);
#1531 = B_SPLINE_CURVE_WITH_KNOTS('',1,(#1532,#1533),.UNSPECIFIED.,.F.,
  .F.,(2,2),(-5.999999928008E-07,6.0000006),.PIECEWISE_BEZIER_KNOTS.);
#1532 = CARTESIAN_POINT('',(0.722734247813,-5.999999928008E-07));
#1533 = CARTESIAN_POINT('',(0.722734247813,6.0000006));
#1534 = ( GEOMETRIC_REPRESENTATION_CONTEXT(2) 
PARAMETRIC_REPRESENTATION_CONTEXT() REPRESENTATION_CONTEXT('2D SPACE',''
  ) );
#1535 = ORIENTED_EDGE('',*,*,#463,.T.);
#1536 = ORIENTED_EDGE('',*,*,#1537,.T.);
#1537 = EDGE_CURVE('',#431,#1538,#1540,.T.);
#1538 = VERTEX_POINT('',#1539);
#1539 = CARTESIAN_POINT('',(233.,147.,72.354248688935));
#1540 = SURFACE_CURVE('',#1541,(#1545,#1551),.PCURVE_S1.);
#1541 = LINE('',#1542,#1543);
#1542 = CARTESIAN_POINT('',(233.,153.,72.354248688935));
#1543 = VECTOR('',#1544,1.);
#1544 = DIRECTION('',(0.,-1.,0.));
#1545 = PCURVE('',#418,#1546);
#1546 = DEFINITIONAL_REPRESENTATION('',(#1547),#1550);
#1547 = B_SPLINE_CURVE_WITH_KNOTS('',1,(#1548,#1549),.UNSPECIFIED.,.F.,
  .F.,(2,2),(-5.999999928008E-07,6.0000006),.PIECEWISE_BEZIER_KNOTS.);
#1548 = CARTESIAN_POINT('',(75.354248688935,-306.0000006));
#1549 = CARTESIAN_POINT('',(75.354248688935,-299.9999994));
#1550 = ( GEOMETRIC_REPRESENTATION_CONTEXT(2) 
PARAMETRIC_REPRESENTATION_CONTEXT() REPRESENTATION_CONTEXT('2D SPACE',''
  ) );
#1551 = PCURVE('',#451,#1552);
#1552 = DEFINITIONAL_REPRESENTATION('',(#1553),#1556);
#1553 = B_SPLINE_CURVE_WITH_KNOTS('',1,(#1554,#1555),.UNSPECIFIED.,.F.,
  .F.,(2,2),(-5.999999928008E-07,6.0000006),.PIECEWISE_BEZIER_KNOTS.);
#1554 = CARTESIAN_POINT('',(5.560451059366,-5.999999928008E-07));
#1555 = CARTESIAN_POINT('',(5.560451059366,6.0000006));
#1556 = ( GEOMETRIC_REPRESENTATION_CONTEXT(2) 
PARAMETRIC_REPRESENTATION_CONTEXT() REPRESENTATION_CONTEXT('2D SPACE',''
  ) );
#1557 = ORIENTED_EDGE('',*,*,#1558,.F.);
#1558 = EDGE_CURVE('',#1559,#1538,#1561,.T.);
#1559 = VERTEX_POINT('',#1560);
#1560 = CARTESIAN_POINT('',(233.,147.,77.645751311065));
#1561 = SURFACE_CURVE('',#1562,(#1566,#1572),.PCURVE_S1.);
#1562 = LINE('',#1563,#1564);
#1563 = CARTESIAN_POINT('',(233.,147.,36.));
#1564 = VECTOR('',#1565,1.);
#1565 = DIRECTION('',(0.,-0.,-1.));
#1566 = PCURVE('',#418,#1567);
#1567 = DEFINITIONAL_REPRESENTATION('',(#1568),#1571);
#1568 = B_SPLINE_CURVE_WITH_KNOTS('',1,(#1569,#1570),.UNSPECIFIED.,.F.,
  .F.,(2,2),(-43.,-35.),.PIECEWISE_BEZIER_KNOTS.);
#1569 = CARTESIAN_POINT('',(82.,-300.));
#1570 = CARTESIAN_POINT('',(74.,-300.));
#1571 = ( GEOMETRIC_REPRESENTATION_CONTEXT(2) 
PARAMETRIC_REPRESENTATION_CONTEXT() REPRESENTATION_CONTEXT('2D SPACE',''
  ) );
#1572 = PCURVE('',#1573,#1578);
#1573 = PLANE('',#1574);
#1574 = AXIS2_PLACEMENT_3D('',#1575,#1576,#1577);
#1575 = CARTESIAN_POINT('',(230.,147.,75.));
#1576 = DIRECTION('',(0.,-1.,0.));
#1577 = DIRECTION('',(1.,0.,0.));
#1578 = DEFINITIONAL_REPRESENTATION('',(#1579),#1582);
#1579 = B_SPLINE_CURVE_WITH_KNOTS('',1,(#1580,#1581),.UNSPECIFIED.,.F.,
  .F.,(2,2),(-43.,-35.),.PIECEWISE_BEZIER_KNOTS.);
#1580 = CARTESIAN_POINT('',(3.,4.));
#1581 = CARTESIAN_POINT('',(3.,-4.));
#1582 = ( GEOMETRIC_REPRESENTATION_CONTEXT(2) 
PARAMETRIC_REPRESENTATION_CONTEXT() REPRESENTATION_CONTEXT('2D SPACE',''
  ) );
#1583 = ORIENTED_EDGE('',*,*,#1584,.F.);
#1584 = EDGE_CURVE('',#403,#1559,#1585,.T.);
#1585 = SURFACE_CURVE('',#1586,(#1590,#1596),.PCURVE_S1.);
#1586 = LINE('',#1587,#1588);
#1587 = CARTESIAN_POINT('',(233.,153.,77.645751311065));
#1588 = VECTOR('',#1589,1.);
#1589 = DIRECTION('',(0.,-1.,0.));
#1590 = PCURVE('',#418,#1591);
#1591 = DEFINITIONAL_REPRESENTATION('',(#1592),#1595);
#1592 = B_SPLINE_CURVE_WITH_KNOTS('',1,(#1593,#1594),.UNSPECIFIED.,.F.,
  .F.,(2,2),(-5.999999928008E-07,6.0000006),.PIECEWISE_BEZIER_KNOTS.);
#1593 = CARTESIAN_POINT('',(80.645751311065,-306.0000006));
#1594 = CARTESIAN_POINT('',(80.645751311065,-299.9999994));
#1595 = ( GEOMETRIC_REPRESENTATION_CONTEXT(2) 
PARAMETRIC_REPRESENTATION_CONTEXT() REPRESENTATION_CONTEXT('2D SPACE',''
  ) );
#1596 = PCURVE('',#451,#1597);
#1597 = DEFINITIONAL_REPRESENTATION('',(#1598),#1601);
#1598 = B_SPLINE_CURVE_WITH_KNOTS('',1,(#1599,#1600),.UNSPECIFIED.,.F.,
  .F.,(2,2),(-5.999999928008E-07,6.0000006),.PIECEWISE_BEZIER_KNOTS.);
#1599 = CARTESIAN_POINT('',(0.722734247813,-5.999999928008E-07));
#1600 = CARTESIAN_POINT('',(0.722734247813,6.0000006));
#1601 = ( GEOMETRIC_REPRESENTATION_CONTEXT(2) 
PARAMETRIC_REPRESENTATION_CONTEXT() REPRESENTATION_CONTEXT('2D SPACE',''
  ) );
#1602 = ADVANCED_FACE('',(#1603),#507,.F.);
#1603 = FACE_BOUND('',#1604,.F.);
#1604 = EDGE_LOOP('',(#1605,#1629,#1630,#1631,#1632,#1656,#1677,#1705));
#1605 = ORIENTED_EDGE('',*,*,#1606,.F.);
#1606 = EDGE_CURVE('',#1492,#1607,#1609,.T.);
#1607 = VERTEX_POINT('',#1608);
#1608 = CARTESIAN_POINT('',(230.,147.,34.));
#1609 = SURFACE_CURVE('',#1610,(#1615,#1622),.PCURVE_S1.);
#1610 = CIRCLE('',#1611,4.);
#1611 = AXIS2_PLACEMENT_3D('',#1612,#1613,#1614);
#1612 = CARTESIAN_POINT('',(230.,147.,30.));
#1613 = DIRECTION('',(0.,-1.,0.));
#1614 = DIRECTION('',(1.,0.,0.));
#1615 = PCURVE('',#507,#1616);
#1616 = DEFINITIONAL_REPRESENTATION('',(#1617),#1621);
#1617 = LINE('',#1618,#1619);
#1618 = CARTESIAN_POINT('',(0.,6.));
#1619 = VECTOR('',#1620,1.);
#1620 = DIRECTION('',(1.,0.));
#1621 = ( GEOMETRIC_REPRESENTATION_CONTEXT(2) 
PARAMETRIC_REPRESENTATION_CONTEXT() REPRESENTATION_CONTEXT('2D SPACE',''
  ) );
#1622 = PCURVE('',#1506,#1623);
#1623 = DEFINITIONAL_REPRESENTATION('',(#1624),#1628);
#1624 = CIRCLE('',#1625,4.);
#1625 = AXIS2_PLACEMENT_2D('',#1626,#1627);
#1626 = CARTESIAN_POINT('',(0.,0.));
#1627 = DIRECTION('',(1.,0.));
#1628 = ( GEOMETRIC_REPRESENTATION_CONTEXT(2) 
PARAMETRIC_REPRESENTATION_CONTEXT() REPRESENTATION_CONTEXT('2D SPACE',''
  ) );
#1629 = ORIENTED_EDGE('',*,*,#1517,.F.);
#1630 = ORIENTED_EDGE('',*,*,#486,.T.);
#1631 = ORIENTED_EDGE('',*,*,#1470,.T.);
#1632 = ORIENTED_EDGE('',*,*,#1633,.F.);
#1633 = EDGE_CURVE('',#1634,#1471,#1636,.T.);
#1634 = VERTEX_POINT('',#1635);
#1635 = CARTESIAN_POINT('',(230.,147.,26.));
#1636 = SURFACE_CURVE('',#1637,(#1642,#1649),.PCURVE_S1.);
#1637 = CIRCLE('',#1638,4.);
#1638 = AXIS2_PLACEMENT_3D('',#1639,#1640,#1641);
#1639 = CARTESIAN_POINT('',(230.,147.,30.));
#1640 = DIRECTION('',(0.,-1.,0.));
#1641 = DIRECTION('',(1.,0.,0.));
#1642 = PCURVE('',#507,#1643);
#1643 = DEFINITIONAL_REPRESENTATION('',(#1644),#1648);
#1644 = LINE('',#1645,#1646);
#1645 = CARTESIAN_POINT('',(0.,6.));
#1646 = VECTOR('',#1647,1.);
#1647 = DIRECTION('',(1.,0.));
#1648 = ( GEOMETRIC_REPRESENTATION_CONTEXT(2) 
PARAMETRIC_REPRESENTATION_CONTEXT() REPRESENTATION_CONTEXT('2D SPACE',''
  ) );
#1649 = PCURVE('',#1506,#1650);
#1650 = DEFINITIONAL_REPRESENTATION('',(#1651),#1655);
#1651 = CIRCLE('',#1652,4.);
#1652 = AXIS2_PLACEMENT_2D('',#1653,#1654);
#1653 = CARTESIAN_POINT('',(0.,0.));
#1654 = DIRECTION('',(1.,0.));
#1655 = ( GEOMETRIC_REPRESENTATION_CONTEXT(2) 
PARAMETRIC_REPRESENTATION_CONTEXT() REPRESENTATION_CONTEXT('2D SPACE',''
  ) );
#1656 = ORIENTED_EDGE('',*,*,#1657,.F.);
#1657 = EDGE_CURVE('',#1658,#1634,#1660,.T.);
#1658 = VERTEX_POINT('',#1659);
#1659 = CARTESIAN_POINT('',(230.,150.,26.));
#1660 = SURFACE_CURVE('',#1661,(#1665,#1671),.PCURVE_S1.);
#1661 = LINE('',#1662,#1663);
#1662 = CARTESIAN_POINT('',(230.,153.,26.));
#1663 = VECTOR('',#1664,1.);
#1664 = DIRECTION('',(0.,-1.,0.));
#1665 = PCURVE('',#507,#1666);
#1666 = DEFINITIONAL_REPRESENTATION('',(#1667),#1670);
#1667 = B_SPLINE_CURVE_WITH_KNOTS('',1,(#1668,#1669),.UNSPECIFIED.,.F.,
  .F.,(2,2),(-5.999999928008E-07,6.0000006),.PIECEWISE_BEZIER_KNOTS.);
#1668 = CARTESIAN_POINT('',(4.712388980385,-5.999999928008E-07));
#1669 = CARTESIAN_POINT('',(4.712388980385,6.0000006));
#1670 = ( GEOMETRIC_REPRESENTATION_CONTEXT(2) 
PARAMETRIC_REPRESENTATION_CONTEXT() REPRESENTATION_CONTEXT('2D SPACE',''
  ) );
#1671 = PCURVE('',#1424,#1672);
#1672 = DEFINITIONAL_REPRESENTATION('',(#1673),#1676);
#1673 = B_SPLINE_CURVE_WITH_KNOTS('',1,(#1674,#1675),.UNSPECIFIED.,.F.,
  .F.,(2,2),(-5.999999928008E-07,6.0000006),.PIECEWISE_BEZIER_KNOTS.);
#1674 = CARTESIAN_POINT('',(26.,-303.0000006));
#1675 = CARTESIAN_POINT('',(26.,-296.9999994));
#1676 = ( GEOMETRIC_REPRESENTATION_CONTEXT(2) 
PARAMETRIC_REPRESENTATION_CONTEXT() REPRESENTATION_CONTEXT('2D SPACE',''
  ) );
#1677 = ORIENTED_EDGE('',*,*,#1678,.F.);
#1678 = EDGE_CURVE('',#1679,#1658,#1681,.T.);
#1679 = VERTEX_POINT('',#1680);
#1680 = CARTESIAN_POINT('',(230.,150.,34.));
#1681 = SURFACE_CURVE('',#1682,(#1687,#1694),.PCURVE_S1.);
#1682 = CIRCLE('',#1683,4.);
#1683 = AXIS2_PLACEMENT_3D('',#1684,#1685,#1686);
#1684 = CARTESIAN_POINT('',(230.,150.,30.));
#1685 = DIRECTION('',(0.,-1.,0.));
#1686 = DIRECTION('',(1.,0.,0.));
#1687 = PCURVE('',#507,#1688);
#1688 = DEFINITIONAL_REPRESENTATION('',(#1689),#1693);
#1689 = LINE('',#1690,#1691);
#1690 = CARTESIAN_POINT('',(0.,3.));
#1691 = VECTOR('',#1692,1.);
#1692 = DIRECTION('',(1.,0.));
#1693 = ( GEOMETRIC_REPRESENTATION_CONTEXT(2) 
PARAMETRIC_REPRESENTATION_CONTEXT() REPRESENTATION_CONTEXT('2D SPACE',''
  ) );
#1694 = PCURVE('',#897,#1695);
#1695 = DEFINITIONAL_REPRESENTATION('',(#1696),#1704);
#1696 = ( BOUNDED_CURVE() B_SPLINE_CURVE(2,(#1697,#1698,#1699,#1700,
#1701,#1702,#1703),.UNSPECIFIED.,.T.,.F.) B_SPLINE_CURVE_WITH_KNOTS((1,2
    ,2,2,2,1),(-2.094395102393,0.,2.094395102393,4.188790204786,
6.28318530718,8.377580409573),.UNSPECIFIED.) CURVE() 
GEOMETRIC_REPRESENTATION_ITEM() RATIONAL_B_SPLINE_CURVE((1.,0.5,1.,0.5,
1.,0.5,1.)) REPRESENTATION_ITEM('') );
#1697 = CARTESIAN_POINT('',(30.,464.));
#1698 = CARTESIAN_POINT('',(36.928203230276,464.));
#1699 = CARTESIAN_POINT('',(33.464101615138,458.));
#1700 = CARTESIAN_POINT('',(30.,452.));
#1701 = CARTESIAN_POINT('',(26.535898384862,458.));
#1702 = CARTESIAN_POINT('',(23.071796769724,464.));
#1703 = CARTESIAN_POINT('',(30.,464.));
#1704 = ( GEOMETRIC_REPRESENTATION_CONTEXT(2) 
PARAMETRIC_REPRESENTATION_CONTEXT() REPRESENTATION_CONTEXT('2D SPACE',''
  ) );
#1705 = ORIENTED_EDGE('',*,*,#1706,.T.);
#1706 = EDGE_CURVE('',#1679,#1607,#1707,.T.);
#1707 = SURFACE_CURVE('',#1708,(#1712,#1718),.PCURVE_S1.);
#1708 = LINE('',#1709,#1710);
#1709 = CARTESIAN_POINT('',(230.,153.,34.));
#1710 = VECTOR('',#1711,1.);
#1711 = DIRECTION('',(0.,-1.,0.));
#1712 = PCURVE('',#507,#1713);
#1713 = DEFINITIONAL_REPRESENTATION('',(#1714),#1717);
#1714 = B_SPLINE_CURVE_WITH_KNOTS('',1,(#1715,#1716),.UNSPECIFIED.,.F.,
  .F.,(2,2),(-5.999999928008E-07,6.0000006),.PIECEWISE_BEZIER_KNOTS.);
#1715 = CARTESIAN_POINT('',(1.570796326795,-5.999999928008E-07));
#1716 = CARTESIAN_POINT('',(1.570796326795,6.0000006));
#1717 = ( GEOMETRIC_REPRESENTATION_CONTEXT(2) 
PARAMETRIC_REPRESENTATION_CONTEXT() REPRESENTATION_CONTEXT('2D SPACE',''
  ) );
#1718 = PCURVE('',#1424,#1719);
#1719 = DEFINITIONAL_REPRESENTATION('',(#1720),#1723);
#1720 = B_SPLINE_CURVE_WITH_KNOTS('',1,(#1721,#1722),.UNSPECIFIED.,.F.,
  .F.,(2,2),(-5.999999928008E-07,6.0000006),.PIECEWISE_BEZIER_KNOTS.);
#1721 = CARTESIAN_POINT('',(34.,-303.0000006));
#1722 = CARTESIAN_POINT('',(34.,-296.9999994));
#1723 = ( GEOMETRIC_REPRESENTATION_CONTEXT(2) 
PARAMETRIC_REPRESENTATION_CONTEXT() REPRESENTATION_CONTEXT('2D SPACE',''
  ) );
#1724 = ADVANCED_FACE('',(#1725),#451,.F.);
#1725 = FACE_BOUND('',#1726,.F.);
#1726 = EDGE_LOOP('',(#1727,#1751,#1752,#1753,#1754,#1778,#1799,#1827));
#1727 = ORIENTED_EDGE('',*,*,#1728,.F.);
#1728 = EDGE_CURVE('',#1559,#1729,#1731,.T.);
#1729 = VERTEX_POINT('',#1730);
#1730 = CARTESIAN_POINT('',(230.,147.,79.));
#1731 = SURFACE_CURVE('',#1732,(#1737,#1744),.PCURVE_S1.);
#1732 = CIRCLE('',#1733,4.);
#1733 = AXIS2_PLACEMENT_3D('',#1734,#1735,#1736);
#1734 = CARTESIAN_POINT('',(230.,147.,75.));
#1735 = DIRECTION('',(0.,-1.,0.));
#1736 = DIRECTION('',(1.,0.,0.));
#1737 = PCURVE('',#451,#1738);
#1738 = DEFINITIONAL_REPRESENTATION('',(#1739),#1743);
#1739 = LINE('',#1740,#1741);
#1740 = CARTESIAN_POINT('',(0.,6.));
#1741 = VECTOR('',#1742,1.);
#1742 = DIRECTION('',(1.,0.));
#1743 = ( GEOMETRIC_REPRESENTATION_CONTEXT(2) 
PARAMETRIC_REPRESENTATION_CONTEXT() REPRESENTATION_CONTEXT('2D SPACE',''
  ) );
#1744 = PCURVE('',#1573,#1745);
#1745 = DEFINITIONAL_REPRESENTATION('',(#1746),#1750);
#1746 = CIRCLE('',#1747,4.);
#1747 = AXIS2_PLACEMENT_2D('',#1748,#1749);
#1748 = CARTESIAN_POINT('',(0.,0.));
#1749 = DIRECTION('',(1.,0.));
#1750 = ( GEOMETRIC_REPRESENTATION_CONTEXT(2) 
PARAMETRIC_REPRESENTATION_CONTEXT() REPRESENTATION_CONTEXT('2D SPACE',''
  ) );
#1751 = ORIENTED_EDGE('',*,*,#1584,.F.);
#1752 = ORIENTED_EDGE('',*,*,#430,.T.);
#1753 = ORIENTED_EDGE('',*,*,#1537,.T.);
#1754 = ORIENTED_EDGE('',*,*,#1755,.F.);
#1755 = EDGE_CURVE('',#1756,#1538,#1758,.T.);
#1756 = VERTEX_POINT('',#1757);
#1757 = CARTESIAN_POINT('',(230.,147.,71.));
#1758 = SURFACE_CURVE('',#1759,(#1764,#1771),.PCURVE_S1.);
#1759 = CIRCLE('',#1760,4.);
#1760 = AXIS2_PLACEMENT_3D('',#1761,#1762,#1763);
#1761 = CARTESIAN_POINT('',(230.,147.,75.));
#1762 = DIRECTION('',(0.,-1.,0.));
#1763 = DIRECTION('',(1.,0.,0.));
#1764 = PCURVE('',#451,#1765);
#1765 = DEFINITIONAL_REPRESENTATION('',(#1766),#1770);
#1766 = LINE('',#1767,#1768);
#1767 = CARTESIAN_POINT('',(0.,6.));
#1768 = VECTOR('',#1769,1.);
#1769 = DIRECTION('',(1.,0.));
#1770 = ( GEOMETRIC_REPRESENTATION_CONTEXT(2) 
PARAMETRIC_REPRESENTATION_CONTEXT() REPRESENTATION_CONTEXT('2D SPACE',''
  ) );
#1771 = PCURVE('',#1573,#1772);
#1772 = DEFINITIONAL_REPRESENTATION('',(#1773),#1777);
#1773 = CIRCLE('',#1774,4.);
#1774 = AXIS2_PLACEMENT_2D('',#1775,#1776);
#1775 = CARTESIAN_POINT('',(0.,0.));
#1776 = DIRECTION('',(1.,0.));
#1777 = ( GEOMETRIC_REPRESENTATION_CONTEXT(2) 
PARAMETRIC_REPRESENTATION_CONTEXT() REPRESENTATION_CONTEXT('2D SPACE',''
  ) );
#1778 = ORIENTED_EDGE('',*,*,#1779,.F.);
#1779 = EDGE_CURVE('',#1780,#1756,#1782,.T.);
#1780 = VERTEX_POINT('',#1781);
#1781 = CARTESIAN_POINT('',(230.,150.,71.));
#1782 = SURFACE_CURVE('',#1783,(#1787,#1793),.PCURVE_S1.);
#1783 = LINE('',#1784,#1785);
#1784 = CARTESIAN_POINT('',(230.,153.,71.));
#1785 = VECTOR('',#1786,1.);
#1786 = DIRECTION('',(0.,-1.,0.));
#1787 = PCURVE('',#451,#1788);
#1788 = DEFINITIONAL_REPRESENTATION('',(#1789),#1792);
#1789 = B_SPLINE_CURVE_WITH_KNOTS('',1,(#1790,#1791),.UNSPECIFIED.,.F.,
  .F.,(2,2),(-5.999999928008E-07,6.0000006),.PIECEWISE_BEZIER_KNOTS.);
#1790 = CARTESIAN_POINT('',(4.712388980385,-5.999999928008E-07));
#1791 = CARTESIAN_POINT('',(4.712388980385,6.0000006));
#1792 = ( GEOMETRIC_REPRESENTATION_CONTEXT(2) 
PARAMETRIC_REPRESENTATION_CONTEXT() REPRESENTATION_CONTEXT('2D SPACE',''
  ) );
#1793 = PCURVE('',#1424,#1794);
#1794 = DEFINITIONAL_REPRESENTATION('',(#1795),#1798);
#1795 = B_SPLINE_CURVE_WITH_KNOTS('',1,(#1796,#1797),.UNSPECIFIED.,.F.,
  .F.,(2,2),(-5.999999928008E-07,6.0000006),.PIECEWISE_BEZIER_KNOTS.);
#1796 = CARTESIAN_POINT('',(71.,-303.0000006));
#1797 = CARTESIAN_POINT('',(71.,-296.9999994));
#1798 = ( GEOMETRIC_REPRESENTATION_CONTEXT(2) 
PARAMETRIC_REPRESENTATION_CONTEXT() REPRESENTATION_CONTEXT('2D SPACE',''
  ) );
#1799 = ORIENTED_EDGE('',*,*,#1800,.F.);
#1800 = EDGE_CURVE('',#1801,#1780,#1803,.T.);
#1801 = VERTEX_POINT('',#1802);
#1802 = CARTESIAN_POINT('',(230.,150.,79.));
#1803 = SURFACE_CURVE('',#1804,(#1809,#1816),.PCURVE_S1.);
#1804 = CIRCLE('',#1805,4.);
#1805 = AXIS2_PLACEMENT_3D('',#1806,#1807,#1808);
#1806 = CARTESIAN_POINT('',(230.,150.,75.));
#1807 = DIRECTION('',(0.,-1.,0.));
#1808 = DIRECTION('',(1.,0.,0.));
#1809 = PCURVE('',#451,#1810);
#1810 = DEFINITIONAL_REPRESENTATION('',(#1811),#1815);
#1811 = LINE('',#1812,#1813);
#1812 = CARTESIAN_POINT('',(0.,3.));
#1813 = VECTOR('',#1814,1.);
#1814 = DIRECTION('',(1.,0.));
#1815 = ( GEOMETRIC_REPRESENTATION_CONTEXT(2) 
PARAMETRIC_REPRESENTATION_CONTEXT() REPRESENTATION_CONTEXT('2D SPACE',''
  ) );
#1816 = PCURVE('',#897,#1817);
#1817 = DEFINITIONAL_REPRESENTATION('',(#1818),#1826);
#1818 = ( BOUNDED_CURVE() B_SPLINE_CURVE(2,(#1819,#1820,#1821,#1822,
#1823,#1824,#1825),.UNSPECIFIED.,.T.,.F.) B_SPLINE_CURVE_WITH_KNOTS((1,2
    ,2,2,2,1),(-2.094395102393,0.,2.094395102393,4.188790204786,
6.28318530718,8.377580409573),.UNSPECIFIED.) CURVE() 
GEOMETRIC_REPRESENTATION_ITEM() RATIONAL_B_SPLINE_CURVE((1.,0.5,1.,0.5,
1.,0.5,1.)) REPRESENTATION_ITEM('') );
#1819 = CARTESIAN_POINT('',(75.,464.));
#1820 = CARTESIAN_POINT('',(81.928203230275,464.));
#1821 = CARTESIAN_POINT('',(78.464101615138,458.));
#1822 = CARTESIAN_POINT('',(75.,452.));
#1823 = CARTESIAN_POINT('',(71.535898384862,458.));
#1824 = CARTESIAN_POINT('',(68.071796769724,464.));
#1825 = CARTESIAN_POINT('',(75.,464.));
#1826 = ( GEOMETRIC_REPRESENTATION_CONTEXT(2) 
PARAMETRIC_REPRESENTATION_CONTEXT() REPRESENTATION_CONTEXT('2D SPACE',''
  ) );
#1827 = ORIENTED_EDGE('',*,*,#1828,.T.);
#1828 = EDGE_CURVE('',#1801,#1729,#1829,.T.);
#1829 = SURFACE_CURVE('',#1830,(#1834,#1840),.PCURVE_S1.);
#1830 = LINE('',#1831,#1832);
#1831 = CARTESIAN_POINT('',(230.,153.,79.));
#1832 = VECTOR('',#1833,1.);
#1833 = DIRECTION('',(0.,-1.,0.));
#1834 = PCURVE('',#451,#1835);
#1835 = DEFINITIONAL_REPRESENTATION('',(#1836),#1839);
#1836 = B_SPLINE_CURVE_WITH_KNOTS('',1,(#1837,#1838),.UNSPECIFIED.,.F.,
  .F.,(2,2),(-5.999999928008E-07,6.0000006),.PIECEWISE_BEZIER_KNOTS.);
#1837 = CARTESIAN_POINT('',(1.570796326795,-5.999999928008E-07));
#1838 = CARTESIAN_POINT('',(1.570796326795,6.0000006));
#1839 = ( GEOMETRIC_REPRESENTATION_CONTEXT(2) 
PARAMETRIC_REPRESENTATION_CONTEXT() REPRESENTATION_CONTEXT('2D SPACE',''
  ) );
#1840 = PCURVE('',#1424,#1841);
#1841 = DEFINITIONAL_REPRESENTATION('',(#1842),#1845);
#1842 = B_SPLINE_CURVE_WITH_KNOTS('',1,(#1843,#1844),.UNSPECIFIED.,.F.,
  .F.,(2,2),(-5.999999928008E-07,6.0000006),.PIECEWISE_BEZIER_KNOTS.);
#1843 = CARTESIAN_POINT('',(79.,-303.0000006));
#1844 = CARTESIAN_POINT('',(79.,-296.9999994));
#1845 = ( GEOMETRIC_REPRESENTATION_CONTEXT(2) 
PARAMETRIC_REPRESENTATION_CONTEXT() REPRESENTATION_CONTEXT('2D SPACE',''
  ) );
#1846 = ADVANCED_FACE('',(#1847),#641,.F.);
#1847 = FACE_BOUND('',#1848,.F.);
#1848 = EDGE_LOOP('',(#1849,#1877,#1898,#1899));
#1849 = ORIENTED_EDGE('',*,*,#1850,.F.);
#1850 = EDGE_CURVE('',#1851,#1851,#1853,.T.);
#1851 = VERTEX_POINT('',#1852);
#1852 = CARTESIAN_POINT('',(-111.,150.,30.));
#1853 = SURFACE_CURVE('',#1854,(#1859,#1866),.PCURVE_S1.);
#1854 = CIRCLE('',#1855,4.);
#1855 = AXIS2_PLACEMENT_3D('',#1856,#1857,#1858);
#1856 = CARTESIAN_POINT('',(-115.,150.,30.));
#1857 = DIRECTION('',(0.,-1.,0.));
#1858 = DIRECTION('',(1.,0.,0.));
#1859 = PCURVE('',#641,#1860);
#1860 = DEFINITIONAL_REPRESENTATION('',(#1861),#1865);
#1861 = LINE('',#1862,#1863);
#1862 = CARTESIAN_POINT('',(0.,3.));
#1863 = VECTOR('',#1864,1.);
#1864 = DIRECTION('',(1.,0.));
#1865 = ( GEOMETRIC_REPRESENTATION_CONTEXT(2) 
PARAMETRIC_REPRESENTATION_CONTEXT() REPRESENTATION_CONTEXT('2D SPACE',''
  ) );
#1866 = PCURVE('',#897,#1867);
#1867 = DEFINITIONAL_REPRESENTATION('',(#1868),#1876);
#1868 = ( BOUNDED_CURVE() B_SPLINE_CURVE(2,(#1869,#1870,#1871,#1872,
#1873,#1874,#1875),.UNSPECIFIED.,.T.,.F.) B_SPLINE_CURVE_WITH_KNOTS((1,2
    ,2,2,2,1),(-2.094395102393,0.,2.094395102393,4.188790204786,
6.28318530718,8.377580409573),.UNSPECIFIED.) CURVE() 
GEOMETRIC_REPRESENTATION_ITEM() RATIONAL_B_SPLINE_CURVE((1.,0.5,1.,0.5,
1.,0.5,1.)) REPRESENTATION_ITEM('') );
#1869 = CARTESIAN_POINT('',(30.,119.));
#1870 = CARTESIAN_POINT('',(36.928203230276,119.));
#1871 = CARTESIAN_POINT('',(33.464101615138,113.));
#1872 = CARTESIAN_POINT('',(30.,107.));
#1873 = CARTESIAN_POINT('',(26.535898384862,113.));
#1874 = CARTESIAN_POINT('',(23.071796769724,119.));
#1875 = CARTESIAN_POINT('',(30.,119.));
#1876 = ( GEOMETRIC_REPRESENTATION_CONTEXT(2) 
PARAMETRIC_REPRESENTATION_CONTEXT() REPRESENTATION_CONTEXT('2D SPACE',''
  ) );
#1877 = ORIENTED_EDGE('',*,*,#1878,.F.);
#1878 = EDGE_CURVE('',#621,#1851,#1879,.T.);
#1879 = SEAM_CURVE('',#1880,(#1884,#1891),.PCURVE_S1.);
#1880 = LINE('',#1881,#1882);
#1881 = CARTESIAN_POINT('',(-111.,153.,30.));
#1882 = VECTOR('',#1883,1.);
#1883 = DIRECTION('',(0.,-1.,0.));
#1884 = PCURVE('',#641,#1885);
#1885 = DEFINITIONAL_REPRESENTATION('',(#1886),#1890);
#1886 = LINE('',#1887,#1888);
#1887 = CARTESIAN_POINT('',(6.28318530718,-0.));
#1888 = VECTOR('',#1889,1.);
#1889 = DIRECTION('',(0.,1.));
#1890 = ( GEOMETRIC_REPRESENTATION_CONTEXT(2) 
PARAMETRIC_REPRESENTATION_CONTEXT() REPRESENTATION_CONTEXT('2D SPACE',''
  ) );
#1891 = PCURVE('',#641,#1892);
#1892 = DEFINITIONAL_REPRESENTATION('',(#1893),#1897);
#1893 = LINE('',#1894,#1895);
#1894 = CARTESIAN_POINT('',(0.,-0.));
#1895 = VECTOR('',#1896,1.);
#1896 = DIRECTION('',(0.,1.));
#1897 = ( GEOMETRIC_REPRESENTATION_CONTEXT(2) 
PARAMETRIC_REPRESENTATION_CONTEXT() REPRESENTATION_CONTEXT('2D SPACE',''
  ) );
#1898 = ORIENTED_EDGE('',*,*,#620,.T.);
#1899 = ORIENTED_EDGE('',*,*,#1878,.T.);
#1900 = ADVANCED_FACE('',(#1901),#676,.F.);
#1901 = FACE_BOUND('',#1902,.F.);
#1902 = EDGE_LOOP('',(#1903,#1931,#1952,#1953));
#1903 = ORIENTED_EDGE('',*,*,#1904,.F.);
#1904 = EDGE_CURVE('',#1905,#1905,#1907,.T.);
#1905 = VERTEX_POINT('',#1906);
#1906 = CARTESIAN_POINT('',(-111.,150.,75.));
#1907 = SURFACE_CURVE('',#1908,(#1913,#1920),.PCURVE_S1.);
#1908 = CIRCLE('',#1909,4.);
#1909 = AXIS2_PLACEMENT_3D('',#1910,#1911,#1912);
#1910 = CARTESIAN_POINT('',(-115.,150.,75.));
#1911 = DIRECTION('',(0.,-1.,0.));
#1912 = DIRECTION('',(1.,0.,0.));
#1913 = PCURVE('',#676,#1914);
#1914 = DEFINITIONAL_REPRESENTATION('',(#1915),#1919);
#1915 = LINE('',#1916,#1917);
#1916 = CARTESIAN_POINT('',(0.,3.));
#1917 = VECTOR('',#1918,1.);
#1918 = DIRECTION('',(1.,0.));
#1919 = ( GEOMETRIC_REPRESENTATION_CONTEXT(2) 
PARAMETRIC_REPRESENTATION_CONTEXT() REPRESENTATION_CONTEXT('2D SPACE',''
  ) );
#1920 = PCURVE('',#897,#1921);
#1921 = DEFINITIONAL_REPRESENTATION('',(#1922),#1930);
#1922 = ( BOUNDED_CURVE() B_SPLINE_CURVE(2,(#1923,#1924,#1925,#1926,
#1927,#1928,#1929),.UNSPECIFIED.,.T.,.F.) B_SPLINE_CURVE_WITH_KNOTS((1,2
    ,2,2,2,1),(-2.094395102393,0.,2.094395102393,4.188790204786,
6.28318530718,8.377580409573),.UNSPECIFIED.) CURVE() 
GEOMETRIC_REPRESENTATION_ITEM() RATIONAL_B_SPLINE_CURVE((1.,0.5,1.,0.5,
1.,0.5,1.)) REPRESENTATION_ITEM('') );
#1923 = CARTESIAN_POINT('',(75.,119.));
#1924 = CARTESIAN_POINT('',(81.928203230275,119.));
#1925 = CARTESIAN_POINT('',(78.464101615138,113.));
#1926 = CARTESIAN_POINT('',(75.,107.));
#1927 = CARTESIAN_POINT('',(71.535898384862,113.));
#1928 = CARTESIAN_POINT('',(68.071796769724,119.));
#1929 = CARTESIAN_POINT('',(75.,119.));
#1930 = ( GEOMETRIC_REPRESENTATION_CONTEXT(2) 
PARAMETRIC_REPRESENTATION_CONTEXT() REPRESENTATION_CONTEXT('2D SPACE',''
  ) );
#1931 = ORIENTED_EDGE('',*,*,#1932,.F.);
#1932 = EDGE_CURVE('',#656,#1905,#1933,.T.);
#1933 = SEAM_CURVE('',#1934,(#1938,#1945),.PCURVE_S1.);
#1934 = LINE('',#1935,#1936);
#1935 = CARTESIAN_POINT('',(-111.,153.,75.));
#1936 = VECTOR('',#1937,1.);
#1937 = DIRECTION('',(0.,-1.,0.));
#1938 = PCURVE('',#676,#1939);
#1939 = DEFINITIONAL_REPRESENTATION('',(#1940),#1944);
#1940 = LINE('',#1941,#1942);
#1941 = CARTESIAN_POINT('',(6.28318530718,-0.));
#1942 = VECTOR('',#1943,1.);
#1943 = DIRECTION('',(0.,1.));
#1944 = ( GEOMETRIC_REPRESENTATION_CONTEXT(2) 
PARAMETRIC_REPRESENTATION_CONTEXT() REPRESENTATION_CONTEXT('2D SPACE',''
  ) );
#1945 = PCURVE('',#676,#1946);
#1946 = DEFINITIONAL_REPRESENTATION('',(#1947),#1951);
#1947 = LINE('',#1948,#1949);
#1948 = CARTESIAN_POINT('',(0.,-0.));
#1949 = VECTOR('',#1950,1.);
#1950 = DIRECTION('',(0.,1.));
#1951 = ( GEOMETRIC_REPRESENTATION_CONTEXT(2) 
PARAMETRIC_REPRESENTATION_CONTEXT() REPRESENTATION_CONTEXT('2D SPACE',''
  ) );
#1952 = ORIENTED_EDGE('',*,*,#655,.T.);
#1953 = ORIENTED_EDGE('',*,*,#1932,.T.);
#1954 = ADVANCED_FACE('',(#1955),#711,.F.);
#1955 = FACE_BOUND('',#1956,.F.);
#1956 = EDGE_LOOP('',(#1957,#1985,#2006,#2007));
#1957 = ORIENTED_EDGE('',*,*,#1958,.F.);
#1958 = EDGE_CURVE('',#1959,#1959,#1961,.T.);
#1959 = VERTEX_POINT('',#1960);
#1960 = CARTESIAN_POINT('',(4.,150.,30.));
#1961 = SURFACE_CURVE('',#1962,(#1967,#1974),.PCURVE_S1.);
#1962 = CIRCLE('',#1963,4.);
#1963 = AXIS2_PLACEMENT_3D('',#1964,#1965,#1966);
#1964 = CARTESIAN_POINT('',(0.,150.,30.));
#1965 = DIRECTION('',(0.,-1.,0.));
#1966 = DIRECTION('',(1.,0.,0.));
#1967 = PCURVE('',#711,#1968);
#1968 = DEFINITIONAL_REPRESENTATION('',(#1969),#1973);
#1969 = LINE('',#1970,#1971);
#1970 = CARTESIAN_POINT('',(0.,3.));
#1971 = VECTOR('',#1972,1.);
#1972 = DIRECTION('',(1.,0.));
#1973 = ( GEOMETRIC_REPRESENTATION_CONTEXT(2) 
PARAMETRIC_REPRESENTATION_CONTEXT() REPRESENTATION_CONTEXT('2D SPACE',''
  ) );
#1974 = PCURVE('',#897,#1975);
#1975 = DEFINITIONAL_REPRESENTATION('',(#1976),#1984);
#1976 = ( BOUNDED_CURVE() B_SPLINE_CURVE(2,(#1977,#1978,#1979,#1980,
#1981,#1982,#1983),.UNSPECIFIED.,.T.,.F.) B_SPLINE_CURVE_WITH_KNOTS((1,2
    ,2,2,2,1),(-2.094395102393,0.,2.094395102393,4.188790204786,
6.28318530718,8.377580409573),.UNSPECIFIED.) CURVE() 
GEOMETRIC_REPRESENTATION_ITEM() RATIONAL_B_SPLINE_CURVE((1.,0.5,1.,0.5,
1.,0.5,1.)) REPRESENTATION_ITEM('') );
#1977 = CARTESIAN_POINT('',(30.,234.));
#1978 = CARTESIAN_POINT('',(36.928203230276,234.));
#1979 = CARTESIAN_POINT('',(33.464101615138,228.));
#1980 = CARTESIAN_POINT('',(30.,222.));
#1981 = CARTESIAN_POINT('',(26.535898384862,228.));
#1982 = CARTESIAN_POINT('',(23.071796769724,234.));
#1983 = CARTESIAN_POINT('',(30.,234.));
#1984 = ( GEOMETRIC_REPRESENTATION_CONTEXT(2) 
PARAMETRIC_REPRESENTATION_CONTEXT() REPRESENTATION_CONTEXT('2D SPACE',''
  ) );
#1985 = ORIENTED_EDGE('',*,*,#1986,.F.);
#1986 = EDGE_CURVE('',#691,#1959,#1987,.T.);
#1987 = SEAM_CURVE('',#1988,(#1992,#1999),.PCURVE_S1.);
#1988 = LINE('',#1989,#1990);
#1989 = CARTESIAN_POINT('',(4.,153.,30.));
#1990 = VECTOR('',#1991,1.);
#1991 = DIRECTION('',(0.,-1.,0.));
#1992 = PCURVE('',#711,#1993);
#1993 = DEFINITIONAL_REPRESENTATION('',(#1994),#1998);
#1994 = LINE('',#1995,#1996);
#1995 = CARTESIAN_POINT('',(6.28318530718,-0.));
#1996 = VECTOR('',#1997,1.);
#1997 = DIRECTION('',(0.,1.));
#1998 = ( GEOMETRIC_REPRESENTATION_CONTEXT(2) 
PARAMETRIC_REPRESENTATION_CONTEXT() REPRESENTATION_CONTEXT('2D SPACE',''
  ) );
#1999 = PCURVE('',#711,#2000);
#2000 = DEFINITIONAL_REPRESENTATION('',(#2001),#2005);
#2001 = LINE('',#2002,#2003);
#2002 = CARTESIAN_POINT('',(0.,-0.));
#2003 = VECTOR('',#2004,1.);
#2004 = DIRECTION('',(0.,1.));
#2005 = ( GEOMETRIC_REPRESENTATION_CONTEXT(2) 
PARAMETRIC_REPRESENTATION_CONTEXT() REPRESENTATION_CONTEXT('2D SPACE',''
  ) );
#2006 = ORIENTED_EDGE('',*,*,#690,.T.);
#2007 = ORIENTED_EDGE('',*,*,#1986,.T.);
#2008 = ADVANCED_FACE('',(#2009),#746,.F.);
#2009 = FACE_BOUND('',#2010,.F.);
#2010 = EDGE_LOOP('',(#2011,#2039,#2060,#2061));
#2011 = ORIENTED_EDGE('',*,*,#2012,.F.);
#2012 = EDGE_CURVE('',#2013,#2013,#2015,.T.);
#2013 = VERTEX_POINT('',#2014);
#2014 = CARTESIAN_POINT('',(119.,150.,30.));
#2015 = SURFACE_CURVE('',#2016,(#2021,#2028),.PCURVE_S1.);
#2016 = CIRCLE('',#2017,4.);
#2017 = AXIS2_PLACEMENT_3D('',#2018,#2019,#2020);
#2018 = CARTESIAN_POINT('',(115.,150.,30.));
#2019 = DIRECTION('',(0.,-1.,0.));
#2020 = DIRECTION('',(1.,0.,0.));
#2021 = PCURVE('',#746,#2022);
#2022 = DEFINITIONAL_REPRESENTATION('',(#2023),#2027);
#2023 = LINE('',#2024,#2025);
#2024 = CARTESIAN_POINT('',(0.,3.));
#2025 = VECTOR('',#2026,1.);
#2026 = DIRECTION('',(1.,0.));
#2027 = ( GEOMETRIC_REPRESENTATION_CONTEXT(2) 
PARAMETRIC_REPRESENTATION_CONTEXT() REPRESENTATION_CONTEXT('2D SPACE',''
  ) );
#2028 = PCURVE('',#897,#2029);
#2029 = DEFINITIONAL_REPRESENTATION('',(#2030),#2038);
#2030 = ( BOUNDED_CURVE() B_SPLINE_CURVE(2,(#2031,#2032,#2033,#2034,
#2035,#2036,#2037),.UNSPECIFIED.,.T.,.F.) B_SPLINE_CURVE_WITH_KNOTS((1,2
    ,2,2,2,1),(-2.094395102393,0.,2.094395102393,4.188790204786,
6.28318530718,8.377580409573),.UNSPECIFIED.) CURVE() 
GEOMETRIC_REPRESENTATION_ITEM() RATIONAL_B_SPLINE_CURVE((1.,0.5,1.,0.5,
1.,0.5,1.)) REPRESENTATION_ITEM('') );
#2031 = CARTESIAN_POINT('',(30.,349.));
#2032 = CARTESIAN_POINT('',(36.928203230276,349.));
#2033 = CARTESIAN_POINT('',(33.464101615138,343.));
#2034 = CARTESIAN_POINT('',(30.,337.));
#2035 = CARTESIAN_POINT('',(26.535898384862,343.));
#2036 = CARTESIAN_POINT('',(23.071796769724,349.));
#2037 = CARTESIAN_POINT('',(30.,349.));
#2038 = ( GEOMETRIC_REPRESENTATION_CONTEXT(2) 
PARAMETRIC_REPRESENTATION_CONTEXT() REPRESENTATION_CONTEXT('2D SPACE',''
  ) );
#2039 = ORIENTED_EDGE('',*,*,#2040,.F.);
#2040 = EDGE_CURVE('',#726,#2013,#2041,.T.);
#2041 = SEAM_CURVE('',#2042,(#2046,#2053),.PCURVE_S1.);
#2042 = LINE('',#2043,#2044);
#2043 = CARTESIAN_POINT('',(119.,153.,30.));
#2044 = VECTOR('',#2045,1.);
#2045 = DIRECTION('',(0.,-1.,0.));
#2046 = PCURVE('',#746,#2047);
#2047 = DEFINITIONAL_REPRESENTATION('',(#2048),#2052);
#2048 = LINE('',#2049,#2050);
#2049 = CARTESIAN_POINT('',(6.28318530718,-0.));
#2050 = VECTOR('',#2051,1.);
#2051 = DIRECTION('',(0.,1.));
#2052 = ( GEOMETRIC_REPRESENTATION_CONTEXT(2) 
PARAMETRIC_REPRESENTATION_CONTEXT() REPRESENTATION_CONTEXT('2D SPACE',''
  ) );
#2053 = PCURVE('',#746,#2054);
#2054 = DEFINITIONAL_REPRESENTATION('',(#2055),#2059);
#2055 = LINE('',#2056,#2057);
#2056 = CARTESIAN_POINT('',(0.,-0.));
#2057 = VECTOR('',#2058,1.);
#2058 = DIRECTION('',(0.,1.));
#2059 = ( GEOMETRIC_REPRESENTATION_CONTEXT(2) 
PARAMETRIC_REPRESENTATION_CONTEXT() REPRESENTATION_CONTEXT('2D SPACE',''
  ) );
#2060 = ORIENTED_EDGE('',*,*,#725,.T.);
#2061 = ORIENTED_EDGE('',*,*,#2040,.T.);
#2062 = ADVANCED_FACE('',(#2063),#781,.F.);
#2063 = FACE_BOUND('',#2064,.F.);
#2064 = EDGE_LOOP('',(#2065,#2093,#2114,#2115));
#2065 = ORIENTED_EDGE('',*,*,#2066,.F.);
#2066 = EDGE_CURVE('',#2067,#2067,#2069,.T.);
#2067 = VERTEX_POINT('',#2068);
#2068 = CARTESIAN_POINT('',(4.,150.,75.));
#2069 = SURFACE_CURVE('',#2070,(#2075,#2082),.PCURVE_S1.);
#2070 = CIRCLE('',#2071,4.);
#2071 = AXIS2_PLACEMENT_3D('',#2072,#2073,#2074);
#2072 = CARTESIAN_POINT('',(0.,150.,75.));
#2073 = DIRECTION('',(0.,-1.,0.));
#2074 = DIRECTION('',(1.,0.,0.));
#2075 = PCURVE('',#781,#2076);
#2076 = DEFINITIONAL_REPRESENTATION('',(#2077),#2081);
#2077 = LINE('',#2078,#2079);
#2078 = CARTESIAN_POINT('',(0.,3.));
#2079 = VECTOR('',#2080,1.);
#2080 = DIRECTION('',(1.,0.));
#2081 = ( GEOMETRIC_REPRESENTATION_CONTEXT(2) 
PARAMETRIC_REPRESENTATION_CONTEXT() REPRESENTATION_CONTEXT('2D SPACE',''
  ) );
#2082 = PCURVE('',#897,#2083);
#2083 = DEFINITIONAL_REPRESENTATION('',(#2084),#2092);
#2084 = ( BOUNDED_CURVE() B_SPLINE_CURVE(2,(#2085,#2086,#2087,#2088,
#2089,#2090,#2091),.UNSPECIFIED.,.T.,.F.) B_SPLINE_CURVE_WITH_KNOTS((1,2
    ,2,2,2,1),(-2.094395102393,0.,2.094395102393,4.188790204786,
6.28318530718,8.377580409573),.UNSPECIFIED.) CURVE() 
GEOMETRIC_REPRESENTATION_ITEM() RATIONAL_B_SPLINE_CURVE((1.,0.5,1.,0.5,
1.,0.5,1.)) REPRESENTATION_ITEM('') );
#2085 = CARTESIAN_POINT('',(75.,234.));
#2086 = CARTESIAN_POINT('',(81.928203230275,234.));
#2087 = CARTESIAN_POINT('',(78.464101615138,228.));
#2088 = CARTESIAN_POINT('',(75.,222.));
#2089 = CARTESIAN_POINT('',(71.535898384862,228.));
#2090 = CARTESIAN_POINT('',(68.071796769724,234.));
#2091 = CARTESIAN_POINT('',(75.,234.));
#2092 = ( GEOMETRIC_REPRESENTATION_CONTEXT(2) 
PARAMETRIC_REPRESENTATION_CONTEXT() REPRESENTATION_CONTEXT('2D SPACE',''
  ) );
#2093 = ORIENTED_EDGE('',*,*,#2094,.F.);
#2094 = EDGE_CURVE('',#761,#2067,#2095,.T.);
#2095 = SEAM_CURVE('',#2096,(#2100,#2107),.PCURVE_S1.);
#2096 = LINE('',#2097,#2098);
#2097 = CARTESIAN_POINT('',(4.,153.,75.));
#2098 = VECTOR('',#2099,1.);
#2099 = DIRECTION('',(0.,-1.,0.));
#2100 = PCURVE('',#781,#2101);
#2101 = DEFINITIONAL_REPRESENTATION('',(#2102),#2106);
#2102 = LINE('',#2103,#2104);
#2103 = CARTESIAN_POINT('',(6.28318530718,-0.));
#2104 = VECTOR('',#2105,1.);
#2105 = DIRECTION('',(0.,1.));
#2106 = ( GEOMETRIC_REPRESENTATION_CONTEXT(2) 
PARAMETRIC_REPRESENTATION_CONTEXT() REPRESENTATION_CONTEXT('2D SPACE',''
  ) );
#2107 = PCURVE('',#781,#2108);
#2108 = DEFINITIONAL_REPRESENTATION('',(#2109),#2113);
#2109 = LINE('',#2110,#2111);
#2110 = CARTESIAN_POINT('',(0.,-0.));
#2111 = VECTOR('',#2112,1.);
#2112 = DIRECTION('',(0.,1.));
#2113 = ( GEOMETRIC_REPRESENTATION_CONTEXT(2) 
PARAMETRIC_REPRESENTATION_CONTEXT() REPRESENTATION_CONTEXT('2D SPACE',''
  ) );
#2114 = ORIENTED_EDGE('',*,*,#760,.T.);
#2115 = ORIENTED_EDGE('',*,*,#2094,.T.);
#2116 = ADVANCED_FACE('',(#2117),#816,.F.);
#2117 = FACE_BOUND('',#2118,.F.);
#2118 = EDGE_LOOP('',(#2119,#2147,#2168,#2169));
#2119 = ORIENTED_EDGE('',*,*,#2120,.F.);
#2120 = EDGE_CURVE('',#2121,#2121,#2123,.T.);
#2121 = VERTEX_POINT('',#2122);
#2122 = CARTESIAN_POINT('',(119.,150.,75.));
#2123 = SURFACE_CURVE('',#2124,(#2129,#2136),.PCURVE_S1.);
#2124 = CIRCLE('',#2125,4.);
#2125 = AXIS2_PLACEMENT_3D('',#2126,#2127,#2128);
#2126 = CARTESIAN_POINT('',(115.,150.,75.));
#2127 = DIRECTION('',(0.,-1.,0.));
#2128 = DIRECTION('',(1.,0.,0.));
#2129 = PCURVE('',#816,#2130);
#2130 = DEFINITIONAL_REPRESENTATION('',(#2131),#2135);
#2131 = LINE('',#2132,#2133);
#2132 = CARTESIAN_POINT('',(0.,3.));
#2133 = VECTOR('',#2134,1.);
#2134 = DIRECTION('',(1.,0.));
#2135 = ( GEOMETRIC_REPRESENTATION_CONTEXT(2) 
PARAMETRIC_REPRESENTATION_CONTEXT() REPRESENTATION_CONTEXT('2D SPACE',''
  ) );
#2136 = PCURVE('',#897,#2137);
#2137 = DEFINITIONAL_REPRESENTATION('',(#2138),#2146);
#2138 = ( BOUNDED_CURVE() B_SPLINE_CURVE(2,(#2139,#2140,#2141,#2142,
#2143,#2144,#2145),.UNSPECIFIED.,.T.,.F.) B_SPLINE_CURVE_WITH_KNOTS((1,2
    ,2,2,2,1),(-2.094395102393,0.,2.094395102393,4.188790204786,
6.28318530718,8.377580409573),.UNSPECIFIED.) CURVE() 
GEOMETRIC_REPRESENTATION_ITEM() RATIONAL_B_SPLINE_CURVE((1.,0.5,1.,0.5,
1.,0.5,1.)) REPRESENTATION_ITEM('') );
#2139 = CARTESIAN_POINT('',(75.,349.));
#2140 = CARTESIAN_POINT('',(81.928203230275,349.));
#2141 = CARTESIAN_POINT('',(78.464101615138,343.));
#2142 = CARTESIAN_POINT('',(75.,337.));
#2143 = CARTESIAN_POINT('',(71.535898384862,343.));
#2144 = CARTESIAN_POINT('',(68.071796769724,349.));
#2145 = CARTESIAN_POINT('',(75.,349.));
#2146 = ( GEOMETRIC_REPRESENTATION_CONTEXT(2) 
PARAMETRIC_REPRESENTATION_CONTEXT() REPRESENTATION_CONTEXT('2D SPACE',''
  ) );
#2147 = ORIENTED_EDGE('',*,*,#2148,.F.);
#2148 = EDGE_CURVE('',#796,#2121,#2149,.T.);
#2149 = SEAM_CURVE('',#2150,(#2154,#2161),.PCURVE_S1.);
#2150 = LINE('',#2151,#2152);
#2151 = CARTESIAN_POINT('',(119.,153.,75.));
#2152 = VECTOR('',#2153,1.);
#2153 = DIRECTION('',(0.,-1.,0.));
#2154 = PCURVE('',#816,#2155);
#2155 = DEFINITIONAL_REPRESENTATION('',(#2156),#2160);
#2156 = LINE('',#2157,#2158);
#2157 = CARTESIAN_POINT('',(6.28318530718,-0.));
#2158 = VECTOR('',#2159,1.);
#2159 = DIRECTION('',(0.,1.));
#2160 = ( GEOMETRIC_REPRESENTATION_CONTEXT(2) 
PARAMETRIC_REPRESENTATION_CONTEXT() REPRESENTATION_CONTEXT('2D SPACE',''
  ) );
#2161 = PCURVE('',#816,#2162);
#2162 = DEFINITIONAL_REPRESENTATION('',(#2163),#2167);
#2163 = LINE('',#2164,#2165);
#2164 = CARTESIAN_POINT('',(0.,-0.));
#2165 = VECTOR('',#2166,1.);
#2166 = DIRECTION('',(0.,1.));
#2167 = ( GEOMETRIC_REPRESENTATION_CONTEXT(2) 
PARAMETRIC_REPRESENTATION_CONTEXT() REPRESENTATION_CONTEXT('2D SPACE',''
  ) );
#2168 = ORIENTED_EDGE('',*,*,#795,.T.);
#2169 = ORIENTED_EDGE('',*,*,#2148,.T.);
#2170 = ADVANCED_FACE('',(#2171),#869,.T.);
#2171 = FACE_BOUND('',#2172,.T.);
#2172 = EDGE_LOOP('',(#2173,#2194,#2195,#2218,#2246,#2267,#2268,#2269,
    #2270,#2291,#2292,#2293));
#2173 = ORIENTED_EDGE('',*,*,#2174,.T.);
#2174 = EDGE_CURVE('',#855,#1363,#2175,.T.);
#2175 = SURFACE_CURVE('',#2176,(#2180,#2187),.PCURVE_S1.);
#2176 = LINE('',#2177,#2178);
#2177 = CARTESIAN_POINT('',(-230.,150.,0.));
#2178 = VECTOR('',#2179,1.);
#2179 = DIRECTION('',(0.,0.,1.));
#2180 = PCURVE('',#869,#2181);
#2181 = DEFINITIONAL_REPRESENTATION('',(#2182),#2186);
#2182 = LINE('',#2183,#2184);
#2183 = CARTESIAN_POINT('',(0.,-300.));
#2184 = VECTOR('',#2185,1.);
#2185 = DIRECTION('',(1.,0.));
#2186 = ( GEOMETRIC_REPRESENTATION_CONTEXT(2) 
PARAMETRIC_REPRESENTATION_CONTEXT() REPRESENTATION_CONTEXT('2D SPACE',''
  ) );
#2187 = PCURVE('',#897,#2188);
#2188 = DEFINITIONAL_REPRESENTATION('',(#2189),#2193);
#2189 = LINE('',#2190,#2191);
#2190 = CARTESIAN_POINT('',(0.,0.));
#2191 = VECTOR('',#2192,1.);
#2192 = DIRECTION('',(1.,0.));
#2193 = ( GEOMETRIC_REPRESENTATION_CONTEXT(2) 
PARAMETRIC_REPRESENTATION_CONTEXT() REPRESENTATION_CONTEXT('2D SPACE',''
  ) );
#2194 = ORIENTED_EDGE('',*,*,#1360,.F.);
#2195 = ORIENTED_EDGE('',*,*,#2196,.F.);
#2196 = EDGE_CURVE('',#2197,#1361,#2199,.T.);
#2197 = VERTEX_POINT('',#2198);
#2198 = CARTESIAN_POINT('',(-230.,-150.,0.));
#2199 = SURFACE_CURVE('',#2200,(#2204,#2211),.PCURVE_S1.);
#2200 = LINE('',#2201,#2202);
#2201 = CARTESIAN_POINT('',(-230.,-150.,0.));
#2202 = VECTOR('',#2203,1.);
#2203 = DIRECTION('',(0.,0.,1.));
#2204 = PCURVE('',#869,#2205);
#2205 = DEFINITIONAL_REPRESENTATION('',(#2206),#2210);
#2206 = LINE('',#2207,#2208);
#2207 = CARTESIAN_POINT('',(0.,0.));
#2208 = VECTOR('',#2209,1.);
#2209 = DIRECTION('',(1.,0.));
#2210 = ( GEOMETRIC_REPRESENTATION_CONTEXT(2) 
PARAMETRIC_REPRESENTATION_CONTEXT() REPRESENTATION_CONTEXT('2D SPACE',''
  ) );
#2211 = PCURVE('',#1450,#2212);
#2212 = DEFINITIONAL_REPRESENTATION('',(#2213),#2217);
#2213 = LINE('',#2214,#2215);
#2214 = CARTESIAN_POINT('',(0.,0.));
#2215 = VECTOR('',#2216,1.);
#2216 = DIRECTION('',(1.,0.));
#2217 = ( GEOMETRIC_REPRESENTATION_CONTEXT(2) 
PARAMETRIC_REPRESENTATION_CONTEXT() REPRESENTATION_CONTEXT('2D SPACE',''
  ) );
#2218 = ORIENTED_EDGE('',*,*,#2219,.T.);
#2219 = EDGE_CURVE('',#2197,#2220,#2222,.T.);
#2220 = VERTEX_POINT('',#2221);
#2221 = CARTESIAN_POINT('',(-230.,150.,0.));
#2222 = SURFACE_CURVE('',#2223,(#2227,#2234),.PCURVE_S1.);
#2223 = LINE('',#2224,#2225);
#2224 = CARTESIAN_POINT('',(-230.,-150.,0.));
#2225 = VECTOR('',#2226,1.);
#2226 = DIRECTION('',(-0.,1.,0.));
#2227 = PCURVE('',#869,#2228);
#2228 = DEFINITIONAL_REPRESENTATION('',(#2229),#2233);
#2229 = LINE('',#2230,#2231);
#2230 = CARTESIAN_POINT('',(0.,0.));
#2231 = VECTOR('',#2232,1.);
#2232 = DIRECTION('',(0.,-1.));
#2233 = ( GEOMETRIC_REPRESENTATION_CONTEXT(2) 
PARAMETRIC_REPRESENTATION_CONTEXT() REPRESENTATION_CONTEXT('2D SPACE',''
  ) );
#2234 = PCURVE('',#2235,#2240);
#2235 = PLANE('',#2236);
#2236 = AXIS2_PLACEMENT_3D('',#2237,#2238,#2239);
#2237 = CARTESIAN_POINT('',(-230.,-150.,0.));
#2238 = DIRECTION('',(0.,0.,1.));
#2239 = DIRECTION('',(1.,0.,-0.));
#2240 = DEFINITIONAL_REPRESENTATION('',(#2241),#2245);
#2241 = LINE('',#2242,#2243);
#2242 = CARTESIAN_POINT('',(0.,0.));
#2243 = VECTOR('',#2244,1.);
#2244 = DIRECTION('',(0.,1.));
#2245 = ( GEOMETRIC_REPRESENTATION_CONTEXT(2) 
PARAMETRIC_REPRESENTATION_CONTEXT() REPRESENTATION_CONTEXT('2D SPACE',''
  ) );
#2246 = ORIENTED_EDGE('',*,*,#2247,.T.);
#2247 = EDGE_CURVE('',#2220,#1031,#2248,.T.);
#2248 = SURFACE_CURVE('',#2249,(#2253,#2260),.PCURVE_S1.);
#2249 = LINE('',#2250,#2251);
#2250 = CARTESIAN_POINT('',(-230.,150.,0.));
#2251 = VECTOR('',#2252,1.);
#2252 = DIRECTION('',(0.,0.,1.));
#2253 = PCURVE('',#869,#2254);
#2254 = DEFINITIONAL_REPRESENTATION('',(#2255),#2259);
#2255 = LINE('',#2256,#2257);
#2256 = CARTESIAN_POINT('',(0.,-300.));
#2257 = VECTOR('',#2258,1.);
#2258 = DIRECTION('',(1.,0.));
#2259 = ( GEOMETRIC_REPRESENTATION_CONTEXT(2) 
PARAMETRIC_REPRESENTATION_CONTEXT() REPRESENTATION_CONTEXT('2D SPACE',''
  ) );
#2260 = PCURVE('',#897,#2261);
#2261 = DEFINITIONAL_REPRESENTATION('',(#2262),#2266);
#2262 = LINE('',#2263,#2264);
#2263 = CARTESIAN_POINT('',(0.,0.));
#2264 = VECTOR('',#2265,1.);
#2265 = DIRECTION('',(1.,0.));
#2266 = ( GEOMETRIC_REPRESENTATION_CONTEXT(2) 
PARAMETRIC_REPRESENTATION_CONTEXT() REPRESENTATION_CONTEXT('2D SPACE',''
  ) );
#2267 = ORIENTED_EDGE('',*,*,#1058,.T.);
#2268 = ORIENTED_EDGE('',*,*,#1106,.F.);
#2269 = ORIENTED_EDGE('',*,*,#1009,.F.);
#2270 = ORIENTED_EDGE('',*,*,#2271,.T.);
#2271 = EDGE_CURVE('',#1010,#881,#2272,.T.);
#2272 = SURFACE_CURVE('',#2273,(#2277,#2284),.PCURVE_S1.);
#2273 = LINE('',#2274,#2275);
#2274 = CARTESIAN_POINT('',(-230.,150.,0.));
#2275 = VECTOR('',#2276,1.);
#2276 = DIRECTION('',(0.,0.,1.));
#2277 = PCURVE('',#869,#2278);
#2278 = DEFINITIONAL_REPRESENTATION('',(#2279),#2283);
#2279 = LINE('',#2280,#2281);
#2280 = CARTESIAN_POINT('',(0.,-300.));
#2281 = VECTOR('',#2282,1.);
#2282 = DIRECTION('',(1.,0.));
#2283 = ( GEOMETRIC_REPRESENTATION_CONTEXT(2) 
PARAMETRIC_REPRESENTATION_CONTEXT() REPRESENTATION_CONTEXT('2D SPACE',''
  ) );
#2284 = PCURVE('',#897,#2285);
#2285 = DEFINITIONAL_REPRESENTATION('',(#2286),#2290);
#2286 = LINE('',#2287,#2288);
#2287 = CARTESIAN_POINT('',(0.,0.));
#2288 = VECTOR('',#2289,1.);
#2289 = DIRECTION('',(1.,0.));
#2290 = ( GEOMETRIC_REPRESENTATION_CONTEXT(2) 
PARAMETRIC_REPRESENTATION_CONTEXT() REPRESENTATION_CONTEXT('2D SPACE',''
  ) );
#2291 = ORIENTED_EDGE('',*,*,#913,.T.);
#2292 = ORIENTED_EDGE('',*,*,#961,.F.);
#2293 = ORIENTED_EDGE('',*,*,#854,.F.);
#2294 = ADVANCED_FACE('',(#2295,#2391,#2394,#2397,#2400,#2403,#2406),
  #897,.F.);
#2295 = FACE_BOUND('',#2296,.F.);
#2296 = EDGE_LOOP('',(#2297,#2298,#2319,#2320,#2341,#2342,#2365,#2386,
    #2387,#2388,#2389,#2390));
#2297 = ORIENTED_EDGE('',*,*,#1385,.T.);
#2298 = ORIENTED_EDGE('',*,*,#2299,.F.);
#2299 = EDGE_CURVE('',#1801,#1386,#2300,.T.);
#2300 = SURFACE_CURVE('',#2301,(#2305,#2312),.PCURVE_S1.);
#2301 = LINE('',#2302,#2303);
#2302 = CARTESIAN_POINT('',(230.,150.,0.));
#2303 = VECTOR('',#2304,1.);
#2304 = DIRECTION('',(0.,0.,1.));
#2305 = PCURVE('',#897,#2306);
#2306 = DEFINITIONAL_REPRESENTATION('',(#2307),#2311);
#2307 = LINE('',#2308,#2309);
#2308 = CARTESIAN_POINT('',(0.,460.));
#2309 = VECTOR('',#2310,1.);
#2310 = DIRECTION('',(1.,0.));
#2311 = ( GEOMETRIC_REPRESENTATION_CONTEXT(2) 
PARAMETRIC_REPRESENTATION_CONTEXT() REPRESENTATION_CONTEXT('2D SPACE',''
  ) );
#2312 = PCURVE('',#1424,#2313);
#2313 = DEFINITIONAL_REPRESENTATION('',(#2314),#2318);
#2314 = LINE('',#2315,#2316);
#2315 = CARTESIAN_POINT('',(0.,-300.));
#2316 = VECTOR('',#2317,1.);
#2317 = DIRECTION('',(1.,0.));
#2318 = ( GEOMETRIC_REPRESENTATION_CONTEXT(2) 
PARAMETRIC_REPRESENTATION_CONTEXT() REPRESENTATION_CONTEXT('2D SPACE',''
  ) );
#2319 = ORIENTED_EDGE('',*,*,#1800,.T.);
#2320 = ORIENTED_EDGE('',*,*,#2321,.F.);
#2321 = EDGE_CURVE('',#1679,#1780,#2322,.T.);
#2322 = SURFACE_CURVE('',#2323,(#2327,#2334),.PCURVE_S1.);
#2323 = LINE('',#2324,#2325);
#2324 = CARTESIAN_POINT('',(230.,150.,0.));
#2325 = VECTOR('',#2326,1.);
#2326 = DIRECTION('',(0.,0.,1.));
#2327 = PCURVE('',#897,#2328);
#2328 = DEFINITIONAL_REPRESENTATION('',(#2329),#2333);
#2329 = LINE('',#2330,#2331);
#2330 = CARTESIAN_POINT('',(0.,460.));
#2331 = VECTOR('',#2332,1.);
#2332 = DIRECTION('',(1.,0.));
#2333 = ( GEOMETRIC_REPRESENTATION_CONTEXT(2) 
PARAMETRIC_REPRESENTATION_CONTEXT() REPRESENTATION_CONTEXT('2D SPACE',''
  ) );
#2334 = PCURVE('',#1424,#2335);
#2335 = DEFINITIONAL_REPRESENTATION('',(#2336),#2340);
#2336 = LINE('',#2337,#2338);
#2337 = CARTESIAN_POINT('',(0.,-300.));
#2338 = VECTOR('',#2339,1.);
#2339 = DIRECTION('',(1.,0.));
#2340 = ( GEOMETRIC_REPRESENTATION_CONTEXT(2) 
PARAMETRIC_REPRESENTATION_CONTEXT() REPRESENTATION_CONTEXT('2D SPACE',''
  ) );
#2341 = ORIENTED_EDGE('',*,*,#1678,.T.);
#2342 = ORIENTED_EDGE('',*,*,#2343,.F.);
#2343 = EDGE_CURVE('',#2344,#1658,#2346,.T.);
#2344 = VERTEX_POINT('',#2345);
#2345 = CARTESIAN_POINT('',(230.,150.,0.));
#2346 = SURFACE_CURVE('',#2347,(#2351,#2358),.PCURVE_S1.);
#2347 = LINE('',#2348,#2349);
#2348 = CARTESIAN_POINT('',(230.,150.,0.));
#2349 = VECTOR('',#2350,1.);
#2350 = DIRECTION('',(0.,0.,1.));
#2351 = PCURVE('',#897,#2352);
#2352 = DEFINITIONAL_REPRESENTATION('',(#2353),#2357);
#2353 = LINE('',#2354,#2355);
#2354 = CARTESIAN_POINT('',(0.,460.));
#2355 = VECTOR('',#2356,1.);
#2356 = DIRECTION('',(1.,0.));
#2357 = ( GEOMETRIC_REPRESENTATION_CONTEXT(2) 
PARAMETRIC_REPRESENTATION_CONTEXT() REPRESENTATION_CONTEXT('2D SPACE',''
  ) );
#2358 = PCURVE('',#1424,#2359);
#2359 = DEFINITIONAL_REPRESENTATION('',(#2360),#2364);
#2360 = LINE('',#2361,#2362);
#2361 = CARTESIAN_POINT('',(0.,-300.));
#2362 = VECTOR('',#2363,1.);
#2363 = DIRECTION('',(1.,0.));
#2364 = ( GEOMETRIC_REPRESENTATION_CONTEXT(2) 
PARAMETRIC_REPRESENTATION_CONTEXT() REPRESENTATION_CONTEXT('2D SPACE',''
  ) );
#2365 = ORIENTED_EDGE('',*,*,#2366,.F.);
#2366 = EDGE_CURVE('',#2220,#2344,#2367,.T.);
#2367 = SURFACE_CURVE('',#2368,(#2372,#2379),.PCURVE_S1.);
#2368 = LINE('',#2369,#2370);
#2369 = CARTESIAN_POINT('',(-230.,150.,0.));
#2370 = VECTOR('',#2371,1.);
#2371 = DIRECTION('',(1.,0.,-0.));
#2372 = PCURVE('',#897,#2373);
#2373 = DEFINITIONAL_REPRESENTATION('',(#2374),#2378);
#2374 = LINE('',#2375,#2376);
#2375 = CARTESIAN_POINT('',(0.,0.));
#2376 = VECTOR('',#2377,1.);
#2377 = DIRECTION('',(0.,1.));
#2378 = ( GEOMETRIC_REPRESENTATION_CONTEXT(2) 
PARAMETRIC_REPRESENTATION_CONTEXT() REPRESENTATION_CONTEXT('2D SPACE',''
  ) );
#2379 = PCURVE('',#2235,#2380);
#2380 = DEFINITIONAL_REPRESENTATION('',(#2381),#2385);
#2381 = LINE('',#2382,#2383);
#2382 = CARTESIAN_POINT('',(0.,300.));
#2383 = VECTOR('',#2384,1.);
#2384 = DIRECTION('',(1.,0.));
#2385 = ( GEOMETRIC_REPRESENTATION_CONTEXT(2) 
PARAMETRIC_REPRESENTATION_CONTEXT() REPRESENTATION_CONTEXT('2D SPACE',''
  ) );
#2386 = ORIENTED_EDGE('',*,*,#2247,.T.);
#2387 = ORIENTED_EDGE('',*,*,#1030,.T.);
#2388 = ORIENTED_EDGE('',*,*,#2271,.T.);
#2389 = ORIENTED_EDGE('',*,*,#880,.T.);
#2390 = ORIENTED_EDGE('',*,*,#2174,.T.);
#2391 = FACE_BOUND('',#2392,.F.);
#2392 = EDGE_LOOP('',(#2393));
#2393 = ORIENTED_EDGE('',*,*,#1850,.T.);
#2394 = FACE_BOUND('',#2395,.F.);
#2395 = EDGE_LOOP('',(#2396));
#2396 = ORIENTED_EDGE('',*,*,#1904,.T.);
#2397 = FACE_BOUND('',#2398,.F.);
#2398 = EDGE_LOOP('',(#2399));
#2399 = ORIENTED_EDGE('',*,*,#1958,.T.);
#2400 = FACE_BOUND('',#2401,.F.);
#2401 = EDGE_LOOP('',(#2402));
#2402 = ORIENTED_EDGE('',*,*,#2012,.T.);
#2403 = FACE_BOUND('',#2404,.F.);
#2404 = EDGE_LOOP('',(#2405));
#2405 = ORIENTED_EDGE('',*,*,#2066,.T.);
#2406 = FACE_BOUND('',#2407,.F.);
#2407 = EDGE_LOOP('',(#2408));
#2408 = ORIENTED_EDGE('',*,*,#2120,.T.);
#2409 = ADVANCED_FACE('',(#2410),#1249,.F.);
#2410 = FACE_BOUND('',#2411,.F.);
#2411 = EDGE_LOOP('',(#2412,#2435,#2436,#2437));
#2412 = ORIENTED_EDGE('',*,*,#2413,.T.);
#2413 = EDGE_CURVE('',#2414,#1229,#2416,.T.);
#2414 = VERTEX_POINT('',#2415);
#2415 = CARTESIAN_POINT('',(-66.66666666666,-150.,160.));
#2416 = SEAM_CURVE('',#2417,(#2421,#2428),.PCURVE_S1.);
#2417 = LINE('',#2418,#2419);
#2418 = CARTESIAN_POINT('',(-66.66666666666,-147.,160.));
#2419 = VECTOR('',#2420,1.);
#2420 = DIRECTION('',(0.,-1.,0.));
#2421 = PCURVE('',#1249,#2422);
#2422 = DEFINITIONAL_REPRESENTATION('',(#2423),#2427);
#2423 = LINE('',#2424,#2425);
#2424 = CARTESIAN_POINT('',(6.28318530718,-0.));
#2425 = VECTOR('',#2426,1.);
#2426 = DIRECTION('',(0.,1.));
#2427 = ( GEOMETRIC_REPRESENTATION_CONTEXT(2) 
PARAMETRIC_REPRESENTATION_CONTEXT() REPRESENTATION_CONTEXT('2D SPACE',''
  ) );
#2428 = PCURVE('',#1249,#2429);
#2429 = DEFINITIONAL_REPRESENTATION('',(#2430),#2434);
#2430 = LINE('',#2431,#2432);
#2431 = CARTESIAN_POINT('',(0.,-0.));
#2432 = VECTOR('',#2433,1.);
#2433 = DIRECTION('',(0.,1.));
#2434 = ( GEOMETRIC_REPRESENTATION_CONTEXT(2) 
PARAMETRIC_REPRESENTATION_CONTEXT() REPRESENTATION_CONTEXT('2D SPACE',''
  ) );
#2435 = ORIENTED_EDGE('',*,*,#1228,.F.);
#2436 = ORIENTED_EDGE('',*,*,#2413,.F.);
#2437 = ORIENTED_EDGE('',*,*,#2438,.T.);
#2438 = EDGE_CURVE('',#2414,#2414,#2439,.T.);
#2439 = SURFACE_CURVE('',#2440,(#2445,#2452),.PCURVE_S1.);
#2440 = CIRCLE('',#2441,10.);
#2441 = AXIS2_PLACEMENT_3D('',#2442,#2443,#2444);
#2442 = CARTESIAN_POINT('',(-76.66666666666,-150.,160.));
#2443 = DIRECTION('',(0.,-1.,0.));
#2444 = DIRECTION('',(1.,0.,0.));
#2445 = PCURVE('',#1249,#2446);
#2446 = DEFINITIONAL_REPRESENTATION('',(#2447),#2451);
#2447 = LINE('',#2448,#2449);
#2448 = CARTESIAN_POINT('',(0.,3.));
#2449 = VECTOR('',#2450,1.);
#2450 = DIRECTION('',(1.,0.));
#2451 = ( GEOMETRIC_REPRESENTATION_CONTEXT(2) 
PARAMETRIC_REPRESENTATION_CONTEXT() REPRESENTATION_CONTEXT('2D SPACE',''
  ) );
#2452 = PCURVE('',#1450,#2453);
#2453 = DEFINITIONAL_REPRESENTATION('',(#2454),#2462);
#2454 = ( BOUNDED_CURVE() B_SPLINE_CURVE(2,(#2455,#2456,#2457,#2458,
#2459,#2460,#2461),.UNSPECIFIED.,.T.,.F.) B_SPLINE_CURVE_WITH_KNOTS((1,2
    ,2,2,2,1),(-2.094395102393,0.,2.094395102393,4.188790204786,
6.28318530718,8.377580409573),.UNSPECIFIED.) CURVE() 
GEOMETRIC_REPRESENTATION_ITEM() RATIONAL_B_SPLINE_CURVE((1.,0.5,1.,0.5,
1.,0.5,1.)) REPRESENTATION_ITEM('') );
#2455 = CARTESIAN_POINT('',(160.,163.33333333333));
#2456 = CARTESIAN_POINT('',(177.32050807568,163.33333333333));
#2457 = CARTESIAN_POINT('',(168.66025403784,148.33333333333));
#2458 = CARTESIAN_POINT('',(160.,133.33333333333));
#2459 = CARTESIAN_POINT('',(151.33974596215,148.33333333333));
#2460 = CARTESIAN_POINT('',(142.67949192431,163.33333333333));
#2461 = CARTESIAN_POINT('',(160.,163.33333333333));
#2462 = ( GEOMETRIC_REPRESENTATION_CONTEXT(2) 
PARAMETRIC_REPRESENTATION_CONTEXT() REPRESENTATION_CONTEXT('2D SPACE',''
  ) );
#2463 = ADVANCED_FACE('',(#2464),#1284,.F.);
#2464 = FACE_BOUND('',#2465,.F.);
#2465 = EDGE_LOOP('',(#2466,#2489,#2490,#2491));
#2466 = ORIENTED_EDGE('',*,*,#2467,.T.);
#2467 = EDGE_CURVE('',#2468,#1264,#2470,.T.);
#2468 = VERTEX_POINT('',#2469);
#2469 = CARTESIAN_POINT('',(10.,-150.,160.));
#2470 = SEAM_CURVE('',#2471,(#2475,#2482),.PCURVE_S1.);
#2471 = LINE('',#2472,#2473);
#2472 = CARTESIAN_POINT('',(10.,-147.,160.));
#2473 = VECTOR('',#2474,1.);
#2474 = DIRECTION('',(0.,-1.,0.));
#2475 = PCURVE('',#1284,#2476);
#2476 = DEFINITIONAL_REPRESENTATION('',(#2477),#2481);
#2477 = LINE('',#2478,#2479);
#2478 = CARTESIAN_POINT('',(6.28318530718,-0.));
#2479 = VECTOR('',#2480,1.);
#2480 = DIRECTION('',(0.,1.));
#2481 = ( GEOMETRIC_REPRESENTATION_CONTEXT(2) 
PARAMETRIC_REPRESENTATION_CONTEXT() REPRESENTATION_CONTEXT('2D SPACE',''
  ) );
#2482 = PCURVE('',#1284,#2483);
#2483 = DEFINITIONAL_REPRESENTATION('',(#2484),#2488);
#2484 = LINE('',#2485,#2486);
#2485 = CARTESIAN_POINT('',(0.,-0.));
#2486 = VECTOR('',#2487,1.);
#2487 = DIRECTION('',(0.,1.));
#2488 = ( GEOMETRIC_REPRESENTATION_CONTEXT(2) 
PARAMETRIC_REPRESENTATION_CONTEXT() REPRESENTATION_CONTEXT('2D SPACE',''
  ) );
#2489 = ORIENTED_EDGE('',*,*,#1263,.F.);
#2490 = ORIENTED_EDGE('',*,*,#2467,.F.);
#2491 = ORIENTED_EDGE('',*,*,#2492,.T.);
#2492 = EDGE_CURVE('',#2468,#2468,#2493,.T.);
#2493 = SURFACE_CURVE('',#2494,(#2499,#2506),.PCURVE_S1.);
#2494 = CIRCLE('',#2495,10.);
#2495 = AXIS2_PLACEMENT_3D('',#2496,#2497,#2498);
#2496 = CARTESIAN_POINT('',(0.,-150.,160.));
#2497 = DIRECTION('',(0.,-1.,0.));
#2498 = DIRECTION('',(1.,0.,0.));
#2499 = PCURVE('',#1284,#2500);
#2500 = DEFINITIONAL_REPRESENTATION('',(#2501),#2505);
#2501 = LINE('',#2502,#2503);
#2502 = CARTESIAN_POINT('',(0.,3.));
#2503 = VECTOR('',#2504,1.);
#2504 = DIRECTION('',(1.,0.));
#2505 = ( GEOMETRIC_REPRESENTATION_CONTEXT(2) 
PARAMETRIC_REPRESENTATION_CONTEXT() REPRESENTATION_CONTEXT('2D SPACE',''
  ) );
#2506 = PCURVE('',#1450,#2507);
#2507 = DEFINITIONAL_REPRESENTATION('',(#2508),#2516);
#2508 = ( BOUNDED_CURVE() B_SPLINE_CURVE(2,(#2509,#2510,#2511,#2512,
#2513,#2514,#2515),.UNSPECIFIED.,.T.,.F.) B_SPLINE_CURVE_WITH_KNOTS((1,2
    ,2,2,2,1),(-2.094395102393,0.,2.094395102393,4.188790204786,
6.28318530718,8.377580409573),.UNSPECIFIED.) CURVE() 
GEOMETRIC_REPRESENTATION_ITEM() RATIONAL_B_SPLINE_CURVE((1.,0.5,1.,0.5,
1.,0.5,1.)) REPRESENTATION_ITEM('') );
#2509 = CARTESIAN_POINT('',(160.,240.));
#2510 = CARTESIAN_POINT('',(177.32050807568,240.));
#2511 = CARTESIAN_POINT('',(168.66025403784,225.));
#2512 = CARTESIAN_POINT('',(160.,210.));
#2513 = CARTESIAN_POINT('',(151.33974596215,225.));
#2514 = CARTESIAN_POINT('',(142.67949192431,240.));
#2515 = CARTESIAN_POINT('',(160.,240.));
#2516 = ( GEOMETRIC_REPRESENTATION_CONTEXT(2) 
PARAMETRIC_REPRESENTATION_CONTEXT() REPRESENTATION_CONTEXT('2D SPACE',''
  ) );
#2517 = ADVANCED_FACE('',(#2518),#1319,.F.);
#2518 = FACE_BOUND('',#2519,.F.);
#2519 = EDGE_LOOP('',(#2520,#2543,#2544,#2545));
#2520 = ORIENTED_EDGE('',*,*,#2521,.T.);
#2521 = EDGE_CURVE('',#2522,#1299,#2524,.T.);
#2522 = VERTEX_POINT('',#2523);
#2523 = CARTESIAN_POINT('',(89.166666666667,-150.,160.));
#2524 = SEAM_CURVE('',#2525,(#2529,#2536),.PCURVE_S1.);
#2525 = LINE('',#2526,#2527);
#2526 = CARTESIAN_POINT('',(89.166666666667,-147.,160.));
#2527 = VECTOR('',#2528,1.);
#2528 = DIRECTION('',(0.,-1.,0.));
#2529 = PCURVE('',#1319,#2530);
#2530 = DEFINITIONAL_REPRESENTATION('',(#2531),#2535);
#2531 = LINE('',#2532,#2533);
#2532 = CARTESIAN_POINT('',(6.28318530718,-0.));
#2533 = VECTOR('',#2534,1.);
#2534 = DIRECTION('',(0.,1.));
#2535 = ( GEOMETRIC_REPRESENTATION_CONTEXT(2) 
PARAMETRIC_REPRESENTATION_CONTEXT() REPRESENTATION_CONTEXT('2D SPACE',''
  ) );
#2536 = PCURVE('',#1319,#2537);
#2537 = DEFINITIONAL_REPRESENTATION('',(#2538),#2542);
#2538 = LINE('',#2539,#2540);
#2539 = CARTESIAN_POINT('',(0.,-0.));
#2540 = VECTOR('',#2541,1.);
#2541 = DIRECTION('',(0.,1.));
#2542 = ( GEOMETRIC_REPRESENTATION_CONTEXT(2) 
PARAMETRIC_REPRESENTATION_CONTEXT() REPRESENTATION_CONTEXT('2D SPACE',''
  ) );
#2543 = ORIENTED_EDGE('',*,*,#1298,.F.);
#2544 = ORIENTED_EDGE('',*,*,#2521,.F.);
#2545 = ORIENTED_EDGE('',*,*,#2546,.T.);
#2546 = EDGE_CURVE('',#2522,#2522,#2547,.T.);
#2547 = SURFACE_CURVE('',#2548,(#2553,#2560),.PCURVE_S1.);
#2548 = CIRCLE('',#2549,12.5);
#2549 = AXIS2_PLACEMENT_3D('',#2550,#2551,#2552);
#2550 = CARTESIAN_POINT('',(76.666666666667,-150.,160.));
#2551 = DIRECTION('',(0.,-1.,0.));
#2552 = DIRECTION('',(1.,0.,0.));
#2553 = PCURVE('',#1319,#2554);
#2554 = DEFINITIONAL_REPRESENTATION('',(#2555),#2559);
#2555 = LINE('',#2556,#2557);
#2556 = CARTESIAN_POINT('',(0.,3.));
#2557 = VECTOR('',#2558,1.);
#2558 = DIRECTION('',(1.,0.));
#2559 = ( GEOMETRIC_REPRESENTATION_CONTEXT(2) 
PARAMETRIC_REPRESENTATION_CONTEXT() REPRESENTATION_CONTEXT('2D SPACE',''
  ) );
#2560 = PCURVE('',#1450,#2561);
#2561 = DEFINITIONAL_REPRESENTATION('',(#2562),#2570);
#2562 = ( BOUNDED_CURVE() B_SPLINE_CURVE(2,(#2563,#2564,#2565,#2566,
#2567,#2568,#2569),.UNSPECIFIED.,.T.,.F.) B_SPLINE_CURVE_WITH_KNOTS((1,2
    ,2,2,2,1),(-2.094395102393,0.,2.094395102393,4.188790204786,
6.28318530718,8.377580409573),.UNSPECIFIED.) CURVE() 
GEOMETRIC_REPRESENTATION_ITEM() RATIONAL_B_SPLINE_CURVE((1.,0.5,1.,0.5,
1.,0.5,1.)) REPRESENTATION_ITEM('') );
#2563 = CARTESIAN_POINT('',(160.,319.16666666666));
#2564 = CARTESIAN_POINT('',(181.65063509461,319.16666666666));
#2565 = CARTESIAN_POINT('',(170.8253175473,300.41666666666));
#2566 = CARTESIAN_POINT('',(160.,281.66666666666));
#2567 = CARTESIAN_POINT('',(149.17468245269,300.41666666666));
#2568 = CARTESIAN_POINT('',(138.34936490538,319.16666666666));
#2569 = CARTESIAN_POINT('',(160.,319.16666666666));
#2570 = ( GEOMETRIC_REPRESENTATION_CONTEXT(2) 
PARAMETRIC_REPRESENTATION_CONTEXT() REPRESENTATION_CONTEXT('2D SPACE',''
  ) );
#2571 = ADVANCED_FACE('',(#2572,#2620,#2623,#2626),#1450,.T.);
#2572 = FACE_BOUND('',#2573,.T.);
#2573 = EDGE_LOOP('',(#2574,#2597,#2598,#2599));
#2574 = ORIENTED_EDGE('',*,*,#2575,.F.);
#2575 = EDGE_CURVE('',#2197,#2576,#2578,.T.);
#2576 = VERTEX_POINT('',#2577);
#2577 = CARTESIAN_POINT('',(230.,-150.,0.));
#2578 = SURFACE_CURVE('',#2579,(#2583,#2590),.PCURVE_S1.);
#2579 = LINE('',#2580,#2581);
#2580 = CARTESIAN_POINT('',(-230.,-150.,0.));
#2581 = VECTOR('',#2582,1.);
#2582 = DIRECTION('',(1.,0.,-0.));
#2583 = PCURVE('',#1450,#2584);
#2584 = DEFINITIONAL_REPRESENTATION('',(#2585),#2589);
#2585 = LINE('',#2586,#2587);
#2586 = CARTESIAN_POINT('',(0.,0.));
#2587 = VECTOR('',#2588,1.);
#2588 = DIRECTION('',(0.,1.));
#2589 = ( GEOMETRIC_REPRESENTATION_CONTEXT(2) 
PARAMETRIC_REPRESENTATION_CONTEXT() REPRESENTATION_CONTEXT('2D SPACE',''
  ) );
#2590 = PCURVE('',#2235,#2591);
#2591 = DEFINITIONAL_REPRESENTATION('',(#2592),#2596);
#2592 = LINE('',#2593,#2594);
#2593 = CARTESIAN_POINT('',(0.,0.));
#2594 = VECTOR('',#2595,1.);
#2595 = DIRECTION('',(1.,0.));
#2596 = ( GEOMETRIC_REPRESENTATION_CONTEXT(2) 
PARAMETRIC_REPRESENTATION_CONTEXT() REPRESENTATION_CONTEXT('2D SPACE',''
  ) );
#2597 = ORIENTED_EDGE('',*,*,#2196,.T.);
#2598 = ORIENTED_EDGE('',*,*,#1436,.T.);
#2599 = ORIENTED_EDGE('',*,*,#2600,.F.);
#2600 = EDGE_CURVE('',#2576,#1409,#2601,.T.);
#2601 = SURFACE_CURVE('',#2602,(#2606,#2613),.PCURVE_S1.);
#2602 = LINE('',#2603,#2604);
#2603 = CARTESIAN_POINT('',(230.,-150.,0.));
#2604 = VECTOR('',#2605,1.);
#2605 = DIRECTION('',(0.,0.,1.));
#2606 = PCURVE('',#1450,#2607);
#2607 = DEFINITIONAL_REPRESENTATION('',(#2608),#2612);
#2608 = LINE('',#2609,#2610);
#2609 = CARTESIAN_POINT('',(0.,460.));
#2610 = VECTOR('',#2611,1.);
#2611 = DIRECTION('',(1.,0.));
#2612 = ( GEOMETRIC_REPRESENTATION_CONTEXT(2) 
PARAMETRIC_REPRESENTATION_CONTEXT() REPRESENTATION_CONTEXT('2D SPACE',''
  ) );
#2613 = PCURVE('',#1424,#2614);
#2614 = DEFINITIONAL_REPRESENTATION('',(#2615),#2619);
#2615 = LINE('',#2616,#2617);
#2616 = CARTESIAN_POINT('',(0.,0.));
#2617 = VECTOR('',#2618,1.);
#2618 = DIRECTION('',(1.,0.));
#2619 = ( GEOMETRIC_REPRESENTATION_CONTEXT(2) 
PARAMETRIC_REPRESENTATION_CONTEXT() REPRESENTATION_CONTEXT('2D SPACE',''
  ) );
#2620 = FACE_BOUND('',#2621,.T.);
#2621 = EDGE_LOOP('',(#2622));
#2622 = ORIENTED_EDGE('',*,*,#2438,.T.);
#2623 = FACE_BOUND('',#2624,.T.);
#2624 = EDGE_LOOP('',(#2625));
#2625 = ORIENTED_EDGE('',*,*,#2492,.T.);
#2626 = FACE_BOUND('',#2627,.T.);
#2627 = EDGE_LOOP('',(#2628));
#2628 = ORIENTED_EDGE('',*,*,#2546,.T.);
#2629 = ADVANCED_FACE('',(#2630),#1424,.F.);
#2630 = FACE_BOUND('',#2631,.F.);
#2631 = EDGE_LOOP('',(#2632,#2633,#2634,#2635,#2656,#2657,#2658,#2677,
    #2678,#2679,#2680,#2699));
#2632 = ORIENTED_EDGE('',*,*,#2299,.T.);
#2633 = ORIENTED_EDGE('',*,*,#1408,.F.);
#2634 = ORIENTED_EDGE('',*,*,#2600,.F.);
#2635 = ORIENTED_EDGE('',*,*,#2636,.T.);
#2636 = EDGE_CURVE('',#2576,#2344,#2637,.T.);
#2637 = SURFACE_CURVE('',#2638,(#2642,#2649),.PCURVE_S1.);
#2638 = LINE('',#2639,#2640);
#2639 = CARTESIAN_POINT('',(230.,-150.,0.));
#2640 = VECTOR('',#2641,1.);
#2641 = DIRECTION('',(-0.,1.,0.));
#2642 = PCURVE('',#1424,#2643);
#2643 = DEFINITIONAL_REPRESENTATION('',(#2644),#2648);
#2644 = LINE('',#2645,#2646);
#2645 = CARTESIAN_POINT('',(0.,0.));
#2646 = VECTOR('',#2647,1.);
#2647 = DIRECTION('',(0.,-1.));
#2648 = ( GEOMETRIC_REPRESENTATION_CONTEXT(2) 
PARAMETRIC_REPRESENTATION_CONTEXT() REPRESENTATION_CONTEXT('2D SPACE',''
  ) );
#2649 = PCURVE('',#2235,#2650);
#2650 = DEFINITIONAL_REPRESENTATION('',(#2651),#2655);
#2651 = LINE('',#2652,#2653);
#2652 = CARTESIAN_POINT('',(460.,0.));
#2653 = VECTOR('',#2654,1.);
#2654 = DIRECTION('',(0.,1.));
#2655 = ( GEOMETRIC_REPRESENTATION_CONTEXT(2) 
PARAMETRIC_REPRESENTATION_CONTEXT() REPRESENTATION_CONTEXT('2D SPACE',''
  ) );
#2656 = ORIENTED_EDGE('',*,*,#2343,.T.);
#2657 = ORIENTED_EDGE('',*,*,#1657,.T.);
#2658 = ORIENTED_EDGE('',*,*,#2659,.F.);
#2659 = EDGE_CURVE('',#1607,#1634,#2660,.T.);
#2660 = SURFACE_CURVE('',#2661,(#2665,#2671),.PCURVE_S1.);
#2661 = LINE('',#2662,#2663);
#2662 = CARTESIAN_POINT('',(230.,147.,15.));
#2663 = VECTOR('',#2664,1.);
#2664 = DIRECTION('',(0.,-0.,-1.));
#2665 = PCURVE('',#1424,#2666);
#2666 = DEFINITIONAL_REPRESENTATION('',(#2667),#2670);
#2667 = B_SPLINE_CURVE_WITH_KNOTS('',1,(#2668,#2669),.UNSPECIFIED.,.F.,
  .F.,(2,2),(-19.,-11.),.PIECEWISE_BEZIER_KNOTS.);
#2668 = CARTESIAN_POINT('',(34.,-297.));
#2669 = CARTESIAN_POINT('',(26.,-297.));
#2670 = ( GEOMETRIC_REPRESENTATION_CONTEXT(2) 
PARAMETRIC_REPRESENTATION_CONTEXT() REPRESENTATION_CONTEXT('2D SPACE',''
  ) );
#2671 = PCURVE('',#1506,#2672);
#2672 = DEFINITIONAL_REPRESENTATION('',(#2673),#2676);
#2673 = B_SPLINE_CURVE_WITH_KNOTS('',1,(#2674,#2675),.UNSPECIFIED.,.F.,
  .F.,(2,2),(-19.,-11.),.PIECEWISE_BEZIER_KNOTS.);
#2674 = CARTESIAN_POINT('',(0.,4.));
#2675 = CARTESIAN_POINT('',(0.,-4.));
#2676 = ( GEOMETRIC_REPRESENTATION_CONTEXT(2) 
PARAMETRIC_REPRESENTATION_CONTEXT() REPRESENTATION_CONTEXT('2D SPACE',''
  ) );
#2677 = ORIENTED_EDGE('',*,*,#1706,.F.);
#2678 = ORIENTED_EDGE('',*,*,#2321,.T.);
#2679 = ORIENTED_EDGE('',*,*,#1779,.T.);
#2680 = ORIENTED_EDGE('',*,*,#2681,.F.);
#2681 = EDGE_CURVE('',#1729,#1756,#2682,.T.);
#2682 = SURFACE_CURVE('',#2683,(#2687,#2693),.PCURVE_S1.);
#2683 = LINE('',#2684,#2685);
#2684 = CARTESIAN_POINT('',(230.,147.,37.5));
#2685 = VECTOR('',#2686,1.);
#2686 = DIRECTION('',(0.,-0.,-1.));
#2687 = PCURVE('',#1424,#2688);
#2688 = DEFINITIONAL_REPRESENTATION('',(#2689),#2692);
#2689 = B_SPLINE_CURVE_WITH_KNOTS('',1,(#2690,#2691),.UNSPECIFIED.,.F.,
  .F.,(2,2),(-41.5,-33.5),.PIECEWISE_BEZIER_KNOTS.);
#2690 = CARTESIAN_POINT('',(79.,-297.));
#2691 = CARTESIAN_POINT('',(71.,-297.));
#2692 = ( GEOMETRIC_REPRESENTATION_CONTEXT(2) 
PARAMETRIC_REPRESENTATION_CONTEXT() REPRESENTATION_CONTEXT('2D SPACE',''
  ) );
#2693 = PCURVE('',#1573,#2694);
#2694 = DEFINITIONAL_REPRESENTATION('',(#2695),#2698);
#2695 = B_SPLINE_CURVE_WITH_KNOTS('',1,(#2696,#2697),.UNSPECIFIED.,.F.,
  .F.,(2,2),(-41.5,-33.5),.PIECEWISE_BEZIER_KNOTS.);
#2696 = CARTESIAN_POINT('',(0.,4.));
#2697 = CARTESIAN_POINT('',(0.,-4.));
#2698 = ( GEOMETRIC_REPRESENTATION_CONTEXT(2) 
PARAMETRIC_REPRESENTATION_CONTEXT() REPRESENTATION_CONTEXT('2D SPACE',''
  ) );
#2699 = ORIENTED_EDGE('',*,*,#1828,.F.);
#2700 = ADVANCED_FACE('',(#2701),#1573,.F.);
#2701 = FACE_BOUND('',#2702,.F.);
#2702 = EDGE_LOOP('',(#2703,#2704,#2705,#2706));
#2703 = ORIENTED_EDGE('',*,*,#1558,.F.);
#2704 = ORIENTED_EDGE('',*,*,#1728,.T.);
#2705 = ORIENTED_EDGE('',*,*,#2681,.T.);
#2706 = ORIENTED_EDGE('',*,*,#1755,.T.);
#2707 = ADVANCED_FACE('',(#2708),#1506,.F.);
#2708 = FACE_BOUND('',#2709,.F.);
#2709 = EDGE_LOOP('',(#2710,#2711,#2712,#2713));
#2710 = ORIENTED_EDGE('',*,*,#1491,.F.);
#2711 = ORIENTED_EDGE('',*,*,#1606,.T.);
#2712 = ORIENTED_EDGE('',*,*,#2659,.T.);
#2713 = ORIENTED_EDGE('',*,*,#1633,.T.);
#2714 = ADVANCED_FACE('',(#2715),#2235,.T.);
#2715 = FACE_BOUND('',#2716,.T.);
#2716 = EDGE_LOOP('',(#2717,#2718,#2719,#2720));
#2717 = ORIENTED_EDGE('',*,*,#2219,.F.);
#2718 = ORIENTED_EDGE('',*,*,#2575,.T.);
#2719 = ORIENTED_EDGE('',*,*,#2636,.T.);
#2720 = ORIENTED_EDGE('',*,*,#2366,.F.);
#2721 = ( GEOMETRIC_REPRESENTATION_CONTEXT(3) 
GLOBAL_UNCERTAINTY_ASSIGNED_CONTEXT((#2725)) 
GLOBAL_UNIT_ASSIGNED_CONTEXT((#2722,#2723,#2724)) REPRESENTATION_CONTEXT
('Context #1','3D Context with UNIT and UNCERTAINTY') );
#2722 = ( LENGTH_UNIT() NAMED_UNIT(*) SI_UNIT(.MILLI.,.METRE.) );
#2723 = ( NAMED_UNIT(*) PLANE_ANGLE_UNIT() SI_UNIT($,.RADIAN.) );
#2724 = ( NAMED_UNIT(*) SI_UNIT($,.STERADIAN.) SOLID_ANGLE_UNIT() );
#2725 = UNCERTAINTY_MEASURE_WITH_UNIT(LENGTH_MEASURE(1.E-07),#2722,
  'distance_accuracy_value','confusion accuracy');
#2726 = CONTEXT_DEPENDENT_SHAPE_REPRESENTATION(#2727,#2729);
#2727 = ( REPRESENTATION_RELATIONSHIP('','',#60,#10) 
REPRESENTATION_RELATIONSHIP_WITH_TRANSFORMATION(#2728) 
SHAPE_REPRESENTATION_RELATIONSHIP() );
#2728 = ITEM_DEFINED_TRANSFORMATION('','',#11,#15);
#2729 = PRODUCT_DEFINITION_SHAPE('Placement','Placement of an item',
  #2730);
#2730 = NEXT_ASSEMBLY_USAGE_OCCURRENCE('8','=>[0:1:1:2]','',#5,#55,$);
#2731 = PRODUCT_RELATED_PRODUCT_CATEGORY('part',$,(#57));
#2732 = SHAPE_DEFINITION_REPRESENTATION(#2733,#2739);
#2733 = PRODUCT_DEFINITION_SHAPE('','',#2734);
#2734 = PRODUCT_DEFINITION('design','',#2735,#2738);
#2735 = PRODUCT_DEFINITION_FORMATION('','',#2736);
#2736 = PRODUCT('COMPOUND','COMPOUND','',(#2737));
#2737 = PRODUCT_CONTEXT('',#2,'mechanical');
#2738 = PRODUCT_DEFINITION_CONTEXT('part definition',#2,'design');
#2739 = ADVANCED_BREP_SHAPE_REPRESENTATION('',(#11,#2740),#5254);
#2740 = MANIFOLD_SOLID_BREP('',#2741);
#2741 = CLOSED_SHELL('',(#2742,#2862,#2938,#3793,#3842,#4545,#4552,#4579
    ,#4606,#4633,#4660,#4687,#4714,#4741,#4768,#4795,#4822,#4849,#4876,
    #4903,#4930,#4957,#4984,#5011,#5038,#5065,#5092,#5119,#5146,#5173,
    #5200,#5227));
#2742 = ADVANCED_FACE('',(#2743),#2757,.F.);
#2743 = FACE_BOUND('',#2744,.F.);
#2744 = EDGE_LOOP('',(#2745,#2780,#2808,#2836));
#2745 = ORIENTED_EDGE('',*,*,#2746,.F.);
#2746 = EDGE_CURVE('',#2747,#2749,#2751,.T.);
#2747 = VERTEX_POINT('',#2748);
#2748 = CARTESIAN_POINT('',(-233.,-153.,200.));
#2749 = VERTEX_POINT('',#2750);
#2750 = CARTESIAN_POINT('',(-233.,-153.,203.));
#2751 = SURFACE_CURVE('',#2752,(#2756,#2768),.PCURVE_S1.);
#2752 = LINE('',#2753,#2754);
#2753 = CARTESIAN_POINT('',(-233.,-153.,200.));
#2754 = VECTOR('',#2755,1.);
#2755 = DIRECTION('',(0.,0.,1.));
#2756 = PCURVE('',#2757,#2762);
#2757 = PLANE('',#2758);
#2758 = AXIS2_PLACEMENT_3D('',#2759,#2760,#2761);
#2759 = CARTESIAN_POINT('',(-233.,-153.,200.));
#2760 = DIRECTION('',(1.,0.,-0.));
#2761 = DIRECTION('',(0.,0.,1.));
#2762 = DEFINITIONAL_REPRESENTATION('',(#2763),#2767);
#2763 = LINE('',#2764,#2765);
#2764 = CARTESIAN_POINT('',(0.,0.));
#2765 = VECTOR('',#2766,1.);
#2766 = DIRECTION('',(1.,0.));
#2767 = ( GEOMETRIC_REPRESENTATION_CONTEXT(2) 
PARAMETRIC_REPRESENTATION_CONTEXT() REPRESENTATION_CONTEXT('2D SPACE',''
  ) );
#2768 = PCURVE('',#2769,#2774);
#2769 = PLANE('',#2770);
#2770 = AXIS2_PLACEMENT_3D('',#2771,#2772,#2773);
#2771 = CARTESIAN_POINT('',(-233.,-153.,200.));
#2772 = DIRECTION('',(-0.,1.,0.));
#2773 = DIRECTION('',(0.,0.,1.));
#2774 = DEFINITIONAL_REPRESENTATION('',(#2775),#2779);
#2775 = LINE('',#2776,#2777);
#2776 = CARTESIAN_POINT('',(0.,0.));
#2777 = VECTOR('',#2778,1.);
#2778 = DIRECTION('',(1.,0.));
#2779 = ( GEOMETRIC_REPRESENTATION_CONTEXT(2) 
PARAMETRIC_REPRESENTATION_CONTEXT() REPRESENTATION_CONTEXT('2D SPACE',''
  ) );
#2780 = ORIENTED_EDGE('',*,*,#2781,.T.);
#2781 = EDGE_CURVE('',#2747,#2782,#2784,.T.);
#2782 = VERTEX_POINT('',#2783);
#2783 = CARTESIAN_POINT('',(-233.,153.,200.));
#2784 = SURFACE_CURVE('',#2785,(#2789,#2796),.PCURVE_S1.);
#2785 = LINE('',#2786,#2787);
#2786 = CARTESIAN_POINT('',(-233.,-153.,200.));
#2787 = VECTOR('',#2788,1.);
#2788 = DIRECTION('',(-0.,1.,0.));
#2789 = PCURVE('',#2757,#2790);
#2790 = DEFINITIONAL_REPRESENTATION('',(#2791),#2795);
#2791 = LINE('',#2792,#2793);
#2792 = CARTESIAN_POINT('',(0.,0.));
#2793 = VECTOR('',#2794,1.);
#2794 = DIRECTION('',(0.,-1.));
#2795 = ( GEOMETRIC_REPRESENTATION_CONTEXT(2) 
PARAMETRIC_REPRESENTATION_CONTEXT() REPRESENTATION_CONTEXT('2D SPACE',''
  ) );
#2796 = PCURVE('',#2797,#2802);
#2797 = PLANE('',#2798);
#2798 = AXIS2_PLACEMENT_3D('',#2799,#2800,#2801);
#2799 = CARTESIAN_POINT('',(-233.,-153.,200.));
#2800 = DIRECTION('',(0.,0.,1.));
#2801 = DIRECTION('',(1.,0.,-0.));
#2802 = DEFINITIONAL_REPRESENTATION('',(#2803),#2807);
#2803 = LINE('',#2804,#2805);
#2804 = CARTESIAN_POINT('',(0.,0.));
#2805 = VECTOR('',#2806,1.);
#2806 = DIRECTION('',(0.,1.));
#2807 = ( GEOMETRIC_REPRESENTATION_CONTEXT(2) 
PARAMETRIC_REPRESENTATION_CONTEXT() REPRESENTATION_CONTEXT('2D SPACE',''
  ) );
#2808 = ORIENTED_EDGE('',*,*,#2809,.T.);
#2809 = EDGE_CURVE('',#2782,#2810,#2812,.T.);
#2810 = VERTEX_POINT('',#2811);
#2811 = CARTESIAN_POINT('',(-233.,153.,203.));
#2812 = SURFACE_CURVE('',#2813,(#2817,#2824),.PCURVE_S1.);
#2813 = LINE('',#2814,#2815);
#2814 = CARTESIAN_POINT('',(-233.,153.,200.));
#2815 = VECTOR('',#2816,1.);
#2816 = DIRECTION('',(0.,0.,1.));
#2817 = PCURVE('',#2757,#2818);
#2818 = DEFINITIONAL_REPRESENTATION('',(#2819),#2823);
#2819 = LINE('',#2820,#2821);
#2820 = CARTESIAN_POINT('',(0.,-306.));
#2821 = VECTOR('',#2822,1.);
#2822 = DIRECTION('',(1.,0.));
#2823 = ( GEOMETRIC_REPRESENTATION_CONTEXT(2) 
PARAMETRIC_REPRESENTATION_CONTEXT() REPRESENTATION_CONTEXT('2D SPACE',''
  ) );
#2824 = PCURVE('',#2825,#2830);
#2825 = PLANE('',#2826);
#2826 = AXIS2_PLACEMENT_3D('',#2827,#2828,#2829);
#2827 = CARTESIAN_POINT('',(-233.,153.,200.));
#2828 = DIRECTION('',(-0.,1.,0.));
#2829 = DIRECTION('',(0.,0.,1.));
#2830 = DEFINITIONAL_REPRESENTATION('',(#2831),#2835);
#2831 = LINE('',#2832,#2833);
#2832 = CARTESIAN_POINT('',(0.,0.));
#2833 = VECTOR('',#2834,1.);
#2834 = DIRECTION('',(1.,0.));
#2835 = ( GEOMETRIC_REPRESENTATION_CONTEXT(2) 
PARAMETRIC_REPRESENTATION_CONTEXT() REPRESENTATION_CONTEXT('2D SPACE',''
  ) );
#2836 = ORIENTED_EDGE('',*,*,#2837,.F.);
#2837 = EDGE_CURVE('',#2749,#2810,#2838,.T.);
#2838 = SURFACE_CURVE('',#2839,(#2843,#2850),.PCURVE_S1.);
#2839 = LINE('',#2840,#2841);
#2840 = CARTESIAN_POINT('',(-233.,-153.,203.));
#2841 = VECTOR('',#2842,1.);
#2842 = DIRECTION('',(-0.,1.,0.));
#2843 = PCURVE('',#2757,#2844);
#2844 = DEFINITIONAL_REPRESENTATION('',(#2845),#2849);
#2845 = LINE('',#2846,#2847);
#2846 = CARTESIAN_POINT('',(3.,0.));
#2847 = VECTOR('',#2848,1.);
#2848 = DIRECTION('',(0.,-1.));
#2849 = ( GEOMETRIC_REPRESENTATION_CONTEXT(2) 
PARAMETRIC_REPRESENTATION_CONTEXT() REPRESENTATION_CONTEXT('2D SPACE',''
  ) );
#2850 = PCURVE('',#2851,#2856);
#2851 = PLANE('',#2852);
#2852 = AXIS2_PLACEMENT_3D('',#2853,#2854,#2855);
#2853 = CARTESIAN_POINT('',(-233.,-153.,203.));
#2854 = DIRECTION('',(0.,0.,1.));
#2855 = DIRECTION('',(1.,0.,-0.));
#2856 = DEFINITIONAL_REPRESENTATION('',(#2857),#2861);
#2857 = LINE('',#2858,#2859);
#2858 = CARTESIAN_POINT('',(0.,0.));
#2859 = VECTOR('',#2860,1.);
#2860 = DIRECTION('',(0.,1.));
#2861 = ( GEOMETRIC_REPRESENTATION_CONTEXT(2) 
PARAMETRIC_REPRESENTATION_CONTEXT() REPRESENTATION_CONTEXT('2D SPACE',''
  ) );
#2862 = ADVANCED_FACE('',(#2863),#2769,.F.);
#2863 = FACE_BOUND('',#2864,.F.);
#2864 = EDGE_LOOP('',(#2865,#2888,#2889,#2912));
#2865 = ORIENTED_EDGE('',*,*,#2866,.F.);
#2866 = EDGE_CURVE('',#2747,#2867,#2869,.T.);
#2867 = VERTEX_POINT('',#2868);
#2868 = CARTESIAN_POINT('',(233.,-153.,200.));
#2869 = SURFACE_CURVE('',#2870,(#2874,#2881),.PCURVE_S1.);
#2870 = LINE('',#2871,#2872);
#2871 = CARTESIAN_POINT('',(-233.,-153.,200.));
#2872 = VECTOR('',#2873,1.);
#2873 = DIRECTION('',(1.,0.,-0.));
#2874 = PCURVE('',#2769,#2875);
#2875 = DEFINITIONAL_REPRESENTATION('',(#2876),#2880);
#2876 = LINE('',#2877,#2878);
#2877 = CARTESIAN_POINT('',(0.,0.));
#2878 = VECTOR('',#2879,1.);
#2879 = DIRECTION('',(0.,1.));
#2880 = ( GEOMETRIC_REPRESENTATION_CONTEXT(2) 
PARAMETRIC_REPRESENTATION_CONTEXT() REPRESENTATION_CONTEXT('2D SPACE',''
  ) );
#2881 = PCURVE('',#2797,#2882);
#2882 = DEFINITIONAL_REPRESENTATION('',(#2883),#2887);
#2883 = LINE('',#2884,#2885);
#2884 = CARTESIAN_POINT('',(0.,0.));
#2885 = VECTOR('',#2886,1.);
#2886 = DIRECTION('',(1.,0.));
#2887 = ( GEOMETRIC_REPRESENTATION_CONTEXT(2) 
PARAMETRIC_REPRESENTATION_CONTEXT() REPRESENTATION_CONTEXT('2D SPACE',''
  ) );
#2888 = ORIENTED_EDGE('',*,*,#2746,.T.);
#2889 = ORIENTED_EDGE('',*,*,#2890,.T.);
#2890 = EDGE_CURVE('',#2749,#2891,#2893,.T.);
#2891 = VERTEX_POINT('',#2892);
#2892 = CARTESIAN_POINT('',(233.,-153.,203.));
#2893 = SURFACE_CURVE('',#2894,(#2898,#2905),.PCURVE_S1.);
#2894 = LINE('',#2895,#2896);
#2895 = CARTESIAN_POINT('',(-233.,-153.,203.));
#2896 = VECTOR('',#2897,1.);
#2897 = DIRECTION('',(1.,0.,-0.));
#2898 = PCURVE('',#2769,#2899);
#2899 = DEFINITIONAL_REPRESENTATION('',(#2900),#2904);
#2900 = LINE('',#2901,#2902);
#2901 = CARTESIAN_POINT('',(3.,0.));
#2902 = VECTOR('',#2903,1.);
#2903 = DIRECTION('',(0.,1.));
#2904 = ( GEOMETRIC_REPRESENTATION_CONTEXT(2) 
PARAMETRIC_REPRESENTATION_CONTEXT() REPRESENTATION_CONTEXT('2D SPACE',''
  ) );
#2905 = PCURVE('',#2851,#2906);
#2906 = DEFINITIONAL_REPRESENTATION('',(#2907),#2911);
#2907 = LINE('',#2908,#2909);
#2908 = CARTESIAN_POINT('',(0.,0.));
#2909 = VECTOR('',#2910,1.);
#2910 = DIRECTION('',(1.,0.));
#2911 = ( GEOMETRIC_REPRESENTATION_CONTEXT(2) 
PARAMETRIC_REPRESENTATION_CONTEXT() REPRESENTATION_CONTEXT('2D SPACE',''
  ) );
#2912 = ORIENTED_EDGE('',*,*,#2913,.F.);
#2913 = EDGE_CURVE('',#2867,#2891,#2914,.T.);
#2914 = SURFACE_CURVE('',#2915,(#2919,#2926),.PCURVE_S1.);
#2915 = LINE('',#2916,#2917);
#2916 = CARTESIAN_POINT('',(233.,-153.,200.));
#2917 = VECTOR('',#2918,1.);
#2918 = DIRECTION('',(0.,0.,1.));
#2919 = PCURVE('',#2769,#2920);
#2920 = DEFINITIONAL_REPRESENTATION('',(#2921),#2925);
#2921 = LINE('',#2922,#2923);
#2922 = CARTESIAN_POINT('',(0.,466.));
#2923 = VECTOR('',#2924,1.);
#2924 = DIRECTION('',(1.,0.));
#2925 = ( GEOMETRIC_REPRESENTATION_CONTEXT(2) 
PARAMETRIC_REPRESENTATION_CONTEXT() REPRESENTATION_CONTEXT('2D SPACE',''
  ) );
#2926 = PCURVE('',#2927,#2932);
#2927 = PLANE('',#2928);
#2928 = AXIS2_PLACEMENT_3D('',#2929,#2930,#2931);
#2929 = CARTESIAN_POINT('',(233.,-153.,200.));
#2930 = DIRECTION('',(1.,0.,-0.));
#2931 = DIRECTION('',(0.,0.,1.));
#2932 = DEFINITIONAL_REPRESENTATION('',(#2933),#2937);
#2933 = LINE('',#2934,#2935);
#2934 = CARTESIAN_POINT('',(0.,0.));
#2935 = VECTOR('',#2936,1.);
#2936 = DIRECTION('',(1.,0.));
#2937 = ( GEOMETRIC_REPRESENTATION_CONTEXT(2) 
PARAMETRIC_REPRESENTATION_CONTEXT() REPRESENTATION_CONTEXT('2D SPACE',''
  ) );
#2938 = ADVANCED_FACE('',(#2939,#2987,#3018,#3049,#3080,#3111,#3142,
    #3173,#3204,#3235,#3266,#3297,#3328,#3359,#3390,#3421,#3452,#3483,
    #3514,#3545,#3576,#3607,#3638,#3669,#3700,#3731,#3762),#2851,.T.);
#2939 = FACE_BOUND('',#2940,.T.);
#2940 = EDGE_LOOP('',(#2941,#2942,#2943,#2966));
#2941 = ORIENTED_EDGE('',*,*,#2837,.F.);
#2942 = ORIENTED_EDGE('',*,*,#2890,.T.);
#2943 = ORIENTED_EDGE('',*,*,#2944,.T.);
#2944 = EDGE_CURVE('',#2891,#2945,#2947,.T.);
#2945 = VERTEX_POINT('',#2946);
#2946 = CARTESIAN_POINT('',(233.,153.,203.));
#2947 = SURFACE_CURVE('',#2948,(#2952,#2959),.PCURVE_S1.);
#2948 = LINE('',#2949,#2950);
#2949 = CARTESIAN_POINT('',(233.,-153.,203.));
#2950 = VECTOR('',#2951,1.);
#2951 = DIRECTION('',(-0.,1.,0.));
#2952 = PCURVE('',#2851,#2953);
#2953 = DEFINITIONAL_REPRESENTATION('',(#2954),#2958);
#2954 = LINE('',#2955,#2956);
#2955 = CARTESIAN_POINT('',(466.,0.));
#2956 = VECTOR('',#2957,1.);
#2957 = DIRECTION('',(0.,1.));
#2958 = ( GEOMETRIC_REPRESENTATION_CONTEXT(2) 
PARAMETRIC_REPRESENTATION_CONTEXT() REPRESENTATION_CONTEXT('2D SPACE',''
  ) );
#2959 = PCURVE('',#2927,#2960);
#2960 = DEFINITIONAL_REPRESENTATION('',(#2961),#2965);
#2961 = LINE('',#2962,#2963);
#2962 = CARTESIAN_POINT('',(3.,0.));
#2963 = VECTOR('',#2964,1.);
#2964 = DIRECTION('',(0.,-1.));
#2965 = ( GEOMETRIC_REPRESENTATION_CONTEXT(2) 
PARAMETRIC_REPRESENTATION_CONTEXT() REPRESENTATION_CONTEXT('2D SPACE',''
  ) );
#2966 = ORIENTED_EDGE('',*,*,#2967,.F.);
#2967 = EDGE_CURVE('',#2810,#2945,#2968,.T.);
#2968 = SURFACE_CURVE('',#2969,(#2973,#2980),.PCURVE_S1.);
#2969 = LINE('',#2970,#2971);
#2970 = CARTESIAN_POINT('',(-233.,153.,203.));
#2971 = VECTOR('',#2972,1.);
#2972 = DIRECTION('',(1.,0.,-0.));
#2973 = PCURVE('',#2851,#2974);
#2974 = DEFINITIONAL_REPRESENTATION('',(#2975),#2979);
#2975 = LINE('',#2976,#2977);
#2976 = CARTESIAN_POINT('',(0.,306.));
#2977 = VECTOR('',#2978,1.);
#2978 = DIRECTION('',(1.,0.));
#2979 = ( GEOMETRIC_REPRESENTATION_CONTEXT(2) 
PARAMETRIC_REPRESENTATION_CONTEXT() REPRESENTATION_CONTEXT('2D SPACE',''
  ) );
#2980 = PCURVE('',#2825,#2981);
#2981 = DEFINITIONAL_REPRESENTATION('',(#2982),#2986);
#2982 = LINE('',#2983,#2984);
#2983 = CARTESIAN_POINT('',(3.,0.));
#2984 = VECTOR('',#2985,1.);
#2985 = DIRECTION('',(0.,1.));
#2986 = ( GEOMETRIC_REPRESENTATION_CONTEXT(2) 
PARAMETRIC_REPRESENTATION_CONTEXT() REPRESENTATION_CONTEXT('2D SPACE',''
  ) );
#2987 = FACE_BOUND('',#2988,.T.);
#2988 = EDGE_LOOP('',(#2989));
#2989 = ORIENTED_EDGE('',*,*,#2990,.F.);
#2990 = EDGE_CURVE('',#2991,#2991,#2993,.T.);
#2991 = VERTEX_POINT('',#2992);
#2992 = CARTESIAN_POINT('',(-214.75,-138.,203.));
#2993 = SURFACE_CURVE('',#2994,(#2999,#3006),.PCURVE_S1.);
#2994 = CIRCLE('',#2995,3.25);
#2995 = AXIS2_PLACEMENT_3D('',#2996,#2997,#2998);
#2996 = CARTESIAN_POINT('',(-218.,-138.,203.));
#2997 = DIRECTION('',(0.,0.,1.));
#2998 = DIRECTION('',(1.,0.,-0.));
#2999 = PCURVE('',#2851,#3000);
#3000 = DEFINITIONAL_REPRESENTATION('',(#3001),#3005);
#3001 = CIRCLE('',#3002,3.25);
#3002 = AXIS2_PLACEMENT_2D('',#3003,#3004);
#3003 = CARTESIAN_POINT('',(15.,15.));
#3004 = DIRECTION('',(1.,0.));
#3005 = ( GEOMETRIC_REPRESENTATION_CONTEXT(2) 
PARAMETRIC_REPRESENTATION_CONTEXT() REPRESENTATION_CONTEXT('2D SPACE',''
  ) );
#3006 = PCURVE('',#3007,#3012);
#3007 = CYLINDRICAL_SURFACE('',#3008,3.25);
#3008 = AXIS2_PLACEMENT_3D('',#3009,#3010,#3011);
#3009 = CARTESIAN_POINT('',(-218.,-138.,200.));
#3010 = DIRECTION('',(0.,0.,1.));
#3011 = DIRECTION('',(1.,0.,-0.));
#3012 = DEFINITIONAL_REPRESENTATION('',(#3013),#3017);
#3013 = LINE('',#3014,#3015);
#3014 = CARTESIAN_POINT('',(0.,3.));
#3015 = VECTOR('',#3016,1.);
#3016 = DIRECTION('',(1.,0.));
#3017 = ( GEOMETRIC_REPRESENTATION_CONTEXT(2) 
PARAMETRIC_REPRESENTATION_CONTEXT() REPRESENTATION_CONTEXT('2D SPACE',''
  ) );
#3018 = FACE_BOUND('',#3019,.T.);
#3019 = EDGE_LOOP('',(#3020));
#3020 = ORIENTED_EDGE('',*,*,#3021,.F.);
#3021 = EDGE_CURVE('',#3022,#3022,#3024,.T.);
#3022 = VERTEX_POINT('',#3023);
#3023 = CARTESIAN_POINT('',(-160.25,-138.,203.));
#3024 = SURFACE_CURVE('',#3025,(#3030,#3037),.PCURVE_S1.);
#3025 = CIRCLE('',#3026,3.25);
#3026 = AXIS2_PLACEMENT_3D('',#3027,#3028,#3029);
#3027 = CARTESIAN_POINT('',(-163.5,-138.,203.));
#3028 = DIRECTION('',(0.,0.,1.));
#3029 = DIRECTION('',(1.,0.,-0.));
#3030 = PCURVE('',#2851,#3031);
#3031 = DEFINITIONAL_REPRESENTATION('',(#3032),#3036);
#3032 = CIRCLE('',#3033,3.25);
#3033 = AXIS2_PLACEMENT_2D('',#3034,#3035);
#3034 = CARTESIAN_POINT('',(69.5,15.));
#3035 = DIRECTION('',(1.,0.));
#3036 = ( GEOMETRIC_REPRESENTATION_CONTEXT(2) 
PARAMETRIC_REPRESENTATION_CONTEXT() REPRESENTATION_CONTEXT('2D SPACE',''
  ) );
#3037 = PCURVE('',#3038,#3043);
#3038 = CYLINDRICAL_SURFACE('',#3039,3.25);
#3039 = AXIS2_PLACEMENT_3D('',#3040,#3041,#3042);
#3040 = CARTESIAN_POINT('',(-163.5,-138.,200.));
#3041 = DIRECTION('',(0.,0.,1.));
#3042 = DIRECTION('',(1.,0.,-0.));
#3043 = DEFINITIONAL_REPRESENTATION('',(#3044),#3048);
#3044 = LINE('',#3045,#3046);
#3045 = CARTESIAN_POINT('',(0.,3.));
#3046 = VECTOR('',#3047,1.);
#3047 = DIRECTION('',(1.,0.));
#3048 = ( GEOMETRIC_REPRESENTATION_CONTEXT(2) 
PARAMETRIC_REPRESENTATION_CONTEXT() REPRESENTATION_CONTEXT('2D SPACE',''
  ) );
#3049 = FACE_BOUND('',#3050,.T.);
#3050 = EDGE_LOOP('',(#3051));
#3051 = ORIENTED_EDGE('',*,*,#3052,.F.);
#3052 = EDGE_CURVE('',#3053,#3053,#3055,.T.);
#3053 = VERTEX_POINT('',#3054);
#3054 = CARTESIAN_POINT('',(-214.75,-82.8,203.));
#3055 = SURFACE_CURVE('',#3056,(#3061,#3068),.PCURVE_S1.);
#3056 = CIRCLE('',#3057,3.25);
#3057 = AXIS2_PLACEMENT_3D('',#3058,#3059,#3060);
#3058 = CARTESIAN_POINT('',(-218.,-82.8,203.));
#3059 = DIRECTION('',(0.,0.,1.));
#3060 = DIRECTION('',(1.,0.,-0.));
#3061 = PCURVE('',#2851,#3062);
#3062 = DEFINITIONAL_REPRESENTATION('',(#3063),#3067);
#3063 = CIRCLE('',#3064,3.25);
#3064 = AXIS2_PLACEMENT_2D('',#3065,#3066);
#3065 = CARTESIAN_POINT('',(15.,70.2));
#3066 = DIRECTION('',(1.,0.));
#3067 = ( GEOMETRIC_REPRESENTATION_CONTEXT(2) 
PARAMETRIC_REPRESENTATION_CONTEXT() REPRESENTATION_CONTEXT('2D SPACE',''
  ) );
#3068 = PCURVE('',#3069,#3074);
#3069 = CYLINDRICAL_SURFACE('',#3070,3.25);
#3070 = AXIS2_PLACEMENT_3D('',#3071,#3072,#3073);
#3071 = CARTESIAN_POINT('',(-218.,-82.8,200.));
#3072 = DIRECTION('',(0.,0.,1.));
#3073 = DIRECTION('',(1.,0.,-0.));
#3074 = DEFINITIONAL_REPRESENTATION('',(#3075),#3079);
#3075 = LINE('',#3076,#3077);
#3076 = CARTESIAN_POINT('',(0.,3.));
#3077 = VECTOR('',#3078,1.);
#3078 = DIRECTION('',(1.,0.));
#3079 = ( GEOMETRIC_REPRESENTATION_CONTEXT(2) 
PARAMETRIC_REPRESENTATION_CONTEXT() REPRESENTATION_CONTEXT('2D SPACE',''
  ) );
#3080 = FACE_BOUND('',#3081,.T.);
#3081 = EDGE_LOOP('',(#3082));
#3082 = ORIENTED_EDGE('',*,*,#3083,.F.);
#3083 = EDGE_CURVE('',#3084,#3084,#3086,.T.);
#3084 = VERTEX_POINT('',#3085);
#3085 = CARTESIAN_POINT('',(-105.75,-138.,203.));
#3086 = SURFACE_CURVE('',#3087,(#3092,#3099),.PCURVE_S1.);
#3087 = CIRCLE('',#3088,3.25);
#3088 = AXIS2_PLACEMENT_3D('',#3089,#3090,#3091);
#3089 = CARTESIAN_POINT('',(-109.,-138.,203.));
#3090 = DIRECTION('',(0.,0.,1.));
#3091 = DIRECTION('',(1.,0.,-0.));
#3092 = PCURVE('',#2851,#3093);
#3093 = DEFINITIONAL_REPRESENTATION('',(#3094),#3098);
#3094 = CIRCLE('',#3095,3.25);
#3095 = AXIS2_PLACEMENT_2D('',#3096,#3097);
#3096 = CARTESIAN_POINT('',(124.,15.));
#3097 = DIRECTION('',(1.,0.));
#3098 = ( GEOMETRIC_REPRESENTATION_CONTEXT(2) 
PARAMETRIC_REPRESENTATION_CONTEXT() REPRESENTATION_CONTEXT('2D SPACE',''
  ) );
#3099 = PCURVE('',#3100,#3105);
#3100 = CYLINDRICAL_SURFACE('',#3101,3.25);
#3101 = AXIS2_PLACEMENT_3D('',#3102,#3103,#3104);
#3102 = CARTESIAN_POINT('',(-109.,-138.,200.));
#3103 = DIRECTION('',(0.,0.,1.));
#3104 = DIRECTION('',(1.,0.,-0.));
#3105 = DEFINITIONAL_REPRESENTATION('',(#3106),#3110);
#3106 = LINE('',#3107,#3108);
#3107 = CARTESIAN_POINT('',(0.,3.));
#3108 = VECTOR('',#3109,1.);
#3109 = DIRECTION('',(1.,0.));
#3110 = ( GEOMETRIC_REPRESENTATION_CONTEXT(2) 
PARAMETRIC_REPRESENTATION_CONTEXT() REPRESENTATION_CONTEXT('2D SPACE',''
  ) );
#3111 = FACE_BOUND('',#3112,.T.);
#3112 = EDGE_LOOP('',(#3113));
#3113 = ORIENTED_EDGE('',*,*,#3114,.F.);
#3114 = EDGE_CURVE('',#3115,#3115,#3117,.T.);
#3115 = VERTEX_POINT('',#3116);
#3116 = CARTESIAN_POINT('',(-51.25,-138.,203.));
#3117 = SURFACE_CURVE('',#3118,(#3123,#3130),.PCURVE_S1.);
#3118 = CIRCLE('',#3119,3.25);
#3119 = AXIS2_PLACEMENT_3D('',#3120,#3121,#3122);
#3120 = CARTESIAN_POINT('',(-54.5,-138.,203.));
#3121 = DIRECTION('',(0.,0.,1.));
#3122 = DIRECTION('',(1.,0.,-0.));
#3123 = PCURVE('',#2851,#3124);
#3124 = DEFINITIONAL_REPRESENTATION('',(#3125),#3129);
#3125 = CIRCLE('',#3126,3.25);
#3126 = AXIS2_PLACEMENT_2D('',#3127,#3128);
#3127 = CARTESIAN_POINT('',(178.5,15.));
#3128 = DIRECTION('',(1.,0.));
#3129 = ( GEOMETRIC_REPRESENTATION_CONTEXT(2) 
PARAMETRIC_REPRESENTATION_CONTEXT() REPRESENTATION_CONTEXT('2D SPACE',''
  ) );
#3130 = PCURVE('',#3131,#3136);
#3131 = CYLINDRICAL_SURFACE('',#3132,3.25);
#3132 = AXIS2_PLACEMENT_3D('',#3133,#3134,#3135);
#3133 = CARTESIAN_POINT('',(-54.5,-138.,200.));
#3134 = DIRECTION('',(0.,0.,1.));
#3135 = DIRECTION('',(1.,0.,-0.));
#3136 = DEFINITIONAL_REPRESENTATION('',(#3137),#3141);
#3137 = LINE('',#3138,#3139);
#3138 = CARTESIAN_POINT('',(0.,3.));
#3139 = VECTOR('',#3140,1.);
#3140 = DIRECTION('',(1.,0.));
#3141 = ( GEOMETRIC_REPRESENTATION_CONTEXT(2) 
PARAMETRIC_REPRESENTATION_CONTEXT() REPRESENTATION_CONTEXT('2D SPACE',''
  ) );
#3142 = FACE_BOUND('',#3143,.T.);
#3143 = EDGE_LOOP('',(#3144));
#3144 = ORIENTED_EDGE('',*,*,#3145,.F.);
#3145 = EDGE_CURVE('',#3146,#3146,#3148,.T.);
#3146 = VERTEX_POINT('',#3147);
#3147 = CARTESIAN_POINT('',(-214.75,-27.6,203.));
#3148 = SURFACE_CURVE('',#3149,(#3154,#3161),.PCURVE_S1.);
#3149 = CIRCLE('',#3150,3.25);
#3150 = AXIS2_PLACEMENT_3D('',#3151,#3152,#3153);
#3151 = CARTESIAN_POINT('',(-218.,-27.6,203.));
#3152 = DIRECTION('',(0.,0.,1.));
#3153 = DIRECTION('',(1.,0.,-0.));
#3154 = PCURVE('',#2851,#3155);
#3155 = DEFINITIONAL_REPRESENTATION('',(#3156),#3160);
#3156 = CIRCLE('',#3157,3.25);
#3157 = AXIS2_PLACEMENT_2D('',#3158,#3159);
#3158 = CARTESIAN_POINT('',(15.,125.4));
#3159 = DIRECTION('',(1.,0.));
#3160 = ( GEOMETRIC_REPRESENTATION_CONTEXT(2) 
PARAMETRIC_REPRESENTATION_CONTEXT() REPRESENTATION_CONTEXT('2D SPACE',''
  ) );
#3161 = PCURVE('',#3162,#3167);
#3162 = CYLINDRICAL_SURFACE('',#3163,3.25);
#3163 = AXIS2_PLACEMENT_3D('',#3164,#3165,#3166);
#3164 = CARTESIAN_POINT('',(-218.,-27.6,200.));
#3165 = DIRECTION('',(0.,0.,1.));
#3166 = DIRECTION('',(1.,0.,-0.));
#3167 = DEFINITIONAL_REPRESENTATION('',(#3168),#3172);
#3168 = LINE('',#3169,#3170);
#3169 = CARTESIAN_POINT('',(0.,3.));
#3170 = VECTOR('',#3171,1.);
#3171 = DIRECTION('',(1.,0.));
#3172 = ( GEOMETRIC_REPRESENTATION_CONTEXT(2) 
PARAMETRIC_REPRESENTATION_CONTEXT() REPRESENTATION_CONTEXT('2D SPACE',''
  ) );
#3173 = FACE_BOUND('',#3174,.T.);
#3174 = EDGE_LOOP('',(#3175));
#3175 = ORIENTED_EDGE('',*,*,#3176,.F.);
#3176 = EDGE_CURVE('',#3177,#3177,#3179,.T.);
#3177 = VERTEX_POINT('',#3178);
#3178 = CARTESIAN_POINT('',(3.25,-138.,203.));
#3179 = SURFACE_CURVE('',#3180,(#3185,#3192),.PCURVE_S1.);
#3180 = CIRCLE('',#3181,3.25);
#3181 = AXIS2_PLACEMENT_3D('',#3182,#3183,#3184);
#3182 = CARTESIAN_POINT('',(0.,-138.,203.));
#3183 = DIRECTION('',(0.,0.,1.));
#3184 = DIRECTION('',(1.,0.,-0.));
#3185 = PCURVE('',#2851,#3186);
#3186 = DEFINITIONAL_REPRESENTATION('',(#3187),#3191);
#3187 = CIRCLE('',#3188,3.25);
#3188 = AXIS2_PLACEMENT_2D('',#3189,#3190);
#3189 = CARTESIAN_POINT('',(233.,15.));
#3190 = DIRECTION('',(1.,0.));
#3191 = ( GEOMETRIC_REPRESENTATION_CONTEXT(2) 
PARAMETRIC_REPRESENTATION_CONTEXT() REPRESENTATION_CONTEXT('2D SPACE',''
  ) );
#3192 = PCURVE('',#3193,#3198);
#3193 = CYLINDRICAL_SURFACE('',#3194,3.25);
#3194 = AXIS2_PLACEMENT_3D('',#3195,#3196,#3197);
#3195 = CARTESIAN_POINT('',(0.,-138.,200.));
#3196 = DIRECTION('',(0.,0.,1.));
#3197 = DIRECTION('',(1.,0.,-0.));
#3198 = DEFINITIONAL_REPRESENTATION('',(#3199),#3203);
#3199 = LINE('',#3200,#3201);
#3200 = CARTESIAN_POINT('',(0.,3.));
#3201 = VECTOR('',#3202,1.);
#3202 = DIRECTION('',(1.,0.));
#3203 = ( GEOMETRIC_REPRESENTATION_CONTEXT(2) 
PARAMETRIC_REPRESENTATION_CONTEXT() REPRESENTATION_CONTEXT('2D SPACE',''
  ) );
#3204 = FACE_BOUND('',#3205,.T.);
#3205 = EDGE_LOOP('',(#3206));
#3206 = ORIENTED_EDGE('',*,*,#3207,.F.);
#3207 = EDGE_CURVE('',#3208,#3208,#3210,.T.);
#3208 = VERTEX_POINT('',#3209);
#3209 = CARTESIAN_POINT('',(57.75,-138.,203.));
#3210 = SURFACE_CURVE('',#3211,(#3216,#3223),.PCURVE_S1.);
#3211 = CIRCLE('',#3212,3.25);
#3212 = AXIS2_PLACEMENT_3D('',#3213,#3214,#3215);
#3213 = CARTESIAN_POINT('',(54.5,-138.,203.));
#3214 = DIRECTION('',(0.,0.,1.));
#3215 = DIRECTION('',(1.,0.,-0.));
#3216 = PCURVE('',#2851,#3217);
#3217 = DEFINITIONAL_REPRESENTATION('',(#3218),#3222);
#3218 = CIRCLE('',#3219,3.25);
#3219 = AXIS2_PLACEMENT_2D('',#3220,#3221);
#3220 = CARTESIAN_POINT('',(287.5,15.));
#3221 = DIRECTION('',(1.,0.));
#3222 = ( GEOMETRIC_REPRESENTATION_CONTEXT(2) 
PARAMETRIC_REPRESENTATION_CONTEXT() REPRESENTATION_CONTEXT('2D SPACE',''
  ) );
#3223 = PCURVE('',#3224,#3229);
#3224 = CYLINDRICAL_SURFACE('',#3225,3.25);
#3225 = AXIS2_PLACEMENT_3D('',#3226,#3227,#3228);
#3226 = CARTESIAN_POINT('',(54.5,-138.,200.));
#3227 = DIRECTION('',(0.,0.,1.));
#3228 = DIRECTION('',(1.,0.,-0.));
#3229 = DEFINITIONAL_REPRESENTATION('',(#3230),#3234);
#3230 = LINE('',#3231,#3232);
#3231 = CARTESIAN_POINT('',(0.,3.));
#3232 = VECTOR('',#3233,1.);
#3233 = DIRECTION('',(1.,0.));
#3234 = ( GEOMETRIC_REPRESENTATION_CONTEXT(2) 
PARAMETRIC_REPRESENTATION_CONTEXT() REPRESENTATION_CONTEXT('2D SPACE',''
  ) );
#3235 = FACE_BOUND('',#3236,.T.);
#3236 = EDGE_LOOP('',(#3237));
#3237 = ORIENTED_EDGE('',*,*,#3238,.F.);
#3238 = EDGE_CURVE('',#3239,#3239,#3241,.T.);
#3239 = VERTEX_POINT('',#3240);
#3240 = CARTESIAN_POINT('',(112.25,-138.,203.));
#3241 = SURFACE_CURVE('',#3242,(#3247,#3254),.PCURVE_S1.);
#3242 = CIRCLE('',#3243,3.25);
#3243 = AXIS2_PLACEMENT_3D('',#3244,#3245,#3246);
#3244 = CARTESIAN_POINT('',(109.,-138.,203.));
#3245 = DIRECTION('',(0.,0.,1.));
#3246 = DIRECTION('',(1.,0.,-0.));
#3247 = PCURVE('',#2851,#3248);
#3248 = DEFINITIONAL_REPRESENTATION('',(#3249),#3253);
#3249 = CIRCLE('',#3250,3.25);
#3250 = AXIS2_PLACEMENT_2D('',#3251,#3252);
#3251 = CARTESIAN_POINT('',(342.,15.));
#3252 = DIRECTION('',(1.,0.));
#3253 = ( GEOMETRIC_REPRESENTATION_CONTEXT(2) 
PARAMETRIC_REPRESENTATION_CONTEXT() REPRESENTATION_CONTEXT('2D SPACE',''
  ) );
#3254 = PCURVE('',#3255,#3260);
#3255 = CYLINDRICAL_SURFACE('',#3256,3.25);
#3256 = AXIS2_PLACEMENT_3D('',#3257,#3258,#3259);
#3257 = CARTESIAN_POINT('',(109.,-138.,200.));
#3258 = DIRECTION('',(0.,0.,1.));
#3259 = DIRECTION('',(1.,0.,-0.));
#3260 = DEFINITIONAL_REPRESENTATION('',(#3261),#3265);
#3261 = LINE('',#3262,#3263);
#3262 = CARTESIAN_POINT('',(0.,3.));
#3263 = VECTOR('',#3264,1.);
#3264 = DIRECTION('',(1.,0.));
#3265 = ( GEOMETRIC_REPRESENTATION_CONTEXT(2) 
PARAMETRIC_REPRESENTATION_CONTEXT() REPRESENTATION_CONTEXT('2D SPACE',''
  ) );
#3266 = FACE_BOUND('',#3267,.T.);
#3267 = EDGE_LOOP('',(#3268));
#3268 = ORIENTED_EDGE('',*,*,#3269,.F.);
#3269 = EDGE_CURVE('',#3270,#3270,#3272,.T.);
#3270 = VERTEX_POINT('',#3271);
#3271 = CARTESIAN_POINT('',(166.75,-138.,203.));
#3272 = SURFACE_CURVE('',#3273,(#3278,#3285),.PCURVE_S1.);
#3273 = CIRCLE('',#3274,3.25);
#3274 = AXIS2_PLACEMENT_3D('',#3275,#3276,#3277);
#3275 = CARTESIAN_POINT('',(163.5,-138.,203.));
#3276 = DIRECTION('',(0.,0.,1.));
#3277 = DIRECTION('',(1.,0.,-0.));
#3278 = PCURVE('',#2851,#3279);
#3279 = DEFINITIONAL_REPRESENTATION('',(#3280),#3284);
#3280 = CIRCLE('',#3281,3.25);
#3281 = AXIS2_PLACEMENT_2D('',#3282,#3283);
#3282 = CARTESIAN_POINT('',(396.5,15.));
#3283 = DIRECTION('',(1.,0.));
#3284 = ( GEOMETRIC_REPRESENTATION_CONTEXT(2) 
PARAMETRIC_REPRESENTATION_CONTEXT() REPRESENTATION_CONTEXT('2D SPACE',''
  ) );
#3285 = PCURVE('',#3286,#3291);
#3286 = CYLINDRICAL_SURFACE('',#3287,3.25);
#3287 = AXIS2_PLACEMENT_3D('',#3288,#3289,#3290);
#3288 = CARTESIAN_POINT('',(163.5,-138.,200.));
#3289 = DIRECTION('',(0.,0.,1.));
#3290 = DIRECTION('',(1.,0.,-0.));
#3291 = DEFINITIONAL_REPRESENTATION('',(#3292),#3296);
#3292 = LINE('',#3293,#3294);
#3293 = CARTESIAN_POINT('',(0.,3.));
#3294 = VECTOR('',#3295,1.);
#3295 = DIRECTION('',(1.,0.));
#3296 = ( GEOMETRIC_REPRESENTATION_CONTEXT(2) 
PARAMETRIC_REPRESENTATION_CONTEXT() REPRESENTATION_CONTEXT('2D SPACE',''
  ) );
#3297 = FACE_BOUND('',#3298,.T.);
#3298 = EDGE_LOOP('',(#3299));
#3299 = ORIENTED_EDGE('',*,*,#3300,.F.);
#3300 = EDGE_CURVE('',#3301,#3301,#3303,.T.);
#3301 = VERTEX_POINT('',#3302);
#3302 = CARTESIAN_POINT('',(221.25,-138.,203.));
#3303 = SURFACE_CURVE('',#3304,(#3309,#3316),.PCURVE_S1.);
#3304 = CIRCLE('',#3305,3.25);
#3305 = AXIS2_PLACEMENT_3D('',#3306,#3307,#3308);
#3306 = CARTESIAN_POINT('',(218.,-138.,203.));
#3307 = DIRECTION('',(0.,0.,1.));
#3308 = DIRECTION('',(1.,0.,-0.));
#3309 = PCURVE('',#2851,#3310);
#3310 = DEFINITIONAL_REPRESENTATION('',(#3311),#3315);
#3311 = CIRCLE('',#3312,3.25);
#3312 = AXIS2_PLACEMENT_2D('',#3313,#3314);
#3313 = CARTESIAN_POINT('',(451.,15.));
#3314 = DIRECTION('',(1.,0.));
#3315 = ( GEOMETRIC_REPRESENTATION_CONTEXT(2) 
PARAMETRIC_REPRESENTATION_CONTEXT() REPRESENTATION_CONTEXT('2D SPACE',''
  ) );
#3316 = PCURVE('',#3317,#3322);
#3317 = CYLINDRICAL_SURFACE('',#3318,3.25);
#3318 = AXIS2_PLACEMENT_3D('',#3319,#3320,#3321);
#3319 = CARTESIAN_POINT('',(218.,-138.,200.));
#3320 = DIRECTION('',(0.,0.,1.));
#3321 = DIRECTION('',(1.,0.,-0.));
#3322 = DEFINITIONAL_REPRESENTATION('',(#3323),#3327);
#3323 = LINE('',#3324,#3325);
#3324 = CARTESIAN_POINT('',(0.,3.));
#3325 = VECTOR('',#3326,1.);
#3326 = DIRECTION('',(1.,0.));
#3327 = ( GEOMETRIC_REPRESENTATION_CONTEXT(2) 
PARAMETRIC_REPRESENTATION_CONTEXT() REPRESENTATION_CONTEXT('2D SPACE',''
  ) );
#3328 = FACE_BOUND('',#3329,.T.);
#3329 = EDGE_LOOP('',(#3330));
#3330 = ORIENTED_EDGE('',*,*,#3331,.F.);
#3331 = EDGE_CURVE('',#3332,#3332,#3334,.T.);
#3332 = VERTEX_POINT('',#3333);
#3333 = CARTESIAN_POINT('',(221.25,-82.8,203.));
#3334 = SURFACE_CURVE('',#3335,(#3340,#3347),.PCURVE_S1.);
#3335 = CIRCLE('',#3336,3.25);
#3336 = AXIS2_PLACEMENT_3D('',#3337,#3338,#3339);
#3337 = CARTESIAN_POINT('',(218.,-82.8,203.));
#3338 = DIRECTION('',(0.,0.,1.));
#3339 = DIRECTION('',(1.,0.,-0.));
#3340 = PCURVE('',#2851,#3341);
#3341 = DEFINITIONAL_REPRESENTATION('',(#3342),#3346);
#3342 = CIRCLE('',#3343,3.25);
#3343 = AXIS2_PLACEMENT_2D('',#3344,#3345);
#3344 = CARTESIAN_POINT('',(451.,70.2));
#3345 = DIRECTION('',(1.,0.));
#3346 = ( GEOMETRIC_REPRESENTATION_CONTEXT(2) 
PARAMETRIC_REPRESENTATION_CONTEXT() REPRESENTATION_CONTEXT('2D SPACE',''
  ) );
#3347 = PCURVE('',#3348,#3353);
#3348 = CYLINDRICAL_SURFACE('',#3349,3.25);
#3349 = AXIS2_PLACEMENT_3D('',#3350,#3351,#3352);
#3350 = CARTESIAN_POINT('',(218.,-82.8,200.));
#3351 = DIRECTION('',(0.,0.,1.));
#3352 = DIRECTION('',(1.,0.,-0.));
#3353 = DEFINITIONAL_REPRESENTATION('',(#3354),#3358);
#3354 = LINE('',#3355,#3356);
#3355 = CARTESIAN_POINT('',(0.,3.));
#3356 = VECTOR('',#3357,1.);
#3357 = DIRECTION('',(1.,0.));
#3358 = ( GEOMETRIC_REPRESENTATION_CONTEXT(2) 
PARAMETRIC_REPRESENTATION_CONTEXT() REPRESENTATION_CONTEXT('2D SPACE',''
  ) );
#3359 = FACE_BOUND('',#3360,.T.);
#3360 = EDGE_LOOP('',(#3361));
#3361 = ORIENTED_EDGE('',*,*,#3362,.F.);
#3362 = EDGE_CURVE('',#3363,#3363,#3365,.T.);
#3363 = VERTEX_POINT('',#3364);
#3364 = CARTESIAN_POINT('',(221.25,-27.6,203.));
#3365 = SURFACE_CURVE('',#3366,(#3371,#3378),.PCURVE_S1.);
#3366 = CIRCLE('',#3367,3.25);
#3367 = AXIS2_PLACEMENT_3D('',#3368,#3369,#3370);
#3368 = CARTESIAN_POINT('',(218.,-27.6,203.));
#3369 = DIRECTION('',(0.,0.,1.));
#3370 = DIRECTION('',(1.,0.,-0.));
#3371 = PCURVE('',#2851,#3372);
#3372 = DEFINITIONAL_REPRESENTATION('',(#3373),#3377);
#3373 = CIRCLE('',#3374,3.25);
#3374 = AXIS2_PLACEMENT_2D('',#3375,#3376);
#3375 = CARTESIAN_POINT('',(451.,125.4));
#3376 = DIRECTION('',(1.,0.));
#3377 = ( GEOMETRIC_REPRESENTATION_CONTEXT(2) 
PARAMETRIC_REPRESENTATION_CONTEXT() REPRESENTATION_CONTEXT('2D SPACE',''
  ) );
#3378 = PCURVE('',#3379,#3384);
#3379 = CYLINDRICAL_SURFACE('',#3380,3.25);
#3380 = AXIS2_PLACEMENT_3D('',#3381,#3382,#3383);
#3381 = CARTESIAN_POINT('',(218.,-27.6,200.));
#3382 = DIRECTION('',(0.,0.,1.));
#3383 = DIRECTION('',(1.,0.,-0.));
#3384 = DEFINITIONAL_REPRESENTATION('',(#3385),#3389);
#3385 = LINE('',#3386,#3387);
#3386 = CARTESIAN_POINT('',(0.,3.));
#3387 = VECTOR('',#3388,1.);
#3388 = DIRECTION('',(1.,0.));
#3389 = ( GEOMETRIC_REPRESENTATION_CONTEXT(2) 
PARAMETRIC_REPRESENTATION_CONTEXT() REPRESENTATION_CONTEXT('2D SPACE',''
  ) );
#3390 = FACE_BOUND('',#3391,.T.);
#3391 = EDGE_LOOP('',(#3392));
#3392 = ORIENTED_EDGE('',*,*,#3393,.F.);
#3393 = EDGE_CURVE('',#3394,#3394,#3396,.T.);
#3394 = VERTEX_POINT('',#3395);
#3395 = CARTESIAN_POINT('',(-214.75,27.6,203.));
#3396 = SURFACE_CURVE('',#3397,(#3402,#3409),.PCURVE_S1.);
#3397 = CIRCLE('',#3398,3.25);
#3398 = AXIS2_PLACEMENT_3D('',#3399,#3400,#3401);
#3399 = CARTESIAN_POINT('',(-218.,27.6,203.));
#3400 = DIRECTION('',(0.,0.,1.));
#3401 = DIRECTION('',(1.,0.,-0.));
#3402 = PCURVE('',#2851,#3403);
#3403 = DEFINITIONAL_REPRESENTATION('',(#3404),#3408);
#3404 = CIRCLE('',#3405,3.25);
#3405 = AXIS2_PLACEMENT_2D('',#3406,#3407);
#3406 = CARTESIAN_POINT('',(15.,180.6));
#3407 = DIRECTION('',(1.,0.));
#3408 = ( GEOMETRIC_REPRESENTATION_CONTEXT(2) 
PARAMETRIC_REPRESENTATION_CONTEXT() REPRESENTATION_CONTEXT('2D SPACE',''
  ) );
#3409 = PCURVE('',#3410,#3415);
#3410 = CYLINDRICAL_SURFACE('',#3411,3.25);
#3411 = AXIS2_PLACEMENT_3D('',#3412,#3413,#3414);
#3412 = CARTESIAN_POINT('',(-218.,27.6,200.));
#3413 = DIRECTION('',(0.,0.,1.));
#3414 = DIRECTION('',(1.,0.,-0.));
#3415 = DEFINITIONAL_REPRESENTATION('',(#3416),#3420);
#3416 = LINE('',#3417,#3418);
#3417 = CARTESIAN_POINT('',(0.,3.));
#3418 = VECTOR('',#3419,1.);
#3419 = DIRECTION('',(1.,0.));
#3420 = ( GEOMETRIC_REPRESENTATION_CONTEXT(2) 
PARAMETRIC_REPRESENTATION_CONTEXT() REPRESENTATION_CONTEXT('2D SPACE',''
  ) );
#3421 = FACE_BOUND('',#3422,.T.);
#3422 = EDGE_LOOP('',(#3423));
#3423 = ORIENTED_EDGE('',*,*,#3424,.F.);
#3424 = EDGE_CURVE('',#3425,#3425,#3427,.T.);
#3425 = VERTEX_POINT('',#3426);
#3426 = CARTESIAN_POINT('',(-214.75,82.8,203.));
#3427 = SURFACE_CURVE('',#3428,(#3433,#3440),.PCURVE_S1.);
#3428 = CIRCLE('',#3429,3.25);
#3429 = AXIS2_PLACEMENT_3D('',#3430,#3431,#3432);
#3430 = CARTESIAN_POINT('',(-218.,82.8,203.));
#3431 = DIRECTION('',(0.,0.,1.));
#3432 = DIRECTION('',(1.,0.,-0.));
#3433 = PCURVE('',#2851,#3434);
#3434 = DEFINITIONAL_REPRESENTATION('',(#3435),#3439);
#3435 = CIRCLE('',#3436,3.25);
#3436 = AXIS2_PLACEMENT_2D('',#3437,#3438);
#3437 = CARTESIAN_POINT('',(15.,235.8));
#3438 = DIRECTION('',(1.,0.));
#3439 = ( GEOMETRIC_REPRESENTATION_CONTEXT(2) 
PARAMETRIC_REPRESENTATION_CONTEXT() REPRESENTATION_CONTEXT('2D SPACE',''
  ) );
#3440 = PCURVE('',#3441,#3446);
#3441 = CYLINDRICAL_SURFACE('',#3442,3.25);
#3442 = AXIS2_PLACEMENT_3D('',#3443,#3444,#3445);
#3443 = CARTESIAN_POINT('',(-218.,82.8,200.));
#3444 = DIRECTION('',(0.,0.,1.));
#3445 = DIRECTION('',(1.,0.,-0.));
#3446 = DEFINITIONAL_REPRESENTATION('',(#3447),#3451);
#3447 = LINE('',#3448,#3449);
#3448 = CARTESIAN_POINT('',(0.,3.));
#3449 = VECTOR('',#3450,1.);
#3450 = DIRECTION('',(1.,0.));
#3451 = ( GEOMETRIC_REPRESENTATION_CONTEXT(2) 
PARAMETRIC_REPRESENTATION_CONTEXT() REPRESENTATION_CONTEXT('2D SPACE',''
  ) );
#3452 = FACE_BOUND('',#3453,.T.);
#3453 = EDGE_LOOP('',(#3454));
#3454 = ORIENTED_EDGE('',*,*,#3455,.F.);
#3455 = EDGE_CURVE('',#3456,#3456,#3458,.T.);
#3456 = VERTEX_POINT('',#3457);
#3457 = CARTESIAN_POINT('',(-214.75,138.,203.));
#3458 = SURFACE_CURVE('',#3459,(#3464,#3471),.PCURVE_S1.);
#3459 = CIRCLE('',#3460,3.25);
#3460 = AXIS2_PLACEMENT_3D('',#3461,#3462,#3463);
#3461 = CARTESIAN_POINT('',(-218.,138.,203.));
#3462 = DIRECTION('',(0.,0.,1.));
#3463 = DIRECTION('',(1.,0.,-0.));
#3464 = PCURVE('',#2851,#3465);
#3465 = DEFINITIONAL_REPRESENTATION('',(#3466),#3470);
#3466 = CIRCLE('',#3467,3.25);
#3467 = AXIS2_PLACEMENT_2D('',#3468,#3469);
#3468 = CARTESIAN_POINT('',(15.,291.));
#3469 = DIRECTION('',(1.,0.));
#3470 = ( GEOMETRIC_REPRESENTATION_CONTEXT(2) 
PARAMETRIC_REPRESENTATION_CONTEXT() REPRESENTATION_CONTEXT('2D SPACE',''
  ) );
#3471 = PCURVE('',#3472,#3477);
#3472 = CYLINDRICAL_SURFACE('',#3473,3.25);
#3473 = AXIS2_PLACEMENT_3D('',#3474,#3475,#3476);
#3474 = CARTESIAN_POINT('',(-218.,138.,200.));
#3475 = DIRECTION('',(0.,0.,1.));
#3476 = DIRECTION('',(1.,0.,-0.));
#3477 = DEFINITIONAL_REPRESENTATION('',(#3478),#3482);
#3478 = LINE('',#3479,#3480);
#3479 = CARTESIAN_POINT('',(0.,3.));
#3480 = VECTOR('',#3481,1.);
#3481 = DIRECTION('',(1.,0.));
#3482 = ( GEOMETRIC_REPRESENTATION_CONTEXT(2) 
PARAMETRIC_REPRESENTATION_CONTEXT() REPRESENTATION_CONTEXT('2D SPACE',''
  ) );
#3483 = FACE_BOUND('',#3484,.T.);
#3484 = EDGE_LOOP('',(#3485));
#3485 = ORIENTED_EDGE('',*,*,#3486,.F.);
#3486 = EDGE_CURVE('',#3487,#3487,#3489,.T.);
#3487 = VERTEX_POINT('',#3488);
#3488 = CARTESIAN_POINT('',(-160.25,138.,203.));
#3489 = SURFACE_CURVE('',#3490,(#3495,#3502),.PCURVE_S1.);
#3490 = CIRCLE('',#3491,3.25);
#3491 = AXIS2_PLACEMENT_3D('',#3492,#3493,#3494);
#3492 = CARTESIAN_POINT('',(-163.5,138.,203.));
#3493 = DIRECTION('',(0.,0.,1.));
#3494 = DIRECTION('',(1.,0.,-0.));
#3495 = PCURVE('',#2851,#3496);
#3496 = DEFINITIONAL_REPRESENTATION('',(#3497),#3501);
#3497 = CIRCLE('',#3498,3.25);
#3498 = AXIS2_PLACEMENT_2D('',#3499,#3500);
#3499 = CARTESIAN_POINT('',(69.5,291.));
#3500 = DIRECTION('',(1.,0.));
#3501 = ( GEOMETRIC_REPRESENTATION_CONTEXT(2) 
PARAMETRIC_REPRESENTATION_CONTEXT() REPRESENTATION_CONTEXT('2D SPACE',''
  ) );
#3502 = PCURVE('',#3503,#3508);
#3503 = CYLINDRICAL_SURFACE('',#3504,3.25);
#3504 = AXIS2_PLACEMENT_3D('',#3505,#3506,#3507);
#3505 = CARTESIAN_POINT('',(-163.5,138.,200.));
#3506 = DIRECTION('',(0.,0.,1.));
#3507 = DIRECTION('',(1.,0.,-0.));
#3508 = DEFINITIONAL_REPRESENTATION('',(#3509),#3513);
#3509 = LINE('',#3510,#3511);
#3510 = CARTESIAN_POINT('',(0.,3.));
#3511 = VECTOR('',#3512,1.);
#3512 = DIRECTION('',(1.,0.));
#3513 = ( GEOMETRIC_REPRESENTATION_CONTEXT(2) 
PARAMETRIC_REPRESENTATION_CONTEXT() REPRESENTATION_CONTEXT('2D SPACE',''
  ) );
#3514 = FACE_BOUND('',#3515,.T.);
#3515 = EDGE_LOOP('',(#3516));
#3516 = ORIENTED_EDGE('',*,*,#3517,.F.);
#3517 = EDGE_CURVE('',#3518,#3518,#3520,.T.);
#3518 = VERTEX_POINT('',#3519);
#3519 = CARTESIAN_POINT('',(-105.75,138.,203.));
#3520 = SURFACE_CURVE('',#3521,(#3526,#3533),.PCURVE_S1.);
#3521 = CIRCLE('',#3522,3.25);
#3522 = AXIS2_PLACEMENT_3D('',#3523,#3524,#3525);
#3523 = CARTESIAN_POINT('',(-109.,138.,203.));
#3524 = DIRECTION('',(0.,0.,1.));
#3525 = DIRECTION('',(1.,0.,-0.));
#3526 = PCURVE('',#2851,#3527);
#3527 = DEFINITIONAL_REPRESENTATION('',(#3528),#3532);
#3528 = CIRCLE('',#3529,3.25);
#3529 = AXIS2_PLACEMENT_2D('',#3530,#3531);
#3530 = CARTESIAN_POINT('',(124.,291.));
#3531 = DIRECTION('',(1.,0.));
#3532 = ( GEOMETRIC_REPRESENTATION_CONTEXT(2) 
PARAMETRIC_REPRESENTATION_CONTEXT() REPRESENTATION_CONTEXT('2D SPACE',''
  ) );
#3533 = PCURVE('',#3534,#3539);
#3534 = CYLINDRICAL_SURFACE('',#3535,3.25);
#3535 = AXIS2_PLACEMENT_3D('',#3536,#3537,#3538);
#3536 = CARTESIAN_POINT('',(-109.,138.,200.));
#3537 = DIRECTION('',(0.,0.,1.));
#3538 = DIRECTION('',(1.,0.,-0.));
#3539 = DEFINITIONAL_REPRESENTATION('',(#3540),#3544);
#3540 = LINE('',#3541,#3542);
#3541 = CARTESIAN_POINT('',(0.,3.));
#3542 = VECTOR('',#3543,1.);
#3543 = DIRECTION('',(1.,0.));
#3544 = ( GEOMETRIC_REPRESENTATION_CONTEXT(2) 
PARAMETRIC_REPRESENTATION_CONTEXT() REPRESENTATION_CONTEXT('2D SPACE',''
  ) );
#3545 = FACE_BOUND('',#3546,.T.);
#3546 = EDGE_LOOP('',(#3547));
#3547 = ORIENTED_EDGE('',*,*,#3548,.F.);
#3548 = EDGE_CURVE('',#3549,#3549,#3551,.T.);
#3549 = VERTEX_POINT('',#3550);
#3550 = CARTESIAN_POINT('',(-51.25,138.,203.));
#3551 = SURFACE_CURVE('',#3552,(#3557,#3564),.PCURVE_S1.);
#3552 = CIRCLE('',#3553,3.25);
#3553 = AXIS2_PLACEMENT_3D('',#3554,#3555,#3556);
#3554 = CARTESIAN_POINT('',(-54.5,138.,203.));
#3555 = DIRECTION('',(0.,0.,1.));
#3556 = DIRECTION('',(1.,0.,-0.));
#3557 = PCURVE('',#2851,#3558);
#3558 = DEFINITIONAL_REPRESENTATION('',(#3559),#3563);
#3559 = CIRCLE('',#3560,3.25);
#3560 = AXIS2_PLACEMENT_2D('',#3561,#3562);
#3561 = CARTESIAN_POINT('',(178.5,291.));
#3562 = DIRECTION('',(1.,0.));
#3563 = ( GEOMETRIC_REPRESENTATION_CONTEXT(2) 
PARAMETRIC_REPRESENTATION_CONTEXT() REPRESENTATION_CONTEXT('2D SPACE',''
  ) );
#3564 = PCURVE('',#3565,#3570);
#3565 = CYLINDRICAL_SURFACE('',#3566,3.25);
#3566 = AXIS2_PLACEMENT_3D('',#3567,#3568,#3569);
#3567 = CARTESIAN_POINT('',(-54.5,138.,200.));
#3568 = DIRECTION('',(0.,0.,1.));
#3569 = DIRECTION('',(1.,0.,-0.));
#3570 = DEFINITIONAL_REPRESENTATION('',(#3571),#3575);
#3571 = LINE('',#3572,#3573);
#3572 = CARTESIAN_POINT('',(0.,3.));
#3573 = VECTOR('',#3574,1.);
#3574 = DIRECTION('',(1.,0.));
#3575 = ( GEOMETRIC_REPRESENTATION_CONTEXT(2) 
PARAMETRIC_REPRESENTATION_CONTEXT() REPRESENTATION_CONTEXT('2D SPACE',''
  ) );
#3576 = FACE_BOUND('',#3577,.T.);
#3577 = EDGE_LOOP('',(#3578));
#3578 = ORIENTED_EDGE('',*,*,#3579,.F.);
#3579 = EDGE_CURVE('',#3580,#3580,#3582,.T.);
#3580 = VERTEX_POINT('',#3581);
#3581 = CARTESIAN_POINT('',(221.25,27.6,203.));
#3582 = SURFACE_CURVE('',#3583,(#3588,#3595),.PCURVE_S1.);
#3583 = CIRCLE('',#3584,3.25);
#3584 = AXIS2_PLACEMENT_3D('',#3585,#3586,#3587);
#3585 = CARTESIAN_POINT('',(218.,27.6,203.));
#3586 = DIRECTION('',(0.,0.,1.));
#3587 = DIRECTION('',(1.,0.,-0.));
#3588 = PCURVE('',#2851,#3589);
#3589 = DEFINITIONAL_REPRESENTATION('',(#3590),#3594);
#3590 = CIRCLE('',#3591,3.25);
#3591 = AXIS2_PLACEMENT_2D('',#3592,#3593);
#3592 = CARTESIAN_POINT('',(451.,180.6));
#3593 = DIRECTION('',(1.,0.));
#3594 = ( GEOMETRIC_REPRESENTATION_CONTEXT(2) 
PARAMETRIC_REPRESENTATION_CONTEXT() REPRESENTATION_CONTEXT('2D SPACE',''
  ) );
#3595 = PCURVE('',#3596,#3601);
#3596 = CYLINDRICAL_SURFACE('',#3597,3.25);
#3597 = AXIS2_PLACEMENT_3D('',#3598,#3599,#3600);
#3598 = CARTESIAN_POINT('',(218.,27.6,200.));
#3599 = DIRECTION('',(0.,0.,1.));
#3600 = DIRECTION('',(1.,0.,-0.));
#3601 = DEFINITIONAL_REPRESENTATION('',(#3602),#3606);
#3602 = LINE('',#3603,#3604);
#3603 = CARTESIAN_POINT('',(0.,3.));
#3604 = VECTOR('',#3605,1.);
#3605 = DIRECTION('',(1.,0.));
#3606 = ( GEOMETRIC_REPRESENTATION_CONTEXT(2) 
PARAMETRIC_REPRESENTATION_CONTEXT() REPRESENTATION_CONTEXT('2D SPACE',''
  ) );
#3607 = FACE_BOUND('',#3608,.T.);
#3608 = EDGE_LOOP('',(#3609));
#3609 = ORIENTED_EDGE('',*,*,#3610,.F.);
#3610 = EDGE_CURVE('',#3611,#3611,#3613,.T.);
#3611 = VERTEX_POINT('',#3612);
#3612 = CARTESIAN_POINT('',(3.25,138.,203.));
#3613 = SURFACE_CURVE('',#3614,(#3619,#3626),.PCURVE_S1.);
#3614 = CIRCLE('',#3615,3.25);
#3615 = AXIS2_PLACEMENT_3D('',#3616,#3617,#3618);
#3616 = CARTESIAN_POINT('',(0.,138.,203.));
#3617 = DIRECTION('',(0.,0.,1.));
#3618 = DIRECTION('',(1.,0.,-0.));
#3619 = PCURVE('',#2851,#3620);
#3620 = DEFINITIONAL_REPRESENTATION('',(#3621),#3625);
#3621 = CIRCLE('',#3622,3.25);
#3622 = AXIS2_PLACEMENT_2D('',#3623,#3624);
#3623 = CARTESIAN_POINT('',(233.,291.));
#3624 = DIRECTION('',(1.,0.));
#3625 = ( GEOMETRIC_REPRESENTATION_CONTEXT(2) 
PARAMETRIC_REPRESENTATION_CONTEXT() REPRESENTATION_CONTEXT('2D SPACE',''
  ) );
#3626 = PCURVE('',#3627,#3632);
#3627 = CYLINDRICAL_SURFACE('',#3628,3.25);
#3628 = AXIS2_PLACEMENT_3D('',#3629,#3630,#3631);
#3629 = CARTESIAN_POINT('',(0.,138.,200.));
#3630 = DIRECTION('',(0.,0.,1.));
#3631 = DIRECTION('',(1.,0.,-0.));
#3632 = DEFINITIONAL_REPRESENTATION('',(#3633),#3637);
#3633 = LINE('',#3634,#3635);
#3634 = CARTESIAN_POINT('',(0.,3.));
#3635 = VECTOR('',#3636,1.);
#3636 = DIRECTION('',(1.,0.));
#3637 = ( GEOMETRIC_REPRESENTATION_CONTEXT(2) 
PARAMETRIC_REPRESENTATION_CONTEXT() REPRESENTATION_CONTEXT('2D SPACE',''
  ) );
#3638 = FACE_BOUND('',#3639,.T.);
#3639 = EDGE_LOOP('',(#3640));
#3640 = ORIENTED_EDGE('',*,*,#3641,.F.);
#3641 = EDGE_CURVE('',#3642,#3642,#3644,.T.);
#3642 = VERTEX_POINT('',#3643);
#3643 = CARTESIAN_POINT('',(57.75,138.,203.));
#3644 = SURFACE_CURVE('',#3645,(#3650,#3657),.PCURVE_S1.);
#3645 = CIRCLE('',#3646,3.25);
#3646 = AXIS2_PLACEMENT_3D('',#3647,#3648,#3649);
#3647 = CARTESIAN_POINT('',(54.5,138.,203.));
#3648 = DIRECTION('',(0.,0.,1.));
#3649 = DIRECTION('',(1.,0.,-0.));
#3650 = PCURVE('',#2851,#3651);
#3651 = DEFINITIONAL_REPRESENTATION('',(#3652),#3656);
#3652 = CIRCLE('',#3653,3.25);
#3653 = AXIS2_PLACEMENT_2D('',#3654,#3655);
#3654 = CARTESIAN_POINT('',(287.5,291.));
#3655 = DIRECTION('',(1.,0.));
#3656 = ( GEOMETRIC_REPRESENTATION_CONTEXT(2) 
PARAMETRIC_REPRESENTATION_CONTEXT() REPRESENTATION_CONTEXT('2D SPACE',''
  ) );
#3657 = PCURVE('',#3658,#3663);
#3658 = CYLINDRICAL_SURFACE('',#3659,3.25);
#3659 = AXIS2_PLACEMENT_3D('',#3660,#3661,#3662);
#3660 = CARTESIAN_POINT('',(54.5,138.,200.));
#3661 = DIRECTION('',(0.,0.,1.));
#3662 = DIRECTION('',(1.,0.,-0.));
#3663 = DEFINITIONAL_REPRESENTATION('',(#3664),#3668);
#3664 = LINE('',#3665,#3666);
#3665 = CARTESIAN_POINT('',(0.,3.));
#3666 = VECTOR('',#3667,1.);
#3667 = DIRECTION('',(1.,0.));
#3668 = ( GEOMETRIC_REPRESENTATION_CONTEXT(2) 
PARAMETRIC_REPRESENTATION_CONTEXT() REPRESENTATION_CONTEXT('2D SPACE',''
  ) );
#3669 = FACE_BOUND('',#3670,.T.);
#3670 = EDGE_LOOP('',(#3671));
#3671 = ORIENTED_EDGE('',*,*,#3672,.F.);
#3672 = EDGE_CURVE('',#3673,#3673,#3675,.T.);
#3673 = VERTEX_POINT('',#3674);
#3674 = CARTESIAN_POINT('',(112.25,138.,203.));
#3675 = SURFACE_CURVE('',#3676,(#3681,#3688),.PCURVE_S1.);
#3676 = CIRCLE('',#3677,3.25);
#3677 = AXIS2_PLACEMENT_3D('',#3678,#3679,#3680);
#3678 = CARTESIAN_POINT('',(109.,138.,203.));
#3679 = DIRECTION('',(0.,0.,1.));
#3680 = DIRECTION('',(1.,0.,-0.));
#3681 = PCURVE('',#2851,#3682);
#3682 = DEFINITIONAL_REPRESENTATION('',(#3683),#3687);
#3683 = CIRCLE('',#3684,3.25);
#3684 = AXIS2_PLACEMENT_2D('',#3685,#3686);
#3685 = CARTESIAN_POINT('',(342.,291.));
#3686 = DIRECTION('',(1.,0.));
#3687 = ( GEOMETRIC_REPRESENTATION_CONTEXT(2) 
PARAMETRIC_REPRESENTATION_CONTEXT() REPRESENTATION_CONTEXT('2D SPACE',''
  ) );
#3688 = PCURVE('',#3689,#3694);
#3689 = CYLINDRICAL_SURFACE('',#3690,3.25);
#3690 = AXIS2_PLACEMENT_3D('',#3691,#3692,#3693);
#3691 = CARTESIAN_POINT('',(109.,138.,200.));
#3692 = DIRECTION('',(0.,0.,1.));
#3693 = DIRECTION('',(1.,0.,-0.));
#3694 = DEFINITIONAL_REPRESENTATION('',(#3695),#3699);
#3695 = LINE('',#3696,#3697);
#3696 = CARTESIAN_POINT('',(0.,3.));
#3697 = VECTOR('',#3698,1.);
#3698 = DIRECTION('',(1.,0.));
#3699 = ( GEOMETRIC_REPRESENTATION_CONTEXT(2) 
PARAMETRIC_REPRESENTATION_CONTEXT() REPRESENTATION_CONTEXT('2D SPACE',''
  ) );
#3700 = FACE_BOUND('',#3701,.T.);
#3701 = EDGE_LOOP('',(#3702));
#3702 = ORIENTED_EDGE('',*,*,#3703,.F.);
#3703 = EDGE_CURVE('',#3704,#3704,#3706,.T.);
#3704 = VERTEX_POINT('',#3705);
#3705 = CARTESIAN_POINT('',(221.25,82.8,203.));
#3706 = SURFACE_CURVE('',#3707,(#3712,#3719),.PCURVE_S1.);
#3707 = CIRCLE('',#3708,3.25);
#3708 = AXIS2_PLACEMENT_3D('',#3709,#3710,#3711);
#3709 = CARTESIAN_POINT('',(218.,82.8,203.));
#3710 = DIRECTION('',(0.,0.,1.));
#3711 = DIRECTION('',(1.,0.,-0.));
#3712 = PCURVE('',#2851,#3713);
#3713 = DEFINITIONAL_REPRESENTATION('',(#3714),#3718);
#3714 = CIRCLE('',#3715,3.25);
#3715 = AXIS2_PLACEMENT_2D('',#3716,#3717);
#3716 = CARTESIAN_POINT('',(451.,235.8));
#3717 = DIRECTION('',(1.,0.));
#3718 = ( GEOMETRIC_REPRESENTATION_CONTEXT(2) 
PARAMETRIC_REPRESENTATION_CONTEXT() REPRESENTATION_CONTEXT('2D SPACE',''
  ) );
#3719 = PCURVE('',#3720,#3725);
#3720 = CYLINDRICAL_SURFACE('',#3721,3.25);
#3721 = AXIS2_PLACEMENT_3D('',#3722,#3723,#3724);
#3722 = CARTESIAN_POINT('',(218.,82.8,200.));
#3723 = DIRECTION('',(0.,0.,1.));
#3724 = DIRECTION('',(1.,0.,-0.));
#3725 = DEFINITIONAL_REPRESENTATION('',(#3726),#3730);
#3726 = LINE('',#3727,#3728);
#3727 = CARTESIAN_POINT('',(0.,3.));
#3728 = VECTOR('',#3729,1.);
#3729 = DIRECTION('',(1.,0.));
#3730 = ( GEOMETRIC_REPRESENTATION_CONTEXT(2) 
PARAMETRIC_REPRESENTATION_CONTEXT() REPRESENTATION_CONTEXT('2D SPACE',''
  ) );
#3731 = FACE_BOUND('',#3732,.T.);
#3732 = EDGE_LOOP('',(#3733));
#3733 = ORIENTED_EDGE('',*,*,#3734,.F.);
#3734 = EDGE_CURVE('',#3735,#3735,#3737,.T.);
#3735 = VERTEX_POINT('',#3736);
#3736 = CARTESIAN_POINT('',(166.75,138.,203.));
#3737 = SURFACE_CURVE('',#3738,(#3743,#3750),.PCURVE_S1.);
#3738 = CIRCLE('',#3739,3.25);
#3739 = AXIS2_PLACEMENT_3D('',#3740,#3741,#3742);
#3740 = CARTESIAN_POINT('',(163.5,138.,203.));
#3741 = DIRECTION('',(0.,0.,1.));
#3742 = DIRECTION('',(1.,0.,-0.));
#3743 = PCURVE('',#2851,#3744);
#3744 = DEFINITIONAL_REPRESENTATION('',(#3745),#3749);
#3745 = CIRCLE('',#3746,3.25);
#3746 = AXIS2_PLACEMENT_2D('',#3747,#3748);
#3747 = CARTESIAN_POINT('',(396.5,291.));
#3748 = DIRECTION('',(1.,0.));
#3749 = ( GEOMETRIC_REPRESENTATION_CONTEXT(2) 
PARAMETRIC_REPRESENTATION_CONTEXT() REPRESENTATION_CONTEXT('2D SPACE',''
  ) );
#3750 = PCURVE('',#3751,#3756);
#3751 = CYLINDRICAL_SURFACE('',#3752,3.25);
#3752 = AXIS2_PLACEMENT_3D('',#3753,#3754,#3755);
#3753 = CARTESIAN_POINT('',(163.5,138.,200.));
#3754 = DIRECTION('',(0.,0.,1.));
#3755 = DIRECTION('',(1.,0.,-0.));
#3756 = DEFINITIONAL_REPRESENTATION('',(#3757),#3761);
#3757 = LINE('',#3758,#3759);
#3758 = CARTESIAN_POINT('',(0.,3.));
#3759 = VECTOR('',#3760,1.);
#3760 = DIRECTION('',(1.,0.));
#3761 = ( GEOMETRIC_REPRESENTATION_CONTEXT(2) 
PARAMETRIC_REPRESENTATION_CONTEXT() REPRESENTATION_CONTEXT('2D SPACE',''
  ) );
#3762 = FACE_BOUND('',#3763,.T.);
#3763 = EDGE_LOOP('',(#3764));
#3764 = ORIENTED_EDGE('',*,*,#3765,.F.);
#3765 = EDGE_CURVE('',#3766,#3766,#3768,.T.);
#3766 = VERTEX_POINT('',#3767);
#3767 = CARTESIAN_POINT('',(221.25,138.,203.));
#3768 = SURFACE_CURVE('',#3769,(#3774,#3781),.PCURVE_S1.);
#3769 = CIRCLE('',#3770,3.25);
#3770 = AXIS2_PLACEMENT_3D('',#3771,#3772,#3773);
#3771 = CARTESIAN_POINT('',(218.,138.,203.));
#3772 = DIRECTION('',(0.,0.,1.));
#3773 = DIRECTION('',(1.,0.,-0.));
#3774 = PCURVE('',#2851,#3775);
#3775 = DEFINITIONAL_REPRESENTATION('',(#3776),#3780);
#3776 = CIRCLE('',#3777,3.25);
#3777 = AXIS2_PLACEMENT_2D('',#3778,#3779);
#3778 = CARTESIAN_POINT('',(451.,291.));
#3779 = DIRECTION('',(1.,0.));
#3780 = ( GEOMETRIC_REPRESENTATION_CONTEXT(2) 
PARAMETRIC_REPRESENTATION_CONTEXT() REPRESENTATION_CONTEXT('2D SPACE',''
  ) );
#3781 = PCURVE('',#3782,#3787);
#3782 = CYLINDRICAL_SURFACE('',#3783,3.25);
#3783 = AXIS2_PLACEMENT_3D('',#3784,#3785,#3786);
#3784 = CARTESIAN_POINT('',(218.,138.,200.));
#3785 = DIRECTION('',(0.,0.,1.));
#3786 = DIRECTION('',(1.,0.,-0.));
#3787 = DEFINITIONAL_REPRESENTATION('',(#3788),#3792);
#3788 = LINE('',#3789,#3790);
#3789 = CARTESIAN_POINT('',(0.,3.));
#3790 = VECTOR('',#3791,1.);
#3791 = DIRECTION('',(1.,0.));
#3792 = ( GEOMETRIC_REPRESENTATION_CONTEXT(2) 
PARAMETRIC_REPRESENTATION_CONTEXT() REPRESENTATION_CONTEXT('2D SPACE',''
  ) );
#3793 = ADVANCED_FACE('',(#3794),#2825,.T.);
#3794 = FACE_BOUND('',#3795,.T.);
#3795 = EDGE_LOOP('',(#3796,#3819,#3820,#3821));
#3796 = ORIENTED_EDGE('',*,*,#3797,.F.);
#3797 = EDGE_CURVE('',#2782,#3798,#3800,.T.);
#3798 = VERTEX_POINT('',#3799);
#3799 = CARTESIAN_POINT('',(233.,153.,200.));
#3800 = SURFACE_CURVE('',#3801,(#3805,#3812),.PCURVE_S1.);
#3801 = LINE('',#3802,#3803);
#3802 = CARTESIAN_POINT('',(-233.,153.,200.));
#3803 = VECTOR('',#3804,1.);
#3804 = DIRECTION('',(1.,0.,-0.));
#3805 = PCURVE('',#2825,#3806);
#3806 = DEFINITIONAL_REPRESENTATION('',(#3807),#3811);
#3807 = LINE('',#3808,#3809);
#3808 = CARTESIAN_POINT('',(0.,0.));
#3809 = VECTOR('',#3810,1.);
#3810 = DIRECTION('',(0.,1.));
#3811 = ( GEOMETRIC_REPRESENTATION_CONTEXT(2) 
PARAMETRIC_REPRESENTATION_CONTEXT() REPRESENTATION_CONTEXT('2D SPACE',''
  ) );
#3812 = PCURVE('',#2797,#3813);
#3813 = DEFINITIONAL_REPRESENTATION('',(#3814),#3818);
#3814 = LINE('',#3815,#3816);
#3815 = CARTESIAN_POINT('',(0.,306.));
#3816 = VECTOR('',#3817,1.);
#3817 = DIRECTION('',(1.,0.));
#3818 = ( GEOMETRIC_REPRESENTATION_CONTEXT(2) 
PARAMETRIC_REPRESENTATION_CONTEXT() REPRESENTATION_CONTEXT('2D SPACE',''
  ) );
#3819 = ORIENTED_EDGE('',*,*,#2809,.T.);
#3820 = ORIENTED_EDGE('',*,*,#2967,.T.);
#3821 = ORIENTED_EDGE('',*,*,#3822,.F.);
#3822 = EDGE_CURVE('',#3798,#2945,#3823,.T.);
#3823 = SURFACE_CURVE('',#3824,(#3828,#3835),.PCURVE_S1.);
#3824 = LINE('',#3825,#3826);
#3825 = CARTESIAN_POINT('',(233.,153.,200.));
#3826 = VECTOR('',#3827,1.);
#3827 = DIRECTION('',(0.,0.,1.));
#3828 = PCURVE('',#2825,#3829);
#3829 = DEFINITIONAL_REPRESENTATION('',(#3830),#3834);
#3830 = LINE('',#3831,#3832);
#3831 = CARTESIAN_POINT('',(0.,466.));
#3832 = VECTOR('',#3833,1.);
#3833 = DIRECTION('',(1.,0.));
#3834 = ( GEOMETRIC_REPRESENTATION_CONTEXT(2) 
PARAMETRIC_REPRESENTATION_CONTEXT() REPRESENTATION_CONTEXT('2D SPACE',''
  ) );
#3835 = PCURVE('',#2927,#3836);
#3836 = DEFINITIONAL_REPRESENTATION('',(#3837),#3841);
#3837 = LINE('',#3838,#3839);
#3838 = CARTESIAN_POINT('',(0.,-306.));
#3839 = VECTOR('',#3840,1.);
#3840 = DIRECTION('',(1.,0.));
#3841 = ( GEOMETRIC_REPRESENTATION_CONTEXT(2) 
PARAMETRIC_REPRESENTATION_CONTEXT() REPRESENTATION_CONTEXT('2D SPACE',''
  ) );
#3842 = ADVANCED_FACE('',(#3843,#3869,#3895,#3921,#3947,#3973,#3999,
    #4025,#4051,#4077,#4103,#4129,#4155,#4181,#4207,#4233,#4259,#4285,
    #4311,#4337,#4363,#4389,#4415,#4441,#4467,#4493,#4519),#2797,.F.);
#3843 = FACE_BOUND('',#3844,.F.);
#3844 = EDGE_LOOP('',(#3845,#3846,#3847,#3868));
#3845 = ORIENTED_EDGE('',*,*,#2781,.F.);
#3846 = ORIENTED_EDGE('',*,*,#2866,.T.);
#3847 = ORIENTED_EDGE('',*,*,#3848,.T.);
#3848 = EDGE_CURVE('',#2867,#3798,#3849,.T.);
#3849 = SURFACE_CURVE('',#3850,(#3854,#3861),.PCURVE_S1.);
#3850 = LINE('',#3851,#3852);
#3851 = CARTESIAN_POINT('',(233.,-153.,200.));
#3852 = VECTOR('',#3853,1.);
#3853 = DIRECTION('',(-0.,1.,0.));
#3854 = PCURVE('',#2797,#3855);
#3855 = DEFINITIONAL_REPRESENTATION('',(#3856),#3860);
#3856 = LINE('',#3857,#3858);
#3857 = CARTESIAN_POINT('',(466.,0.));
#3858 = VECTOR('',#3859,1.);
#3859 = DIRECTION('',(0.,1.));
#3860 = ( GEOMETRIC_REPRESENTATION_CONTEXT(2) 
PARAMETRIC_REPRESENTATION_CONTEXT() REPRESENTATION_CONTEXT('2D SPACE',''
  ) );
#3861 = PCURVE('',#2927,#3862);
#3862 = DEFINITIONAL_REPRESENTATION('',(#3863),#3867);
#3863 = LINE('',#3864,#3865);
#3864 = CARTESIAN_POINT('',(0.,0.));
#3865 = VECTOR('',#3866,1.);
#3866 = DIRECTION('',(0.,-1.));
#3867 = ( GEOMETRIC_REPRESENTATION_CONTEXT(2) 
PARAMETRIC_REPRESENTATION_CONTEXT() REPRESENTATION_CONTEXT('2D SPACE',''
  ) );
#3868 = ORIENTED_EDGE('',*,*,#3797,.F.);
#3869 = FACE_BOUND('',#3870,.F.);
#3870 = EDGE_LOOP('',(#3871));
#3871 = ORIENTED_EDGE('',*,*,#3872,.F.);
#3872 = EDGE_CURVE('',#3873,#3873,#3875,.T.);
#3873 = VERTEX_POINT('',#3874);
#3874 = CARTESIAN_POINT('',(-214.75,-138.,200.));
#3875 = SURFACE_CURVE('',#3876,(#3881,#3888),.PCURVE_S1.);
#3876 = CIRCLE('',#3877,3.25);
#3877 = AXIS2_PLACEMENT_3D('',#3878,#3879,#3880);
#3878 = CARTESIAN_POINT('',(-218.,-138.,200.));
#3879 = DIRECTION('',(0.,0.,1.));
#3880 = DIRECTION('',(1.,0.,-0.));
#3881 = PCURVE('',#2797,#3882);
#3882 = DEFINITIONAL_REPRESENTATION('',(#3883),#3887);
#3883 = CIRCLE('',#3884,3.25);
#3884 = AXIS2_PLACEMENT_2D('',#3885,#3886);
#3885 = CARTESIAN_POINT('',(15.,15.));
#3886 = DIRECTION('',(1.,0.));
#3887 = ( GEOMETRIC_REPRESENTATION_CONTEXT(2) 
PARAMETRIC_REPRESENTATION_CONTEXT() REPRESENTATION_CONTEXT('2D SPACE',''
  ) );
#3888 = PCURVE('',#3007,#3889);
#3889 = DEFINITIONAL_REPRESENTATION('',(#3890),#3894);
#3890 = LINE('',#3891,#3892);
#3891 = CARTESIAN_POINT('',(0.,0.));
#3892 = VECTOR('',#3893,1.);
#3893 = DIRECTION('',(1.,0.));
#3894 = ( GEOMETRIC_REPRESENTATION_CONTEXT(2) 
PARAMETRIC_REPRESENTATION_CONTEXT() REPRESENTATION_CONTEXT('2D SPACE',''
  ) );
#3895 = FACE_BOUND('',#3896,.F.);
#3896 = EDGE_LOOP('',(#3897));
#3897 = ORIENTED_EDGE('',*,*,#3898,.F.);
#3898 = EDGE_CURVE('',#3899,#3899,#3901,.T.);
#3899 = VERTEX_POINT('',#3900);
#3900 = CARTESIAN_POINT('',(-160.25,-138.,200.));
#3901 = SURFACE_CURVE('',#3902,(#3907,#3914),.PCURVE_S1.);
#3902 = CIRCLE('',#3903,3.25);
#3903 = AXIS2_PLACEMENT_3D('',#3904,#3905,#3906);
#3904 = CARTESIAN_POINT('',(-163.5,-138.,200.));
#3905 = DIRECTION('',(0.,0.,1.));
#3906 = DIRECTION('',(1.,0.,-0.));
#3907 = PCURVE('',#2797,#3908);
#3908 = DEFINITIONAL_REPRESENTATION('',(#3909),#3913);
#3909 = CIRCLE('',#3910,3.25);
#3910 = AXIS2_PLACEMENT_2D('',#3911,#3912);
#3911 = CARTESIAN_POINT('',(69.5,15.));
#3912 = DIRECTION('',(1.,0.));
#3913 = ( GEOMETRIC_REPRESENTATION_CONTEXT(2) 
PARAMETRIC_REPRESENTATION_CONTEXT() REPRESENTATION_CONTEXT('2D SPACE',''
  ) );
#3914 = PCURVE('',#3038,#3915);
#3915 = DEFINITIONAL_REPRESENTATION('',(#3916),#3920);
#3916 = LINE('',#3917,#3918);
#3917 = CARTESIAN_POINT('',(0.,0.));
#3918 = VECTOR('',#3919,1.);
#3919 = DIRECTION('',(1.,0.));
#3920 = ( GEOMETRIC_REPRESENTATION_CONTEXT(2) 
PARAMETRIC_REPRESENTATION_CONTEXT() REPRESENTATION_CONTEXT('2D SPACE',''
  ) );
#3921 = FACE_BOUND('',#3922,.F.);
#3922 = EDGE_LOOP('',(#3923));
#3923 = ORIENTED_EDGE('',*,*,#3924,.F.);
#3924 = EDGE_CURVE('',#3925,#3925,#3927,.T.);
#3925 = VERTEX_POINT('',#3926);
#3926 = CARTESIAN_POINT('',(-214.75,-82.8,200.));
#3927 = SURFACE_CURVE('',#3928,(#3933,#3940),.PCURVE_S1.);
#3928 = CIRCLE('',#3929,3.25);
#3929 = AXIS2_PLACEMENT_3D('',#3930,#3931,#3932);
#3930 = CARTESIAN_POINT('',(-218.,-82.8,200.));
#3931 = DIRECTION('',(0.,0.,1.));
#3932 = DIRECTION('',(1.,0.,-0.));
#3933 = PCURVE('',#2797,#3934);
#3934 = DEFINITIONAL_REPRESENTATION('',(#3935),#3939);
#3935 = CIRCLE('',#3936,3.25);
#3936 = AXIS2_PLACEMENT_2D('',#3937,#3938);
#3937 = CARTESIAN_POINT('',(15.,70.2));
#3938 = DIRECTION('',(1.,0.));
#3939 = ( GEOMETRIC_REPRESENTATION_CONTEXT(2) 
PARAMETRIC_REPRESENTATION_CONTEXT() REPRESENTATION_CONTEXT('2D SPACE',''
  ) );
#3940 = PCURVE('',#3069,#3941);
#3941 = DEFINITIONAL_REPRESENTATION('',(#3942),#3946);
#3942 = LINE('',#3943,#3944);
#3943 = CARTESIAN_POINT('',(0.,0.));
#3944 = VECTOR('',#3945,1.);
#3945 = DIRECTION('',(1.,0.));
#3946 = ( GEOMETRIC_REPRESENTATION_CONTEXT(2) 
PARAMETRIC_REPRESENTATION_CONTEXT() REPRESENTATION_CONTEXT('2D SPACE',''
  ) );
#3947 = FACE_BOUND('',#3948,.F.);
#3948 = EDGE_LOOP('',(#3949));
#3949 = ORIENTED_EDGE('',*,*,#3950,.F.);
#3950 = EDGE_CURVE('',#3951,#3951,#3953,.T.);
#3951 = VERTEX_POINT('',#3952);
#3952 = CARTESIAN_POINT('',(-105.75,-138.,200.));
#3953 = SURFACE_CURVE('',#3954,(#3959,#3966),.PCURVE_S1.);
#3954 = CIRCLE('',#3955,3.25);
#3955 = AXIS2_PLACEMENT_3D('',#3956,#3957,#3958);
#3956 = CARTESIAN_POINT('',(-109.,-138.,200.));
#3957 = DIRECTION('',(0.,0.,1.));
#3958 = DIRECTION('',(1.,0.,-0.));
#3959 = PCURVE('',#2797,#3960);
#3960 = DEFINITIONAL_REPRESENTATION('',(#3961),#3965);
#3961 = CIRCLE('',#3962,3.25);
#3962 = AXIS2_PLACEMENT_2D('',#3963,#3964);
#3963 = CARTESIAN_POINT('',(124.,15.));
#3964 = DIRECTION('',(1.,0.));
#3965 = ( GEOMETRIC_REPRESENTATION_CONTEXT(2) 
PARAMETRIC_REPRESENTATION_CONTEXT() REPRESENTATION_CONTEXT('2D SPACE',''
  ) );
#3966 = PCURVE('',#3100,#3967);
#3967 = DEFINITIONAL_REPRESENTATION('',(#3968),#3972);
#3968 = LINE('',#3969,#3970);
#3969 = CARTESIAN_POINT('',(0.,0.));
#3970 = VECTOR('',#3971,1.);
#3971 = DIRECTION('',(1.,0.));
#3972 = ( GEOMETRIC_REPRESENTATION_CONTEXT(2) 
PARAMETRIC_REPRESENTATION_CONTEXT() REPRESENTATION_CONTEXT('2D SPACE',''
  ) );
#3973 = FACE_BOUND('',#3974,.F.);
#3974 = EDGE_LOOP('',(#3975));
#3975 = ORIENTED_EDGE('',*,*,#3976,.F.);
#3976 = EDGE_CURVE('',#3977,#3977,#3979,.T.);
#3977 = VERTEX_POINT('',#3978);
#3978 = CARTESIAN_POINT('',(-51.25,-138.,200.));
#3979 = SURFACE_CURVE('',#3980,(#3985,#3992),.PCURVE_S1.);
#3980 = CIRCLE('',#3981,3.25);
#3981 = AXIS2_PLACEMENT_3D('',#3982,#3983,#3984);
#3982 = CARTESIAN_POINT('',(-54.5,-138.,200.));
#3983 = DIRECTION('',(0.,0.,1.));
#3984 = DIRECTION('',(1.,0.,-0.));
#3985 = PCURVE('',#2797,#3986);
#3986 = DEFINITIONAL_REPRESENTATION('',(#3987),#3991);
#3987 = CIRCLE('',#3988,3.25);
#3988 = AXIS2_PLACEMENT_2D('',#3989,#3990);
#3989 = CARTESIAN_POINT('',(178.5,15.));
#3990 = DIRECTION('',(1.,0.));
#3991 = ( GEOMETRIC_REPRESENTATION_CONTEXT(2) 
PARAMETRIC_REPRESENTATION_CONTEXT() REPRESENTATION_CONTEXT('2D SPACE',''
  ) );
#3992 = PCURVE('',#3131,#3993);
#3993 = DEFINITIONAL_REPRESENTATION('',(#3994),#3998);
#3994 = LINE('',#3995,#3996);
#3995 = CARTESIAN_POINT('',(0.,0.));
#3996 = VECTOR('',#3997,1.);
#3997 = DIRECTION('',(1.,0.));
#3998 = ( GEOMETRIC_REPRESENTATION_CONTEXT(2) 
PARAMETRIC_REPRESENTATION_CONTEXT() REPRESENTATION_CONTEXT('2D SPACE',''
  ) );
#3999 = FACE_BOUND('',#4000,.F.);
#4000 = EDGE_LOOP('',(#4001));
#4001 = ORIENTED_EDGE('',*,*,#4002,.F.);
#4002 = EDGE_CURVE('',#4003,#4003,#4005,.T.);
#4003 = VERTEX_POINT('',#4004);
#4004 = CARTESIAN_POINT('',(-214.75,-27.6,200.));
#4005 = SURFACE_CURVE('',#4006,(#4011,#4018),.PCURVE_S1.);
#4006 = CIRCLE('',#4007,3.25);
#4007 = AXIS2_PLACEMENT_3D('',#4008,#4009,#4010);
#4008 = CARTESIAN_POINT('',(-218.,-27.6,200.));
#4009 = DIRECTION('',(0.,0.,1.));
#4010 = DIRECTION('',(1.,0.,-0.));
#4011 = PCURVE('',#2797,#4012);
#4012 = DEFINITIONAL_REPRESENTATION('',(#4013),#4017);
#4013 = CIRCLE('',#4014,3.25);
#4014 = AXIS2_PLACEMENT_2D('',#4015,#4016);
#4015 = CARTESIAN_POINT('',(15.,125.4));
#4016 = DIRECTION('',(1.,0.));
#4017 = ( GEOMETRIC_REPRESENTATION_CONTEXT(2) 
PARAMETRIC_REPRESENTATION_CONTEXT() REPRESENTATION_CONTEXT('2D SPACE',''
  ) );
#4018 = PCURVE('',#3162,#4019);
#4019 = DEFINITIONAL_REPRESENTATION('',(#4020),#4024);
#4020 = LINE('',#4021,#4022);
#4021 = CARTESIAN_POINT('',(0.,0.));
#4022 = VECTOR('',#4023,1.);
#4023 = DIRECTION('',(1.,0.));
#4024 = ( GEOMETRIC_REPRESENTATION_CONTEXT(2) 
PARAMETRIC_REPRESENTATION_CONTEXT() REPRESENTATION_CONTEXT('2D SPACE',''
  ) );
#4025 = FACE_BOUND('',#4026,.F.);
#4026 = EDGE_LOOP('',(#4027));
#4027 = ORIENTED_EDGE('',*,*,#4028,.F.);
#4028 = EDGE_CURVE('',#4029,#4029,#4031,.T.);
#4029 = VERTEX_POINT('',#4030);
#4030 = CARTESIAN_POINT('',(3.25,-138.,200.));
#4031 = SURFACE_CURVE('',#4032,(#4037,#4044),.PCURVE_S1.);
#4032 = CIRCLE('',#4033,3.25);
#4033 = AXIS2_PLACEMENT_3D('',#4034,#4035,#4036);
#4034 = CARTESIAN_POINT('',(0.,-138.,200.));
#4035 = DIRECTION('',(0.,0.,1.));
#4036 = DIRECTION('',(1.,0.,-0.));
#4037 = PCURVE('',#2797,#4038);
#4038 = DEFINITIONAL_REPRESENTATION('',(#4039),#4043);
#4039 = CIRCLE('',#4040,3.25);
#4040 = AXIS2_PLACEMENT_2D('',#4041,#4042);
#4041 = CARTESIAN_POINT('',(233.,15.));
#4042 = DIRECTION('',(1.,0.));
#4043 = ( GEOMETRIC_REPRESENTATION_CONTEXT(2) 
PARAMETRIC_REPRESENTATION_CONTEXT() REPRESENTATION_CONTEXT('2D SPACE',''
  ) );
#4044 = PCURVE('',#3193,#4045);
#4045 = DEFINITIONAL_REPRESENTATION('',(#4046),#4050);
#4046 = LINE('',#4047,#4048);
#4047 = CARTESIAN_POINT('',(0.,0.));
#4048 = VECTOR('',#4049,1.);
#4049 = DIRECTION('',(1.,0.));
#4050 = ( GEOMETRIC_REPRESENTATION_CONTEXT(2) 
PARAMETRIC_REPRESENTATION_CONTEXT() REPRESENTATION_CONTEXT('2D SPACE',''
  ) );
#4051 = FACE_BOUND('',#4052,.F.);
#4052 = EDGE_LOOP('',(#4053));
#4053 = ORIENTED_EDGE('',*,*,#4054,.F.);
#4054 = EDGE_CURVE('',#4055,#4055,#4057,.T.);
#4055 = VERTEX_POINT('',#4056);
#4056 = CARTESIAN_POINT('',(57.75,-138.,200.));
#4057 = SURFACE_CURVE('',#4058,(#4063,#4070),.PCURVE_S1.);
#4058 = CIRCLE('',#4059,3.25);
#4059 = AXIS2_PLACEMENT_3D('',#4060,#4061,#4062);
#4060 = CARTESIAN_POINT('',(54.5,-138.,200.));
#4061 = DIRECTION('',(0.,0.,1.));
#4062 = DIRECTION('',(1.,0.,-0.));
#4063 = PCURVE('',#2797,#4064);
#4064 = DEFINITIONAL_REPRESENTATION('',(#4065),#4069);
#4065 = CIRCLE('',#4066,3.25);
#4066 = AXIS2_PLACEMENT_2D('',#4067,#4068);
#4067 = CARTESIAN_POINT('',(287.5,15.));
#4068 = DIRECTION('',(1.,0.));
#4069 = ( GEOMETRIC_REPRESENTATION_CONTEXT(2) 
PARAMETRIC_REPRESENTATION_CONTEXT() REPRESENTATION_CONTEXT('2D SPACE',''
  ) );
#4070 = PCURVE('',#3224,#4071);
#4071 = DEFINITIONAL_REPRESENTATION('',(#4072),#4076);
#4072 = LINE('',#4073,#4074);
#4073 = CARTESIAN_POINT('',(0.,0.));
#4074 = VECTOR('',#4075,1.);
#4075 = DIRECTION('',(1.,0.));
#4076 = ( GEOMETRIC_REPRESENTATION_CONTEXT(2) 
PARAMETRIC_REPRESENTATION_CONTEXT() REPRESENTATION_CONTEXT('2D SPACE',''
  ) );
#4077 = FACE_BOUND('',#4078,.F.);
#4078 = EDGE_LOOP('',(#4079));
#4079 = ORIENTED_EDGE('',*,*,#4080,.F.);
#4080 = EDGE_CURVE('',#4081,#4081,#4083,.T.);
#4081 = VERTEX_POINT('',#4082);
#4082 = CARTESIAN_POINT('',(112.25,-138.,200.));
#4083 = SURFACE_CURVE('',#4084,(#4089,#4096),.PCURVE_S1.);
#4084 = CIRCLE('',#4085,3.25);
#4085 = AXIS2_PLACEMENT_3D('',#4086,#4087,#4088);
#4086 = CARTESIAN_POINT('',(109.,-138.,200.));
#4087 = DIRECTION('',(0.,0.,1.));
#4088 = DIRECTION('',(1.,0.,-0.));
#4089 = PCURVE('',#2797,#4090);
#4090 = DEFINITIONAL_REPRESENTATION('',(#4091),#4095);
#4091 = CIRCLE('',#4092,3.25);
#4092 = AXIS2_PLACEMENT_2D('',#4093,#4094);
#4093 = CARTESIAN_POINT('',(342.,15.));
#4094 = DIRECTION('',(1.,0.));
#4095 = ( GEOMETRIC_REPRESENTATION_CONTEXT(2) 
PARAMETRIC_REPRESENTATION_CONTEXT() REPRESENTATION_CONTEXT('2D SPACE',''
  ) );
#4096 = PCURVE('',#3255,#4097);
#4097 = DEFINITIONAL_REPRESENTATION('',(#4098),#4102);
#4098 = LINE('',#4099,#4100);
#4099 = CARTESIAN_POINT('',(0.,0.));
#4100 = VECTOR('',#4101,1.);
#4101 = DIRECTION('',(1.,0.));
#4102 = ( GEOMETRIC_REPRESENTATION_CONTEXT(2) 
PARAMETRIC_REPRESENTATION_CONTEXT() REPRESENTATION_CONTEXT('2D SPACE',''
  ) );
#4103 = FACE_BOUND('',#4104,.F.);
#4104 = EDGE_LOOP('',(#4105));
#4105 = ORIENTED_EDGE('',*,*,#4106,.F.);
#4106 = EDGE_CURVE('',#4107,#4107,#4109,.T.);
#4107 = VERTEX_POINT('',#4108);
#4108 = CARTESIAN_POINT('',(166.75,-138.,200.));
#4109 = SURFACE_CURVE('',#4110,(#4115,#4122),.PCURVE_S1.);
#4110 = CIRCLE('',#4111,3.25);
#4111 = AXIS2_PLACEMENT_3D('',#4112,#4113,#4114);
#4112 = CARTESIAN_POINT('',(163.5,-138.,200.));
#4113 = DIRECTION('',(0.,0.,1.));
#4114 = DIRECTION('',(1.,0.,-0.));
#4115 = PCURVE('',#2797,#4116);
#4116 = DEFINITIONAL_REPRESENTATION('',(#4117),#4121);
#4117 = CIRCLE('',#4118,3.25);
#4118 = AXIS2_PLACEMENT_2D('',#4119,#4120);
#4119 = CARTESIAN_POINT('',(396.5,15.));
#4120 = DIRECTION('',(1.,0.));
#4121 = ( GEOMETRIC_REPRESENTATION_CONTEXT(2) 
PARAMETRIC_REPRESENTATION_CONTEXT() REPRESENTATION_CONTEXT('2D SPACE',''
  ) );
#4122 = PCURVE('',#3286,#4123);
#4123 = DEFINITIONAL_REPRESENTATION('',(#4124),#4128);
#4124 = LINE('',#4125,#4126);
#4125 = CARTESIAN_POINT('',(0.,0.));
#4126 = VECTOR('',#4127,1.);
#4127 = DIRECTION('',(1.,0.));
#4128 = ( GEOMETRIC_REPRESENTATION_CONTEXT(2) 
PARAMETRIC_REPRESENTATION_CONTEXT() REPRESENTATION_CONTEXT('2D SPACE',''
  ) );
#4129 = FACE_BOUND('',#4130,.F.);
#4130 = EDGE_LOOP('',(#4131));
#4131 = ORIENTED_EDGE('',*,*,#4132,.F.);
#4132 = EDGE_CURVE('',#4133,#4133,#4135,.T.);
#4133 = VERTEX_POINT('',#4134);
#4134 = CARTESIAN_POINT('',(221.25,-138.,200.));
#4135 = SURFACE_CURVE('',#4136,(#4141,#4148),.PCURVE_S1.);
#4136 = CIRCLE('',#4137,3.25);
#4137 = AXIS2_PLACEMENT_3D('',#4138,#4139,#4140);
#4138 = CARTESIAN_POINT('',(218.,-138.,200.));
#4139 = DIRECTION('',(0.,0.,1.));
#4140 = DIRECTION('',(1.,0.,-0.));
#4141 = PCURVE('',#2797,#4142);
#4142 = DEFINITIONAL_REPRESENTATION('',(#4143),#4147);
#4143 = CIRCLE('',#4144,3.25);
#4144 = AXIS2_PLACEMENT_2D('',#4145,#4146);
#4145 = CARTESIAN_POINT('',(451.,15.));
#4146 = DIRECTION('',(1.,0.));
#4147 = ( GEOMETRIC_REPRESENTATION_CONTEXT(2) 
PARAMETRIC_REPRESENTATION_CONTEXT() REPRESENTATION_CONTEXT('2D SPACE',''
  ) );
#4148 = PCURVE('',#3317,#4149);
#4149 = DEFINITIONAL_REPRESENTATION('',(#4150),#4154);
#4150 = LINE('',#4151,#4152);
#4151 = CARTESIAN_POINT('',(0.,0.));
#4152 = VECTOR('',#4153,1.);
#4153 = DIRECTION('',(1.,0.));
#4154 = ( GEOMETRIC_REPRESENTATION_CONTEXT(2) 
PARAMETRIC_REPRESENTATION_CONTEXT() REPRESENTATION_CONTEXT('2D SPACE',''
  ) );
#4155 = FACE_BOUND('',#4156,.F.);
#4156 = EDGE_LOOP('',(#4157));
#4157 = ORIENTED_EDGE('',*,*,#4158,.F.);
#4158 = EDGE_CURVE('',#4159,#4159,#4161,.T.);
#4159 = VERTEX_POINT('',#4160);
#4160 = CARTESIAN_POINT('',(221.25,-82.8,200.));
#4161 = SURFACE_CURVE('',#4162,(#4167,#4174),.PCURVE_S1.);
#4162 = CIRCLE('',#4163,3.25);
#4163 = AXIS2_PLACEMENT_3D('',#4164,#4165,#4166);
#4164 = CARTESIAN_POINT('',(218.,-82.8,200.));
#4165 = DIRECTION('',(0.,0.,1.));
#4166 = DIRECTION('',(1.,0.,-0.));
#4167 = PCURVE('',#2797,#4168);
#4168 = DEFINITIONAL_REPRESENTATION('',(#4169),#4173);
#4169 = CIRCLE('',#4170,3.25);
#4170 = AXIS2_PLACEMENT_2D('',#4171,#4172);
#4171 = CARTESIAN_POINT('',(451.,70.2));
#4172 = DIRECTION('',(1.,0.));
#4173 = ( GEOMETRIC_REPRESENTATION_CONTEXT(2) 
PARAMETRIC_REPRESENTATION_CONTEXT() REPRESENTATION_CONTEXT('2D SPACE',''
  ) );
#4174 = PCURVE('',#3348,#4175);
#4175 = DEFINITIONAL_REPRESENTATION('',(#4176),#4180);
#4176 = LINE('',#4177,#4178);
#4177 = CARTESIAN_POINT('',(0.,0.));
#4178 = VECTOR('',#4179,1.);
#4179 = DIRECTION('',(1.,0.));
#4180 = ( GEOMETRIC_REPRESENTATION_CONTEXT(2) 
PARAMETRIC_REPRESENTATION_CONTEXT() REPRESENTATION_CONTEXT('2D SPACE',''
  ) );
#4181 = FACE_BOUND('',#4182,.F.);
#4182 = EDGE_LOOP('',(#4183));
#4183 = ORIENTED_EDGE('',*,*,#4184,.F.);
#4184 = EDGE_CURVE('',#4185,#4185,#4187,.T.);
#4185 = VERTEX_POINT('',#4186);
#4186 = CARTESIAN_POINT('',(221.25,-27.6,200.));
#4187 = SURFACE_CURVE('',#4188,(#4193,#4200),.PCURVE_S1.);
#4188 = CIRCLE('',#4189,3.25);
#4189 = AXIS2_PLACEMENT_3D('',#4190,#4191,#4192);
#4190 = CARTESIAN_POINT('',(218.,-27.6,200.));
#4191 = DIRECTION('',(0.,0.,1.));
#4192 = DIRECTION('',(1.,0.,-0.));
#4193 = PCURVE('',#2797,#4194);
#4194 = DEFINITIONAL_REPRESENTATION('',(#4195),#4199);
#4195 = CIRCLE('',#4196,3.25);
#4196 = AXIS2_PLACEMENT_2D('',#4197,#4198);
#4197 = CARTESIAN_POINT('',(451.,125.4));
#4198 = DIRECTION('',(1.,0.));
#4199 = ( GEOMETRIC_REPRESENTATION_CONTEXT(2) 
PARAMETRIC_REPRESENTATION_CONTEXT() REPRESENTATION_CONTEXT('2D SPACE',''
  ) );
#4200 = PCURVE('',#3379,#4201);
#4201 = DEFINITIONAL_REPRESENTATION('',(#4202),#4206);
#4202 = LINE('',#4203,#4204);
#4203 = CARTESIAN_POINT('',(0.,0.));
#4204 = VECTOR('',#4205,1.);
#4205 = DIRECTION('',(1.,0.));
#4206 = ( GEOMETRIC_REPRESENTATION_CONTEXT(2) 
PARAMETRIC_REPRESENTATION_CONTEXT() REPRESENTATION_CONTEXT('2D SPACE',''
  ) );
#4207 = FACE_BOUND('',#4208,.F.);
#4208 = EDGE_LOOP('',(#4209));
#4209 = ORIENTED_EDGE('',*,*,#4210,.F.);
#4210 = EDGE_CURVE('',#4211,#4211,#4213,.T.);
#4211 = VERTEX_POINT('',#4212);
#4212 = CARTESIAN_POINT('',(-214.75,27.6,200.));
#4213 = SURFACE_CURVE('',#4214,(#4219,#4226),.PCURVE_S1.);
#4214 = CIRCLE('',#4215,3.25);
#4215 = AXIS2_PLACEMENT_3D('',#4216,#4217,#4218);
#4216 = CARTESIAN_POINT('',(-218.,27.6,200.));
#4217 = DIRECTION('',(0.,0.,1.));
#4218 = DIRECTION('',(1.,0.,-0.));
#4219 = PCURVE('',#2797,#4220);
#4220 = DEFINITIONAL_REPRESENTATION('',(#4221),#4225);
#4221 = CIRCLE('',#4222,3.25);
#4222 = AXIS2_PLACEMENT_2D('',#4223,#4224);
#4223 = CARTESIAN_POINT('',(15.,180.6));
#4224 = DIRECTION('',(1.,0.));
#4225 = ( GEOMETRIC_REPRESENTATION_CONTEXT(2) 
PARAMETRIC_REPRESENTATION_CONTEXT() REPRESENTATION_CONTEXT('2D SPACE',''
  ) );
#4226 = PCURVE('',#3410,#4227);
#4227 = DEFINITIONAL_REPRESENTATION('',(#4228),#4232);
#4228 = LINE('',#4229,#4230);
#4229 = CARTESIAN_POINT('',(0.,0.));
#4230 = VECTOR('',#4231,1.);
#4231 = DIRECTION('',(1.,0.));
#4232 = ( GEOMETRIC_REPRESENTATION_CONTEXT(2) 
PARAMETRIC_REPRESENTATION_CONTEXT() REPRESENTATION_CONTEXT('2D SPACE',''
  ) );
#4233 = FACE_BOUND('',#4234,.F.);
#4234 = EDGE_LOOP('',(#4235));
#4235 = ORIENTED_EDGE('',*,*,#4236,.F.);
#4236 = EDGE_CURVE('',#4237,#4237,#4239,.T.);
#4237 = VERTEX_POINT('',#4238);
#4238 = CARTESIAN_POINT('',(-214.75,82.8,200.));
#4239 = SURFACE_CURVE('',#4240,(#4245,#4252),.PCURVE_S1.);
#4240 = CIRCLE('',#4241,3.25);
#4241 = AXIS2_PLACEMENT_3D('',#4242,#4243,#4244);
#4242 = CARTESIAN_POINT('',(-218.,82.8,200.));
#4243 = DIRECTION('',(0.,0.,1.));
#4244 = DIRECTION('',(1.,0.,-0.));
#4245 = PCURVE('',#2797,#4246);
#4246 = DEFINITIONAL_REPRESENTATION('',(#4247),#4251);
#4247 = CIRCLE('',#4248,3.25);
#4248 = AXIS2_PLACEMENT_2D('',#4249,#4250);
#4249 = CARTESIAN_POINT('',(15.,235.8));
#4250 = DIRECTION('',(1.,0.));
#4251 = ( GEOMETRIC_REPRESENTATION_CONTEXT(2) 
PARAMETRIC_REPRESENTATION_CONTEXT() REPRESENTATION_CONTEXT('2D SPACE',''
  ) );
#4252 = PCURVE('',#3441,#4253);
#4253 = DEFINITIONAL_REPRESENTATION('',(#4254),#4258);
#4254 = LINE('',#4255,#4256);
#4255 = CARTESIAN_POINT('',(0.,0.));
#4256 = VECTOR('',#4257,1.);
#4257 = DIRECTION('',(1.,0.));
#4258 = ( GEOMETRIC_REPRESENTATION_CONTEXT(2) 
PARAMETRIC_REPRESENTATION_CONTEXT() REPRESENTATION_CONTEXT('2D SPACE',''
  ) );
#4259 = FACE_BOUND('',#4260,.F.);
#4260 = EDGE_LOOP('',(#4261));
#4261 = ORIENTED_EDGE('',*,*,#4262,.F.);
#4262 = EDGE_CURVE('',#4263,#4263,#4265,.T.);
#4263 = VERTEX_POINT('',#4264);
#4264 = CARTESIAN_POINT('',(-214.75,138.,200.));
#4265 = SURFACE_CURVE('',#4266,(#4271,#4278),.PCURVE_S1.);
#4266 = CIRCLE('',#4267,3.25);
#4267 = AXIS2_PLACEMENT_3D('',#4268,#4269,#4270);
#4268 = CARTESIAN_POINT('',(-218.,138.,200.));
#4269 = DIRECTION('',(0.,0.,1.));
#4270 = DIRECTION('',(1.,0.,-0.));
#4271 = PCURVE('',#2797,#4272);
#4272 = DEFINITIONAL_REPRESENTATION('',(#4273),#4277);
#4273 = CIRCLE('',#4274,3.25);
#4274 = AXIS2_PLACEMENT_2D('',#4275,#4276);
#4275 = CARTESIAN_POINT('',(15.,291.));
#4276 = DIRECTION('',(1.,0.));
#4277 = ( GEOMETRIC_REPRESENTATION_CONTEXT(2) 
PARAMETRIC_REPRESENTATION_CONTEXT() REPRESENTATION_CONTEXT('2D SPACE',''
  ) );
#4278 = PCURVE('',#3472,#4279);
#4279 = DEFINITIONAL_REPRESENTATION('',(#4280),#4284);
#4280 = LINE('',#4281,#4282);
#4281 = CARTESIAN_POINT('',(0.,0.));
#4282 = VECTOR('',#4283,1.);
#4283 = DIRECTION('',(1.,0.));
#4284 = ( GEOMETRIC_REPRESENTATION_CONTEXT(2) 
PARAMETRIC_REPRESENTATION_CONTEXT() REPRESENTATION_CONTEXT('2D SPACE',''
  ) );
#4285 = FACE_BOUND('',#4286,.F.);
#4286 = EDGE_LOOP('',(#4287));
#4287 = ORIENTED_EDGE('',*,*,#4288,.F.);
#4288 = EDGE_CURVE('',#4289,#4289,#4291,.T.);
#4289 = VERTEX_POINT('',#4290);
#4290 = CARTESIAN_POINT('',(-160.25,138.,200.));
#4291 = SURFACE_CURVE('',#4292,(#4297,#4304),.PCURVE_S1.);
#4292 = CIRCLE('',#4293,3.25);
#4293 = AXIS2_PLACEMENT_3D('',#4294,#4295,#4296);
#4294 = CARTESIAN_POINT('',(-163.5,138.,200.));
#4295 = DIRECTION('',(0.,0.,1.));
#4296 = DIRECTION('',(1.,0.,-0.));
#4297 = PCURVE('',#2797,#4298);
#4298 = DEFINITIONAL_REPRESENTATION('',(#4299),#4303);
#4299 = CIRCLE('',#4300,3.25);
#4300 = AXIS2_PLACEMENT_2D('',#4301,#4302);
#4301 = CARTESIAN_POINT('',(69.5,291.));
#4302 = DIRECTION('',(1.,0.));
#4303 = ( GEOMETRIC_REPRESENTATION_CONTEXT(2) 
PARAMETRIC_REPRESENTATION_CONTEXT() REPRESENTATION_CONTEXT('2D SPACE',''
  ) );
#4304 = PCURVE('',#3503,#4305);
#4305 = DEFINITIONAL_REPRESENTATION('',(#4306),#4310);
#4306 = LINE('',#4307,#4308);
#4307 = CARTESIAN_POINT('',(0.,0.));
#4308 = VECTOR('',#4309,1.);
#4309 = DIRECTION('',(1.,0.));
#4310 = ( GEOMETRIC_REPRESENTATION_CONTEXT(2) 
PARAMETRIC_REPRESENTATION_CONTEXT() REPRESENTATION_CONTEXT('2D SPACE',''
  ) );
#4311 = FACE_BOUND('',#4312,.F.);
#4312 = EDGE_LOOP('',(#4313));
#4313 = ORIENTED_EDGE('',*,*,#4314,.F.);
#4314 = EDGE_CURVE('',#4315,#4315,#4317,.T.);
#4315 = VERTEX_POINT('',#4316);
#4316 = CARTESIAN_POINT('',(-105.75,138.,200.));
#4317 = SURFACE_CURVE('',#4318,(#4323,#4330),.PCURVE_S1.);
#4318 = CIRCLE('',#4319,3.25);
#4319 = AXIS2_PLACEMENT_3D('',#4320,#4321,#4322);
#4320 = CARTESIAN_POINT('',(-109.,138.,200.));
#4321 = DIRECTION('',(0.,0.,1.));
#4322 = DIRECTION('',(1.,0.,-0.));
#4323 = PCURVE('',#2797,#4324);
#4324 = DEFINITIONAL_REPRESENTATION('',(#4325),#4329);
#4325 = CIRCLE('',#4326,3.25);
#4326 = AXIS2_PLACEMENT_2D('',#4327,#4328);
#4327 = CARTESIAN_POINT('',(124.,291.));
#4328 = DIRECTION('',(1.,0.));
#4329 = ( GEOMETRIC_REPRESENTATION_CONTEXT(2) 
PARAMETRIC_REPRESENTATION_CONTEXT() REPRESENTATION_CONTEXT('2D SPACE',''
  ) );
#4330 = PCURVE('',#3534,#4331);
#4331 = DEFINITIONAL_REPRESENTATION('',(#4332),#4336);
#4332 = LINE('',#4333,#4334);
#4333 = CARTESIAN_POINT('',(0.,0.));
#4334 = VECTOR('',#4335,1.);
#4335 = DIRECTION('',(1.,0.));
#4336 = ( GEOMETRIC_REPRESENTATION_CONTEXT(2) 
PARAMETRIC_REPRESENTATION_CONTEXT() REPRESENTATION_CONTEXT('2D SPACE',''
  ) );
#4337 = FACE_BOUND('',#4338,.F.);
#4338 = EDGE_LOOP('',(#4339));
#4339 = ORIENTED_EDGE('',*,*,#4340,.F.);
#4340 = EDGE_CURVE('',#4341,#4341,#4343,.T.);
#4341 = VERTEX_POINT('',#4342);
#4342 = CARTESIAN_POINT('',(-51.25,138.,200.));
#4343 = SURFACE_CURVE('',#4344,(#4349,#4356),.PCURVE_S1.);
#4344 = CIRCLE('',#4345,3.25);
#4345 = AXIS2_PLACEMENT_3D('',#4346,#4347,#4348);
#4346 = CARTESIAN_POINT('',(-54.5,138.,200.));
#4347 = DIRECTION('',(0.,0.,1.));
#4348 = DIRECTION('',(1.,0.,-0.));
#4349 = PCURVE('',#2797,#4350);
#4350 = DEFINITIONAL_REPRESENTATION('',(#4351),#4355);
#4351 = CIRCLE('',#4352,3.25);
#4352 = AXIS2_PLACEMENT_2D('',#4353,#4354);
#4353 = CARTESIAN_POINT('',(178.5,291.));
#4354 = DIRECTION('',(1.,0.));
#4355 = ( GEOMETRIC_REPRESENTATION_CONTEXT(2) 
PARAMETRIC_REPRESENTATION_CONTEXT() REPRESENTATION_CONTEXT('2D SPACE',''
  ) );
#4356 = PCURVE('',#3565,#4357);
#4357 = DEFINITIONAL_REPRESENTATION('',(#4358),#4362);
#4358 = LINE('',#4359,#4360);
#4359 = CARTESIAN_POINT('',(0.,0.));
#4360 = VECTOR('',#4361,1.);
#4361 = DIRECTION('',(1.,0.));
#4362 = ( GEOMETRIC_REPRESENTATION_CONTEXT(2) 
PARAMETRIC_REPRESENTATION_CONTEXT() REPRESENTATION_CONTEXT('2D SPACE',''
  ) );
#4363 = FACE_BOUND('',#4364,.F.);
#4364 = EDGE_LOOP('',(#4365));
#4365 = ORIENTED_EDGE('',*,*,#4366,.F.);
#4366 = EDGE_CURVE('',#4367,#4367,#4369,.T.);
#4367 = VERTEX_POINT('',#4368);
#4368 = CARTESIAN_POINT('',(221.25,27.6,200.));
#4369 = SURFACE_CURVE('',#4370,(#4375,#4382),.PCURVE_S1.);
#4370 = CIRCLE('',#4371,3.25);
#4371 = AXIS2_PLACEMENT_3D('',#4372,#4373,#4374);
#4372 = CARTESIAN_POINT('',(218.,27.6,200.));
#4373 = DIRECTION('',(0.,0.,1.));
#4374 = DIRECTION('',(1.,0.,-0.));
#4375 = PCURVE('',#2797,#4376);
#4376 = DEFINITIONAL_REPRESENTATION('',(#4377),#4381);
#4377 = CIRCLE('',#4378,3.25);
#4378 = AXIS2_PLACEMENT_2D('',#4379,#4380);
#4379 = CARTESIAN_POINT('',(451.,180.6));
#4380 = DIRECTION('',(1.,0.));
#4381 = ( GEOMETRIC_REPRESENTATION_CONTEXT(2) 
PARAMETRIC_REPRESENTATION_CONTEXT() REPRESENTATION_CONTEXT('2D SPACE',''
  ) );
#4382 = PCURVE('',#3596,#4383);
#4383 = DEFINITIONAL_REPRESENTATION('',(#4384),#4388);
#4384 = LINE('',#4385,#4386);
#4385 = CARTESIAN_POINT('',(0.,0.));
#4386 = VECTOR('',#4387,1.);
#4387 = DIRECTION('',(1.,0.));
#4388 = ( GEOMETRIC_REPRESENTATION_CONTEXT(2) 
PARAMETRIC_REPRESENTATION_CONTEXT() REPRESENTATION_CONTEXT('2D SPACE',''
  ) );
#4389 = FACE_BOUND('',#4390,.F.);
#4390 = EDGE_LOOP('',(#4391));
#4391 = ORIENTED_EDGE('',*,*,#4392,.F.);
#4392 = EDGE_CURVE('',#4393,#4393,#4395,.T.);
#4393 = VERTEX_POINT('',#4394);
#4394 = CARTESIAN_POINT('',(3.25,138.,200.));
#4395 = SURFACE_CURVE('',#4396,(#4401,#4408),.PCURVE_S1.);
#4396 = CIRCLE('',#4397,3.25);
#4397 = AXIS2_PLACEMENT_3D('',#4398,#4399,#4400);
#4398 = CARTESIAN_POINT('',(0.,138.,200.));
#4399 = DIRECTION('',(0.,0.,1.));
#4400 = DIRECTION('',(1.,0.,-0.));
#4401 = PCURVE('',#2797,#4402);
#4402 = DEFINITIONAL_REPRESENTATION('',(#4403),#4407);
#4403 = CIRCLE('',#4404,3.25);
#4404 = AXIS2_PLACEMENT_2D('',#4405,#4406);
#4405 = CARTESIAN_POINT('',(233.,291.));
#4406 = DIRECTION('',(1.,0.));
#4407 = ( GEOMETRIC_REPRESENTATION_CONTEXT(2) 
PARAMETRIC_REPRESENTATION_CONTEXT() REPRESENTATION_CONTEXT('2D SPACE',''
  ) );
#4408 = PCURVE('',#3627,#4409);
#4409 = DEFINITIONAL_REPRESENTATION('',(#4410),#4414);
#4410 = LINE('',#4411,#4412);
#4411 = CARTESIAN_POINT('',(0.,0.));
#4412 = VECTOR('',#4413,1.);
#4413 = DIRECTION('',(1.,0.));
#4414 = ( GEOMETRIC_REPRESENTATION_CONTEXT(2) 
PARAMETRIC_REPRESENTATION_CONTEXT() REPRESENTATION_CONTEXT('2D SPACE',''
  ) );
#4415 = FACE_BOUND('',#4416,.F.);
#4416 = EDGE_LOOP('',(#4417));
#4417 = ORIENTED_EDGE('',*,*,#4418,.F.);
#4418 = EDGE_CURVE('',#4419,#4419,#4421,.T.);
#4419 = VERTEX_POINT('',#4420);
#4420 = CARTESIAN_POINT('',(57.75,138.,200.));
#4421 = SURFACE_CURVE('',#4422,(#4427,#4434),.PCURVE_S1.);
#4422 = CIRCLE('',#4423,3.25);
#4423 = AXIS2_PLACEMENT_3D('',#4424,#4425,#4426);
#4424 = CARTESIAN_POINT('',(54.5,138.,200.));
#4425 = DIRECTION('',(0.,0.,1.));
#4426 = DIRECTION('',(1.,0.,-0.));
#4427 = PCURVE('',#2797,#4428);
#4428 = DEFINITIONAL_REPRESENTATION('',(#4429),#4433);
#4429 = CIRCLE('',#4430,3.25);
#4430 = AXIS2_PLACEMENT_2D('',#4431,#4432);
#4431 = CARTESIAN_POINT('',(287.5,291.));
#4432 = DIRECTION('',(1.,0.));
#4433 = ( GEOMETRIC_REPRESENTATION_CONTEXT(2) 
PARAMETRIC_REPRESENTATION_CONTEXT() REPRESENTATION_CONTEXT('2D SPACE',''
  ) );
#4434 = PCURVE('',#3658,#4435);
#4435 = DEFINITIONAL_REPRESENTATION('',(#4436),#4440);
#4436 = LINE('',#4437,#4438);
#4437 = CARTESIAN_POINT('',(0.,0.));
#4438 = VECTOR('',#4439,1.);
#4439 = DIRECTION('',(1.,0.));
#4440 = ( GEOMETRIC_REPRESENTATION_CONTEXT(2) 
PARAMETRIC_REPRESENTATION_CONTEXT() REPRESENTATION_CONTEXT('2D SPACE',''
  ) );
#4441 = FACE_BOUND('',#4442,.F.);
#4442 = EDGE_LOOP('',(#4443));
#4443 = ORIENTED_EDGE('',*,*,#4444,.F.);
#4444 = EDGE_CURVE('',#4445,#4445,#4447,.T.);
#4445 = VERTEX_POINT('',#4446);
#4446 = CARTESIAN_POINT('',(112.25,138.,200.));
#4447 = SURFACE_CURVE('',#4448,(#4453,#4460),.PCURVE_S1.);
#4448 = CIRCLE('',#4449,3.25);
#4449 = AXIS2_PLACEMENT_3D('',#4450,#4451,#4452);
#4450 = CARTESIAN_POINT('',(109.,138.,200.));
#4451 = DIRECTION('',(0.,0.,1.));
#4452 = DIRECTION('',(1.,0.,-0.));
#4453 = PCURVE('',#2797,#4454);
#4454 = DEFINITIONAL_REPRESENTATION('',(#4455),#4459);
#4455 = CIRCLE('',#4456,3.25);
#4456 = AXIS2_PLACEMENT_2D('',#4457,#4458);
#4457 = CARTESIAN_POINT('',(342.,291.));
#4458 = DIRECTION('',(1.,0.));
#4459 = ( GEOMETRIC_REPRESENTATION_CONTEXT(2) 
PARAMETRIC_REPRESENTATION_CONTEXT() REPRESENTATION_CONTEXT('2D SPACE',''
  ) );
#4460 = PCURVE('',#3689,#4461);
#4461 = DEFINITIONAL_REPRESENTATION('',(#4462),#4466);
#4462 = LINE('',#4463,#4464);
#4463 = CARTESIAN_POINT('',(0.,0.));
#4464 = VECTOR('',#4465,1.);
#4465 = DIRECTION('',(1.,0.));
#4466 = ( GEOMETRIC_REPRESENTATION_CONTEXT(2) 
PARAMETRIC_REPRESENTATION_CONTEXT() REPRESENTATION_CONTEXT('2D SPACE',''
  ) );
#4467 = FACE_BOUND('',#4468,.F.);
#4468 = EDGE_LOOP('',(#4469));
#4469 = ORIENTED_EDGE('',*,*,#4470,.F.);
#4470 = EDGE_CURVE('',#4471,#4471,#4473,.T.);
#4471 = VERTEX_POINT('',#4472);
#4472 = CARTESIAN_POINT('',(221.25,82.8,200.));
#4473 = SURFACE_CURVE('',#4474,(#4479,#4486),.PCURVE_S1.);
#4474 = CIRCLE('',#4475,3.25);
#4475 = AXIS2_PLACEMENT_3D('',#4476,#4477,#4478);
#4476 = CARTESIAN_POINT('',(218.,82.8,200.));
#4477 = DIRECTION('',(0.,0.,1.));
#4478 = DIRECTION('',(1.,0.,-0.));
#4479 = PCURVE('',#2797,#4480);
#4480 = DEFINITIONAL_REPRESENTATION('',(#4481),#4485);
#4481 = CIRCLE('',#4482,3.25);
#4482 = AXIS2_PLACEMENT_2D('',#4483,#4484);
#4483 = CARTESIAN_POINT('',(451.,235.8));
#4484 = DIRECTION('',(1.,0.));
#4485 = ( GEOMETRIC_REPRESENTATION_CONTEXT(2) 
PARAMETRIC_REPRESENTATION_CONTEXT() REPRESENTATION_CONTEXT('2D SPACE',''
  ) );
#4486 = PCURVE('',#3720,#4487);
#4487 = DEFINITIONAL_REPRESENTATION('',(#4488),#4492);
#4488 = LINE('',#4489,#4490);
#4489 = CARTESIAN_POINT('',(0.,0.));
#4490 = VECTOR('',#4491,1.);
#4491 = DIRECTION('',(1.,0.));
#4492 = ( GEOMETRIC_REPRESENTATION_CONTEXT(2) 
PARAMETRIC_REPRESENTATION_CONTEXT() REPRESENTATION_CONTEXT('2D SPACE',''
  ) );
#4493 = FACE_BOUND('',#4494,.F.);
#4494 = EDGE_LOOP('',(#4495));
#4495 = ORIENTED_EDGE('',*,*,#4496,.F.);
#4496 = EDGE_CURVE('',#4497,#4497,#4499,.T.);
#4497 = VERTEX_POINT('',#4498);
#4498 = CARTESIAN_POINT('',(166.75,138.,200.));
#4499 = SURFACE_CURVE('',#4500,(#4505,#4512),.PCURVE_S1.);
#4500 = CIRCLE('',#4501,3.25);
#4501 = AXIS2_PLACEMENT_3D('',#4502,#4503,#4504);
#4502 = CARTESIAN_POINT('',(163.5,138.,200.));
#4503 = DIRECTION('',(0.,0.,1.));
#4504 = DIRECTION('',(1.,0.,-0.));
#4505 = PCURVE('',#2797,#4506);
#4506 = DEFINITIONAL_REPRESENTATION('',(#4507),#4511);
#4507 = CIRCLE('',#4508,3.25);
#4508 = AXIS2_PLACEMENT_2D('',#4509,#4510);
#4509 = CARTESIAN_POINT('',(396.5,291.));
#4510 = DIRECTION('',(1.,0.));
#4511 = ( GEOMETRIC_REPRESENTATION_CONTEXT(2) 
PARAMETRIC_REPRESENTATION_CONTEXT() REPRESENTATION_CONTEXT('2D SPACE',''
  ) );
#4512 = PCURVE('',#3751,#4513);
#4513 = DEFINITIONAL_REPRESENTATION('',(#4514),#4518);
#4514 = LINE('',#4515,#4516);
#4515 = CARTESIAN_POINT('',(0.,0.));
#4516 = VECTOR('',#4517,1.);
#4517 = DIRECTION('',(1.,0.));
#4518 = ( GEOMETRIC_REPRESENTATION_CONTEXT(2) 
PARAMETRIC_REPRESENTATION_CONTEXT() REPRESENTATION_CONTEXT('2D SPACE',''
  ) );
#4519 = FACE_BOUND('',#4520,.F.);
#4520 = EDGE_LOOP('',(#4521));
#4521 = ORIENTED_EDGE('',*,*,#4522,.F.);
#4522 = EDGE_CURVE('',#4523,#4523,#4525,.T.);
#4523 = VERTEX_POINT('',#4524);
#4524 = CARTESIAN_POINT('',(221.25,138.,200.));
#4525 = SURFACE_CURVE('',#4526,(#4531,#4538),.PCURVE_S1.);
#4526 = CIRCLE('',#4527,3.25);
#4527 = AXIS2_PLACEMENT_3D('',#4528,#4529,#4530);
#4528 = CARTESIAN_POINT('',(218.,138.,200.));
#4529 = DIRECTION('',(0.,0.,1.));
#4530 = DIRECTION('',(1.,0.,-0.));
#4531 = PCURVE('',#2797,#4532);
#4532 = DEFINITIONAL_REPRESENTATION('',(#4533),#4537);
#4533 = CIRCLE('',#4534,3.25);
#4534 = AXIS2_PLACEMENT_2D('',#4535,#4536);
#4535 = CARTESIAN_POINT('',(451.,291.));
#4536 = DIRECTION('',(1.,0.));
#4537 = ( GEOMETRIC_REPRESENTATION_CONTEXT(2) 
PARAMETRIC_REPRESENTATION_CONTEXT() REPRESENTATION_CONTEXT('2D SPACE',''
  ) );
#4538 = PCURVE('',#3782,#4539);
#4539 = DEFINITIONAL_REPRESENTATION('',(#4540),#4544);
#4540 = LINE('',#4541,#4542);
#4541 = CARTESIAN_POINT('',(0.,0.));
#4542 = VECTOR('',#4543,1.);
#4543 = DIRECTION('',(1.,0.));
#4544 = ( GEOMETRIC_REPRESENTATION_CONTEXT(2) 
PARAMETRIC_REPRESENTATION_CONTEXT() REPRESENTATION_CONTEXT('2D SPACE',''
  ) );
#4545 = ADVANCED_FACE('',(#4546),#2927,.T.);
#4546 = FACE_BOUND('',#4547,.T.);
#4547 = EDGE_LOOP('',(#4548,#4549,#4550,#4551));
#4548 = ORIENTED_EDGE('',*,*,#2913,.F.);
#4549 = ORIENTED_EDGE('',*,*,#3848,.T.);
#4550 = ORIENTED_EDGE('',*,*,#3822,.T.);
#4551 = ORIENTED_EDGE('',*,*,#2944,.F.);
#4552 = ADVANCED_FACE('',(#4553),#3007,.F.);
#4553 = FACE_BOUND('',#4554,.F.);
#4554 = EDGE_LOOP('',(#4555,#4556,#4577,#4578));
#4555 = ORIENTED_EDGE('',*,*,#2990,.F.);
#4556 = ORIENTED_EDGE('',*,*,#4557,.F.);
#4557 = EDGE_CURVE('',#3873,#2991,#4558,.T.);
#4558 = SEAM_CURVE('',#4559,(#4563,#4570),.PCURVE_S1.);
#4559 = LINE('',#4560,#4561);
#4560 = CARTESIAN_POINT('',(-214.75,-138.,200.));
#4561 = VECTOR('',#4562,1.);
#4562 = DIRECTION('',(0.,0.,1.));
#4563 = PCURVE('',#3007,#4564);
#4564 = DEFINITIONAL_REPRESENTATION('',(#4565),#4569);
#4565 = LINE('',#4566,#4567);
#4566 = CARTESIAN_POINT('',(6.28318530718,-0.));
#4567 = VECTOR('',#4568,1.);
#4568 = DIRECTION('',(0.,1.));
#4569 = ( GEOMETRIC_REPRESENTATION_CONTEXT(2) 
PARAMETRIC_REPRESENTATION_CONTEXT() REPRESENTATION_CONTEXT('2D SPACE',''
  ) );
#4570 = PCURVE('',#3007,#4571);
#4571 = DEFINITIONAL_REPRESENTATION('',(#4572),#4576);
#4572 = LINE('',#4573,#4574);
#4573 = CARTESIAN_POINT('',(0.,-0.));
#4574 = VECTOR('',#4575,1.);
#4575 = DIRECTION('',(0.,1.));
#4576 = ( GEOMETRIC_REPRESENTATION_CONTEXT(2) 
PARAMETRIC_REPRESENTATION_CONTEXT() REPRESENTATION_CONTEXT('2D SPACE',''
  ) );
#4577 = ORIENTED_EDGE('',*,*,#3872,.T.);
#4578 = ORIENTED_EDGE('',*,*,#4557,.T.);
#4579 = ADVANCED_FACE('',(#4580),#3038,.F.);
#4580 = FACE_BOUND('',#4581,.F.);
#4581 = EDGE_LOOP('',(#4582,#4583,#4604,#4605));
#4582 = ORIENTED_EDGE('',*,*,#3021,.F.);
#4583 = ORIENTED_EDGE('',*,*,#4584,.F.);
#4584 = EDGE_CURVE('',#3899,#3022,#4585,.T.);
#4585 = SEAM_CURVE('',#4586,(#4590,#4597),.PCURVE_S1.);
#4586 = LINE('',#4587,#4588);
#4587 = CARTESIAN_POINT('',(-160.25,-138.,200.));
#4588 = VECTOR('',#4589,1.);
#4589 = DIRECTION('',(0.,0.,1.));
#4590 = PCURVE('',#3038,#4591);
#4591 = DEFINITIONAL_REPRESENTATION('',(#4592),#4596);
#4592 = LINE('',#4593,#4594);
#4593 = CARTESIAN_POINT('',(6.28318530718,-0.));
#4594 = VECTOR('',#4595,1.);
#4595 = DIRECTION('',(0.,1.));
#4596 = ( GEOMETRIC_REPRESENTATION_CONTEXT(2) 
PARAMETRIC_REPRESENTATION_CONTEXT() REPRESENTATION_CONTEXT('2D SPACE',''
  ) );
#4597 = PCURVE('',#3038,#4598);
#4598 = DEFINITIONAL_REPRESENTATION('',(#4599),#4603);
#4599 = LINE('',#4600,#4601);
#4600 = CARTESIAN_POINT('',(0.,-0.));
#4601 = VECTOR('',#4602,1.);
#4602 = DIRECTION('',(0.,1.));
#4603 = ( GEOMETRIC_REPRESENTATION_CONTEXT(2) 
PARAMETRIC_REPRESENTATION_CONTEXT() REPRESENTATION_CONTEXT('2D SPACE',''
  ) );
#4604 = ORIENTED_EDGE('',*,*,#3898,.T.);
#4605 = ORIENTED_EDGE('',*,*,#4584,.T.);
#4606 = ADVANCED_FACE('',(#4607),#3069,.F.);
#4607 = FACE_BOUND('',#4608,.F.);
#4608 = EDGE_LOOP('',(#4609,#4610,#4631,#4632));
#4609 = ORIENTED_EDGE('',*,*,#3052,.F.);
#4610 = ORIENTED_EDGE('',*,*,#4611,.F.);
#4611 = EDGE_CURVE('',#3925,#3053,#4612,.T.);
#4612 = SEAM_CURVE('',#4613,(#4617,#4624),.PCURVE_S1.);
#4613 = LINE('',#4614,#4615);
#4614 = CARTESIAN_POINT('',(-214.75,-82.8,200.));
#4615 = VECTOR('',#4616,1.);
#4616 = DIRECTION('',(0.,0.,1.));
#4617 = PCURVE('',#3069,#4618);
#4618 = DEFINITIONAL_REPRESENTATION('',(#4619),#4623);
#4619 = LINE('',#4620,#4621);
#4620 = CARTESIAN_POINT('',(6.28318530718,-0.));
#4621 = VECTOR('',#4622,1.);
#4622 = DIRECTION('',(0.,1.));
#4623 = ( GEOMETRIC_REPRESENTATION_CONTEXT(2) 
PARAMETRIC_REPRESENTATION_CONTEXT() REPRESENTATION_CONTEXT('2D SPACE',''
  ) );
#4624 = PCURVE('',#3069,#4625);
#4625 = DEFINITIONAL_REPRESENTATION('',(#4626),#4630);
#4626 = LINE('',#4627,#4628);
#4627 = CARTESIAN_POINT('',(0.,-0.));
#4628 = VECTOR('',#4629,1.);
#4629 = DIRECTION('',(0.,1.));
#4630 = ( GEOMETRIC_REPRESENTATION_CONTEXT(2) 
PARAMETRIC_REPRESENTATION_CONTEXT() REPRESENTATION_CONTEXT('2D SPACE',''
  ) );
#4631 = ORIENTED_EDGE('',*,*,#3924,.T.);
#4632 = ORIENTED_EDGE('',*,*,#4611,.T.);
#4633 = ADVANCED_FACE('',(#4634),#3100,.F.);
#4634 = FACE_BOUND('',#4635,.F.);
#4635 = EDGE_LOOP('',(#4636,#4637,#4658,#4659));
#4636 = ORIENTED_EDGE('',*,*,#3083,.F.);
#4637 = ORIENTED_EDGE('',*,*,#4638,.F.);
#4638 = EDGE_CURVE('',#3951,#3084,#4639,.T.);
#4639 = SEAM_CURVE('',#4640,(#4644,#4651),.PCURVE_S1.);
#4640 = LINE('',#4641,#4642);
#4641 = CARTESIAN_POINT('',(-105.75,-138.,200.));
#4642 = VECTOR('',#4643,1.);
#4643 = DIRECTION('',(0.,0.,1.));
#4644 = PCURVE('',#3100,#4645);
#4645 = DEFINITIONAL_REPRESENTATION('',(#4646),#4650);
#4646 = LINE('',#4647,#4648);
#4647 = CARTESIAN_POINT('',(6.28318530718,-0.));
#4648 = VECTOR('',#4649,1.);
#4649 = DIRECTION('',(0.,1.));
#4650 = ( GEOMETRIC_REPRESENTATION_CONTEXT(2) 
PARAMETRIC_REPRESENTATION_CONTEXT() REPRESENTATION_CONTEXT('2D SPACE',''
  ) );
#4651 = PCURVE('',#3100,#4652);
#4652 = DEFINITIONAL_REPRESENTATION('',(#4653),#4657);
#4653 = LINE('',#4654,#4655);
#4654 = CARTESIAN_POINT('',(0.,-0.));
#4655 = VECTOR('',#4656,1.);
#4656 = DIRECTION('',(0.,1.));
#4657 = ( GEOMETRIC_REPRESENTATION_CONTEXT(2) 
PARAMETRIC_REPRESENTATION_CONTEXT() REPRESENTATION_CONTEXT('2D SPACE',''
  ) );
#4658 = ORIENTED_EDGE('',*,*,#3950,.T.);
#4659 = ORIENTED_EDGE('',*,*,#4638,.T.);
#4660 = ADVANCED_FACE('',(#4661),#3131,.F.);
#4661 = FACE_BOUND('',#4662,.F.);
#4662 = EDGE_LOOP('',(#4663,#4664,#4685,#4686));
#4663 = ORIENTED_EDGE('',*,*,#3114,.F.);
#4664 = ORIENTED_EDGE('',*,*,#4665,.F.);
#4665 = EDGE_CURVE('',#3977,#3115,#4666,.T.);
#4666 = SEAM_CURVE('',#4667,(#4671,#4678),.PCURVE_S1.);
#4667 = LINE('',#4668,#4669);
#4668 = CARTESIAN_POINT('',(-51.25,-138.,200.));
#4669 = VECTOR('',#4670,1.);
#4670 = DIRECTION('',(0.,0.,1.));
#4671 = PCURVE('',#3131,#4672);
#4672 = DEFINITIONAL_REPRESENTATION('',(#4673),#4677);
#4673 = LINE('',#4674,#4675);
#4674 = CARTESIAN_POINT('',(6.28318530718,-0.));
#4675 = VECTOR('',#4676,1.);
#4676 = DIRECTION('',(0.,1.));
#4677 = ( GEOMETRIC_REPRESENTATION_CONTEXT(2) 
PARAMETRIC_REPRESENTATION_CONTEXT() REPRESENTATION_CONTEXT('2D SPACE',''
  ) );
#4678 = PCURVE('',#3131,#4679);
#4679 = DEFINITIONAL_REPRESENTATION('',(#4680),#4684);
#4680 = LINE('',#4681,#4682);
#4681 = CARTESIAN_POINT('',(0.,-0.));
#4682 = VECTOR('',#4683,1.);
#4683 = DIRECTION('',(0.,1.));
#4684 = ( GEOMETRIC_REPRESENTATION_CONTEXT(2) 
PARAMETRIC_REPRESENTATION_CONTEXT() REPRESENTATION_CONTEXT('2D SPACE',''
  ) );
#4685 = ORIENTED_EDGE('',*,*,#3976,.T.);
#4686 = ORIENTED_EDGE('',*,*,#4665,.T.);
#4687 = ADVANCED_FACE('',(#4688),#3162,.F.);
#4688 = FACE_BOUND('',#4689,.F.);
#4689 = EDGE_LOOP('',(#4690,#4691,#4712,#4713));
#4690 = ORIENTED_EDGE('',*,*,#3145,.F.);
#4691 = ORIENTED_EDGE('',*,*,#4692,.F.);
#4692 = EDGE_CURVE('',#4003,#3146,#4693,.T.);
#4693 = SEAM_CURVE('',#4694,(#4698,#4705),.PCURVE_S1.);
#4694 = LINE('',#4695,#4696);
#4695 = CARTESIAN_POINT('',(-214.75,-27.6,200.));
#4696 = VECTOR('',#4697,1.);
#4697 = DIRECTION('',(0.,0.,1.));
#4698 = PCURVE('',#3162,#4699);
#4699 = DEFINITIONAL_REPRESENTATION('',(#4700),#4704);
#4700 = LINE('',#4701,#4702);
#4701 = CARTESIAN_POINT('',(6.28318530718,-0.));
#4702 = VECTOR('',#4703,1.);
#4703 = DIRECTION('',(0.,1.));
#4704 = ( GEOMETRIC_REPRESENTATION_CONTEXT(2) 
PARAMETRIC_REPRESENTATION_CONTEXT() REPRESENTATION_CONTEXT('2D SPACE',''
  ) );
#4705 = PCURVE('',#3162,#4706);
#4706 = DEFINITIONAL_REPRESENTATION('',(#4707),#4711);
#4707 = LINE('',#4708,#4709);
#4708 = CARTESIAN_POINT('',(0.,-0.));
#4709 = VECTOR('',#4710,1.);
#4710 = DIRECTION('',(0.,1.));
#4711 = ( GEOMETRIC_REPRESENTATION_CONTEXT(2) 
PARAMETRIC_REPRESENTATION_CONTEXT() REPRESENTATION_CONTEXT('2D SPACE',''
  ) );
#4712 = ORIENTED_EDGE('',*,*,#4002,.T.);
#4713 = ORIENTED_EDGE('',*,*,#4692,.T.);
#4714 = ADVANCED_FACE('',(#4715),#3193,.F.);
#4715 = FACE_BOUND('',#4716,.F.);
#4716 = EDGE_LOOP('',(#4717,#4718,#4739,#4740));
#4717 = ORIENTED_EDGE('',*,*,#3176,.F.);
#4718 = ORIENTED_EDGE('',*,*,#4719,.F.);
#4719 = EDGE_CURVE('',#4029,#3177,#4720,.T.);
#4720 = SEAM_CURVE('',#4721,(#4725,#4732),.PCURVE_S1.);
#4721 = LINE('',#4722,#4723);
#4722 = CARTESIAN_POINT('',(3.25,-138.,200.));
#4723 = VECTOR('',#4724,1.);
#4724 = DIRECTION('',(0.,0.,1.));
#4725 = PCURVE('',#3193,#4726);
#4726 = DEFINITIONAL_REPRESENTATION('',(#4727),#4731);
#4727 = LINE('',#4728,#4729);
#4728 = CARTESIAN_POINT('',(6.28318530718,-0.));
#4729 = VECTOR('',#4730,1.);
#4730 = DIRECTION('',(0.,1.));
#4731 = ( GEOMETRIC_REPRESENTATION_CONTEXT(2) 
PARAMETRIC_REPRESENTATION_CONTEXT() REPRESENTATION_CONTEXT('2D SPACE',''
  ) );
#4732 = PCURVE('',#3193,#4733);
#4733 = DEFINITIONAL_REPRESENTATION('',(#4734),#4738);
#4734 = LINE('',#4735,#4736);
#4735 = CARTESIAN_POINT('',(0.,-0.));
#4736 = VECTOR('',#4737,1.);
#4737 = DIRECTION('',(0.,1.));
#4738 = ( GEOMETRIC_REPRESENTATION_CONTEXT(2) 
PARAMETRIC_REPRESENTATION_CONTEXT() REPRESENTATION_CONTEXT('2D SPACE',''
  ) );
#4739 = ORIENTED_EDGE('',*,*,#4028,.T.);
#4740 = ORIENTED_EDGE('',*,*,#4719,.T.);
#4741 = ADVANCED_FACE('',(#4742),#3224,.F.);
#4742 = FACE_BOUND('',#4743,.F.);
#4743 = EDGE_LOOP('',(#4744,#4745,#4766,#4767));
#4744 = ORIENTED_EDGE('',*,*,#3207,.F.);
#4745 = ORIENTED_EDGE('',*,*,#4746,.F.);
#4746 = EDGE_CURVE('',#4055,#3208,#4747,.T.);
#4747 = SEAM_CURVE('',#4748,(#4752,#4759),.PCURVE_S1.);
#4748 = LINE('',#4749,#4750);
#4749 = CARTESIAN_POINT('',(57.75,-138.,200.));
#4750 = VECTOR('',#4751,1.);
#4751 = DIRECTION('',(0.,0.,1.));
#4752 = PCURVE('',#3224,#4753);
#4753 = DEFINITIONAL_REPRESENTATION('',(#4754),#4758);
#4754 = LINE('',#4755,#4756);
#4755 = CARTESIAN_POINT('',(6.28318530718,-0.));
#4756 = VECTOR('',#4757,1.);
#4757 = DIRECTION('',(0.,1.));
#4758 = ( GEOMETRIC_REPRESENTATION_CONTEXT(2) 
PARAMETRIC_REPRESENTATION_CONTEXT() REPRESENTATION_CONTEXT('2D SPACE',''
  ) );
#4759 = PCURVE('',#3224,#4760);
#4760 = DEFINITIONAL_REPRESENTATION('',(#4761),#4765);
#4761 = LINE('',#4762,#4763);
#4762 = CARTESIAN_POINT('',(0.,-0.));
#4763 = VECTOR('',#4764,1.);
#4764 = DIRECTION('',(0.,1.));
#4765 = ( GEOMETRIC_REPRESENTATION_CONTEXT(2) 
PARAMETRIC_REPRESENTATION_CONTEXT() REPRESENTATION_CONTEXT('2D SPACE',''
  ) );
#4766 = ORIENTED_EDGE('',*,*,#4054,.T.);
#4767 = ORIENTED_EDGE('',*,*,#4746,.T.);
#4768 = ADVANCED_FACE('',(#4769),#3255,.F.);
#4769 = FACE_BOUND('',#4770,.F.);
#4770 = EDGE_LOOP('',(#4771,#4772,#4793,#4794));
#4771 = ORIENTED_EDGE('',*,*,#3238,.F.);
#4772 = ORIENTED_EDGE('',*,*,#4773,.F.);
#4773 = EDGE_CURVE('',#4081,#3239,#4774,.T.);
#4774 = SEAM_CURVE('',#4775,(#4779,#4786),.PCURVE_S1.);
#4775 = LINE('',#4776,#4777);
#4776 = CARTESIAN_POINT('',(112.25,-138.,200.));
#4777 = VECTOR('',#4778,1.);
#4778 = DIRECTION('',(0.,0.,1.));
#4779 = PCURVE('',#3255,#4780);
#4780 = DEFINITIONAL_REPRESENTATION('',(#4781),#4785);
#4781 = LINE('',#4782,#4783);
#4782 = CARTESIAN_POINT('',(6.28318530718,-0.));
#4783 = VECTOR('',#4784,1.);
#4784 = DIRECTION('',(0.,1.));
#4785 = ( GEOMETRIC_REPRESENTATION_CONTEXT(2) 
PARAMETRIC_REPRESENTATION_CONTEXT() REPRESENTATION_CONTEXT('2D SPACE',''
  ) );
#4786 = PCURVE('',#3255,#4787);
#4787 = DEFINITIONAL_REPRESENTATION('',(#4788),#4792);
#4788 = LINE('',#4789,#4790);
#4789 = CARTESIAN_POINT('',(0.,-0.));
#4790 = VECTOR('',#4791,1.);
#4791 = DIRECTION('',(0.,1.));
#4792 = ( GEOMETRIC_REPRESENTATION_CONTEXT(2) 
PARAMETRIC_REPRESENTATION_CONTEXT() REPRESENTATION_CONTEXT('2D SPACE',''
  ) );
#4793 = ORIENTED_EDGE('',*,*,#4080,.T.);
#4794 = ORIENTED_EDGE('',*,*,#4773,.T.);
#4795 = ADVANCED_FACE('',(#4796),#3286,.F.);
#4796 = FACE_BOUND('',#4797,.F.);
#4797 = EDGE_LOOP('',(#4798,#4799,#4820,#4821));
#4798 = ORIENTED_EDGE('',*,*,#3269,.F.);
#4799 = ORIENTED_EDGE('',*,*,#4800,.F.);
#4800 = EDGE_CURVE('',#4107,#3270,#4801,.T.);
#4801 = SEAM_CURVE('',#4802,(#4806,#4813),.PCURVE_S1.);
#4802 = LINE('',#4803,#4804);
#4803 = CARTESIAN_POINT('',(166.75,-138.,200.));
#4804 = VECTOR('',#4805,1.);
#4805 = DIRECTION('',(0.,0.,1.));
#4806 = PCURVE('',#3286,#4807);
#4807 = DEFINITIONAL_REPRESENTATION('',(#4808),#4812);
#4808 = LINE('',#4809,#4810);
#4809 = CARTESIAN_POINT('',(6.28318530718,-0.));
#4810 = VECTOR('',#4811,1.);
#4811 = DIRECTION('',(0.,1.));
#4812 = ( GEOMETRIC_REPRESENTATION_CONTEXT(2) 
PARAMETRIC_REPRESENTATION_CONTEXT() REPRESENTATION_CONTEXT('2D SPACE',''
  ) );
#4813 = PCURVE('',#3286,#4814);
#4814 = DEFINITIONAL_REPRESENTATION('',(#4815),#4819);
#4815 = LINE('',#4816,#4817);
#4816 = CARTESIAN_POINT('',(0.,-0.));
#4817 = VECTOR('',#4818,1.);
#4818 = DIRECTION('',(0.,1.));
#4819 = ( GEOMETRIC_REPRESENTATION_CONTEXT(2) 
PARAMETRIC_REPRESENTATION_CONTEXT() REPRESENTATION_CONTEXT('2D SPACE',''
  ) );
#4820 = ORIENTED_EDGE('',*,*,#4106,.T.);
#4821 = ORIENTED_EDGE('',*,*,#4800,.T.);
#4822 = ADVANCED_FACE('',(#4823),#3317,.F.);
#4823 = FACE_BOUND('',#4824,.F.);
#4824 = EDGE_LOOP('',(#4825,#4826,#4847,#4848));
#4825 = ORIENTED_EDGE('',*,*,#3300,.F.);
#4826 = ORIENTED_EDGE('',*,*,#4827,.F.);
#4827 = EDGE_CURVE('',#4133,#3301,#4828,.T.);
#4828 = SEAM_CURVE('',#4829,(#4833,#4840),.PCURVE_S1.);
#4829 = LINE('',#4830,#4831);
#4830 = CARTESIAN_POINT('',(221.25,-138.,200.));
#4831 = VECTOR('',#4832,1.);
#4832 = DIRECTION('',(0.,0.,1.));
#4833 = PCURVE('',#3317,#4834);
#4834 = DEFINITIONAL_REPRESENTATION('',(#4835),#4839);
#4835 = LINE('',#4836,#4837);
#4836 = CARTESIAN_POINT('',(6.28318530718,-0.));
#4837 = VECTOR('',#4838,1.);
#4838 = DIRECTION('',(0.,1.));
#4839 = ( GEOMETRIC_REPRESENTATION_CONTEXT(2) 
PARAMETRIC_REPRESENTATION_CONTEXT() REPRESENTATION_CONTEXT('2D SPACE',''
  ) );
#4840 = PCURVE('',#3317,#4841);
#4841 = DEFINITIONAL_REPRESENTATION('',(#4842),#4846);
#4842 = LINE('',#4843,#4844);
#4843 = CARTESIAN_POINT('',(0.,-0.));
#4844 = VECTOR('',#4845,1.);
#4845 = DIRECTION('',(0.,1.));
#4846 = ( GEOMETRIC_REPRESENTATION_CONTEXT(2) 
PARAMETRIC_REPRESENTATION_CONTEXT() REPRESENTATION_CONTEXT('2D SPACE',''
  ) );
#4847 = ORIENTED_EDGE('',*,*,#4132,.T.);
#4848 = ORIENTED_EDGE('',*,*,#4827,.T.);
#4849 = ADVANCED_FACE('',(#4850),#3348,.F.);
#4850 = FACE_BOUND('',#4851,.F.);
#4851 = EDGE_LOOP('',(#4852,#4853,#4874,#4875));
#4852 = ORIENTED_EDGE('',*,*,#3331,.F.);
#4853 = ORIENTED_EDGE('',*,*,#4854,.F.);
#4854 = EDGE_CURVE('',#4159,#3332,#4855,.T.);
#4855 = SEAM_CURVE('',#4856,(#4860,#4867),.PCURVE_S1.);
#4856 = LINE('',#4857,#4858);
#4857 = CARTESIAN_POINT('',(221.25,-82.8,200.));
#4858 = VECTOR('',#4859,1.);
#4859 = DIRECTION('',(0.,0.,1.));
#4860 = PCURVE('',#3348,#4861);
#4861 = DEFINITIONAL_REPRESENTATION('',(#4862),#4866);
#4862 = LINE('',#4863,#4864);
#4863 = CARTESIAN_POINT('',(6.28318530718,-0.));
#4864 = VECTOR('',#4865,1.);
#4865 = DIRECTION('',(0.,1.));
#4866 = ( GEOMETRIC_REPRESENTATION_CONTEXT(2) 
PARAMETRIC_REPRESENTATION_CONTEXT() REPRESENTATION_CONTEXT('2D SPACE',''
  ) );
#4867 = PCURVE('',#3348,#4868);
#4868 = DEFINITIONAL_REPRESENTATION('',(#4869),#4873);
#4869 = LINE('',#4870,#4871);
#4870 = CARTESIAN_POINT('',(0.,-0.));
#4871 = VECTOR('',#4872,1.);
#4872 = DIRECTION('',(0.,1.));
#4873 = ( GEOMETRIC_REPRESENTATION_CONTEXT(2) 
PARAMETRIC_REPRESENTATION_CONTEXT() REPRESENTATION_CONTEXT('2D SPACE',''
  ) );
#4874 = ORIENTED_EDGE('',*,*,#4158,.T.);
#4875 = ORIENTED_EDGE('',*,*,#4854,.T.);
#4876 = ADVANCED_FACE('',(#4877),#3379,.F.);
#4877 = FACE_BOUND('',#4878,.F.);
#4878 = EDGE_LOOP('',(#4879,#4880,#4901,#4902));
#4879 = ORIENTED_EDGE('',*,*,#3362,.F.);
#4880 = ORIENTED_EDGE('',*,*,#4881,.F.);
#4881 = EDGE_CURVE('',#4185,#3363,#4882,.T.);
#4882 = SEAM_CURVE('',#4883,(#4887,#4894),.PCURVE_S1.);
#4883 = LINE('',#4884,#4885);
#4884 = CARTESIAN_POINT('',(221.25,-27.6,200.));
#4885 = VECTOR('',#4886,1.);
#4886 = DIRECTION('',(0.,0.,1.));
#4887 = PCURVE('',#3379,#4888);
#4888 = DEFINITIONAL_REPRESENTATION('',(#4889),#4893);
#4889 = LINE('',#4890,#4891);
#4890 = CARTESIAN_POINT('',(6.28318530718,-0.));
#4891 = VECTOR('',#4892,1.);
#4892 = DIRECTION('',(0.,1.));
#4893 = ( GEOMETRIC_REPRESENTATION_CONTEXT(2) 
PARAMETRIC_REPRESENTATION_CONTEXT() REPRESENTATION_CONTEXT('2D SPACE',''
  ) );
#4894 = PCURVE('',#3379,#4895);
#4895 = DEFINITIONAL_REPRESENTATION('',(#4896),#4900);
#4896 = LINE('',#4897,#4898);
#4897 = CARTESIAN_POINT('',(0.,-0.));
#4898 = VECTOR('',#4899,1.);
#4899 = DIRECTION('',(0.,1.));
#4900 = ( GEOMETRIC_REPRESENTATION_CONTEXT(2) 
PARAMETRIC_REPRESENTATION_CONTEXT() REPRESENTATION_CONTEXT('2D SPACE',''
  ) );
#4901 = ORIENTED_EDGE('',*,*,#4184,.T.);
#4902 = ORIENTED_EDGE('',*,*,#4881,.T.);
#4903 = ADVANCED_FACE('',(#4904),#3410,.F.);
#4904 = FACE_BOUND('',#4905,.F.);
#4905 = EDGE_LOOP('',(#4906,#4907,#4928,#4929));
#4906 = ORIENTED_EDGE('',*,*,#3393,.F.);
#4907 = ORIENTED_EDGE('',*,*,#4908,.F.);
#4908 = EDGE_CURVE('',#4211,#3394,#4909,.T.);
#4909 = SEAM_CURVE('',#4910,(#4914,#4921),.PCURVE_S1.);
#4910 = LINE('',#4911,#4912);
#4911 = CARTESIAN_POINT('',(-214.75,27.6,200.));
#4912 = VECTOR('',#4913,1.);
#4913 = DIRECTION('',(0.,0.,1.));
#4914 = PCURVE('',#3410,#4915);
#4915 = DEFINITIONAL_REPRESENTATION('',(#4916),#4920);
#4916 = LINE('',#4917,#4918);
#4917 = CARTESIAN_POINT('',(6.28318530718,-0.));
#4918 = VECTOR('',#4919,1.);
#4919 = DIRECTION('',(0.,1.));
#4920 = ( GEOMETRIC_REPRESENTATION_CONTEXT(2) 
PARAMETRIC_REPRESENTATION_CONTEXT() REPRESENTATION_CONTEXT('2D SPACE',''
  ) );
#4921 = PCURVE('',#3410,#4922);
#4922 = DEFINITIONAL_REPRESENTATION('',(#4923),#4927);
#4923 = LINE('',#4924,#4925);
#4924 = CARTESIAN_POINT('',(0.,-0.));
#4925 = VECTOR('',#4926,1.);
#4926 = DIRECTION('',(0.,1.));
#4927 = ( GEOMETRIC_REPRESENTATION_CONTEXT(2) 
PARAMETRIC_REPRESENTATION_CONTEXT() REPRESENTATION_CONTEXT('2D SPACE',''
  ) );
#4928 = ORIENTED_EDGE('',*,*,#4210,.T.);
#4929 = ORIENTED_EDGE('',*,*,#4908,.T.);
#4930 = ADVANCED_FACE('',(#4931),#3441,.F.);
#4931 = FACE_BOUND('',#4932,.F.);
#4932 = EDGE_LOOP('',(#4933,#4934,#4955,#4956));
#4933 = ORIENTED_EDGE('',*,*,#3424,.F.);
#4934 = ORIENTED_EDGE('',*,*,#4935,.F.);
#4935 = EDGE_CURVE('',#4237,#3425,#4936,.T.);
#4936 = SEAM_CURVE('',#4937,(#4941,#4948),.PCURVE_S1.);
#4937 = LINE('',#4938,#4939);
#4938 = CARTESIAN_POINT('',(-214.75,82.8,200.));
#4939 = VECTOR('',#4940,1.);
#4940 = DIRECTION('',(0.,0.,1.));
#4941 = PCURVE('',#3441,#4942);
#4942 = DEFINITIONAL_REPRESENTATION('',(#4943),#4947);
#4943 = LINE('',#4944,#4945);
#4944 = CARTESIAN_POINT('',(6.28318530718,-0.));
#4945 = VECTOR('',#4946,1.);
#4946 = DIRECTION('',(0.,1.));
#4947 = ( GEOMETRIC_REPRESENTATION_CONTEXT(2) 
PARAMETRIC_REPRESENTATION_CONTEXT() REPRESENTATION_CONTEXT('2D SPACE',''
  ) );
#4948 = PCURVE('',#3441,#4949);
#4949 = DEFINITIONAL_REPRESENTATION('',(#4950),#4954);
#4950 = LINE('',#4951,#4952);
#4951 = CARTESIAN_POINT('',(0.,-0.));
#4952 = VECTOR('',#4953,1.);
#4953 = DIRECTION('',(0.,1.));
#4954 = ( GEOMETRIC_REPRESENTATION_CONTEXT(2) 
PARAMETRIC_REPRESENTATION_CONTEXT() REPRESENTATION_CONTEXT('2D SPACE',''
  ) );
#4955 = ORIENTED_EDGE('',*,*,#4236,.T.);
#4956 = ORIENTED_EDGE('',*,*,#4935,.T.);
#4957 = ADVANCED_FACE('',(#4958),#3472,.F.);
#4958 = FACE_BOUND('',#4959,.F.);
#4959 = EDGE_LOOP('',(#4960,#4961,#4982,#4983));
#4960 = ORIENTED_EDGE('',*,*,#3455,.F.);
#4961 = ORIENTED_EDGE('',*,*,#4962,.F.);
#4962 = EDGE_CURVE('',#4263,#3456,#4963,.T.);
#4963 = SEAM_CURVE('',#4964,(#4968,#4975),.PCURVE_S1.);
#4964 = LINE('',#4965,#4966);
#4965 = CARTESIAN_POINT('',(-214.75,138.,200.));
#4966 = VECTOR('',#4967,1.);
#4967 = DIRECTION('',(0.,0.,1.));
#4968 = PCURVE('',#3472,#4969);
#4969 = DEFINITIONAL_REPRESENTATION('',(#4970),#4974);
#4970 = LINE('',#4971,#4972);
#4971 = CARTESIAN_POINT('',(6.28318530718,-0.));
#4972 = VECTOR('',#4973,1.);
#4973 = DIRECTION('',(0.,1.));
#4974 = ( GEOMETRIC_REPRESENTATION_CONTEXT(2) 
PARAMETRIC_REPRESENTATION_CONTEXT() REPRESENTATION_CONTEXT('2D SPACE',''
  ) );
#4975 = PCURVE('',#3472,#4976);
#4976 = DEFINITIONAL_REPRESENTATION('',(#4977),#4981);
#4977 = LINE('',#4978,#4979);
#4978 = CARTESIAN_POINT('',(0.,-0.));
#4979 = VECTOR('',#4980,1.);
#4980 = DIRECTION('',(0.,1.));
#4981 = ( GEOMETRIC_REPRESENTATION_CONTEXT(2) 
PARAMETRIC_REPRESENTATION_CONTEXT() REPRESENTATION_CONTEXT('2D SPACE',''
  ) );
#4982 = ORIENTED_EDGE('',*,*,#4262,.T.);
#4983 = ORIENTED_EDGE('',*,*,#4962,.T.);
#4984 = ADVANCED_FACE('',(#4985),#3503,.F.);
#4985 = FACE_BOUND('',#4986,.F.);
#4986 = EDGE_LOOP('',(#4987,#4988,#5009,#5010));
#4987 = ORIENTED_EDGE('',*,*,#3486,.F.);
#4988 = ORIENTED_EDGE('',*,*,#4989,.F.);
#4989 = EDGE_CURVE('',#4289,#3487,#4990,.T.);
#4990 = SEAM_CURVE('',#4991,(#4995,#5002),.PCURVE_S1.);
#4991 = LINE('',#4992,#4993);
#4992 = CARTESIAN_POINT('',(-160.25,138.,200.));
#4993 = VECTOR('',#4994,1.);
#4994 = DIRECTION('',(0.,0.,1.));
#4995 = PCURVE('',#3503,#4996);
#4996 = DEFINITIONAL_REPRESENTATION('',(#4997),#5001);
#4997 = LINE('',#4998,#4999);
#4998 = CARTESIAN_POINT('',(6.28318530718,-0.));
#4999 = VECTOR('',#5000,1.);
#5000 = DIRECTION('',(0.,1.));
#5001 = ( GEOMETRIC_REPRESENTATION_CONTEXT(2) 
PARAMETRIC_REPRESENTATION_CONTEXT() REPRESENTATION_CONTEXT('2D SPACE',''
  ) );
#5002 = PCURVE('',#3503,#5003);
#5003 = DEFINITIONAL_REPRESENTATION('',(#5004),#5008);
#5004 = LINE('',#5005,#5006);
#5005 = CARTESIAN_POINT('',(0.,-0.));
#5006 = VECTOR('',#5007,1.);
#5007 = DIRECTION('',(0.,1.));
#5008 = ( GEOMETRIC_REPRESENTATION_CONTEXT(2) 
PARAMETRIC_REPRESENTATION_CONTEXT() REPRESENTATION_CONTEXT('2D SPACE',''
  ) );
#5009 = ORIENTED_EDGE('',*,*,#4288,.T.);
#5010 = ORIENTED_EDGE('',*,*,#4989,.T.);
#5011 = ADVANCED_FACE('',(#5012),#3534,.F.);
#5012 = FACE_BOUND('',#5013,.F.);
#5013 = EDGE_LOOP('',(#5014,#5015,#5036,#5037));
#5014 = ORIENTED_EDGE('',*,*,#3517,.F.);
#5015 = ORIENTED_EDGE('',*,*,#5016,.F.);
#5016 = EDGE_CURVE('',#4315,#3518,#5017,.T.);
#5017 = SEAM_CURVE('',#5018,(#5022,#5029),.PCURVE_S1.);
#5018 = LINE('',#5019,#5020);
#5019 = CARTESIAN_POINT('',(-105.75,138.,200.));
#5020 = VECTOR('',#5021,1.);
#5021 = DIRECTION('',(0.,0.,1.));
#5022 = PCURVE('',#3534,#5023);
#5023 = DEFINITIONAL_REPRESENTATION('',(#5024),#5028);
#5024 = LINE('',#5025,#5026);
#5025 = CARTESIAN_POINT('',(6.28318530718,-0.));
#5026 = VECTOR('',#5027,1.);
#5027 = DIRECTION('',(0.,1.));
#5028 = ( GEOMETRIC_REPRESENTATION_CONTEXT(2) 
PARAMETRIC_REPRESENTATION_CONTEXT() REPRESENTATION_CONTEXT('2D SPACE',''
  ) );
#5029 = PCURVE('',#3534,#5030);
#5030 = DEFINITIONAL_REPRESENTATION('',(#5031),#5035);
#5031 = LINE('',#5032,#5033);
#5032 = CARTESIAN_POINT('',(0.,-0.));
#5033 = VECTOR('',#5034,1.);
#5034 = DIRECTION('',(0.,1.));
#5035 = ( GEOMETRIC_REPRESENTATION_CONTEXT(2) 
PARAMETRIC_REPRESENTATION_CONTEXT() REPRESENTATION_CONTEXT('2D SPACE',''
  ) );
#5036 = ORIENTED_EDGE('',*,*,#4314,.T.);
#5037 = ORIENTED_EDGE('',*,*,#5016,.T.);
#5038 = ADVANCED_FACE('',(#5039),#3565,.F.);
#5039 = FACE_BOUND('',#5040,.F.);
#5040 = EDGE_LOOP('',(#5041,#5042,#5063,#5064));
#5041 = ORIENTED_EDGE('',*,*,#3548,.F.);
#5042 = ORIENTED_EDGE('',*,*,#5043,.F.);
#5043 = EDGE_CURVE('',#4341,#3549,#5044,.T.);
#5044 = SEAM_CURVE('',#5045,(#5049,#5056),.PCURVE_S1.);
#5045 = LINE('',#5046,#5047);
#5046 = CARTESIAN_POINT('',(-51.25,138.,200.));
#5047 = VECTOR('',#5048,1.);
#5048 = DIRECTION('',(0.,0.,1.));
#5049 = PCURVE('',#3565,#5050);
#5050 = DEFINITIONAL_REPRESENTATION('',(#5051),#5055);
#5051 = LINE('',#5052,#5053);
#5052 = CARTESIAN_POINT('',(6.28318530718,-0.));
#5053 = VECTOR('',#5054,1.);
#5054 = DIRECTION('',(0.,1.));
#5055 = ( GEOMETRIC_REPRESENTATION_CONTEXT(2) 
PARAMETRIC_REPRESENTATION_CONTEXT() REPRESENTATION_CONTEXT('2D SPACE',''
  ) );
#5056 = PCURVE('',#3565,#5057);
#5057 = DEFINITIONAL_REPRESENTATION('',(#5058),#5062);
#5058 = LINE('',#5059,#5060);
#5059 = CARTESIAN_POINT('',(0.,-0.));
#5060 = VECTOR('',#5061,1.);
#5061 = DIRECTION('',(0.,1.));
#5062 = ( GEOMETRIC_REPRESENTATION_CONTEXT(2) 
PARAMETRIC_REPRESENTATION_CONTEXT() REPRESENTATION_CONTEXT('2D SPACE',''
  ) );
#5063 = ORIENTED_EDGE('',*,*,#4340,.T.);
#5064 = ORIENTED_EDGE('',*,*,#5043,.T.);
#5065 = ADVANCED_FACE('',(#5066),#3596,.F.);
#5066 = FACE_BOUND('',#5067,.F.);
#5067 = EDGE_LOOP('',(#5068,#5069,#5090,#5091));
#5068 = ORIENTED_EDGE('',*,*,#3579,.F.);
#5069 = ORIENTED_EDGE('',*,*,#5070,.F.);
#5070 = EDGE_CURVE('',#4367,#3580,#5071,.T.);
#5071 = SEAM_CURVE('',#5072,(#5076,#5083),.PCURVE_S1.);
#5072 = LINE('',#5073,#5074);
#5073 = CARTESIAN_POINT('',(221.25,27.6,200.));
#5074 = VECTOR('',#5075,1.);
#5075 = DIRECTION('',(0.,0.,1.));
#5076 = PCURVE('',#3596,#5077);
#5077 = DEFINITIONAL_REPRESENTATION('',(#5078),#5082);
#5078 = LINE('',#5079,#5080);
#5079 = CARTESIAN_POINT('',(6.28318530718,-0.));
#5080 = VECTOR('',#5081,1.);
#5081 = DIRECTION('',(0.,1.));
#5082 = ( GEOMETRIC_REPRESENTATION_CONTEXT(2) 
PARAMETRIC_REPRESENTATION_CONTEXT() REPRESENTATION_CONTEXT('2D SPACE',''
  ) );
#5083 = PCURVE('',#3596,#5084);
#5084 = DEFINITIONAL_REPRESENTATION('',(#5085),#5089);
#5085 = LINE('',#5086,#5087);
#5086 = CARTESIAN_POINT('',(0.,-0.));
#5087 = VECTOR('',#5088,1.);
#5088 = DIRECTION('',(0.,1.));
#5089 = ( GEOMETRIC_REPRESENTATION_CONTEXT(2) 
PARAMETRIC_REPRESENTATION_CONTEXT() REPRESENTATION_CONTEXT('2D SPACE',''
  ) );
#5090 = ORIENTED_EDGE('',*,*,#4366,.T.);
#5091 = ORIENTED_EDGE('',*,*,#5070,.T.);
#5092 = ADVANCED_FACE('',(#5093),#3627,.F.);
#5093 = FACE_BOUND('',#5094,.F.);
#5094 = EDGE_LOOP('',(#5095,#5096,#5117,#5118));
#5095 = ORIENTED_EDGE('',*,*,#3610,.F.);
#5096 = ORIENTED_EDGE('',*,*,#5097,.F.);
#5097 = EDGE_CURVE('',#4393,#3611,#5098,.T.);
#5098 = SEAM_CURVE('',#5099,(#5103,#5110),.PCURVE_S1.);
#5099 = LINE('',#5100,#5101);
#5100 = CARTESIAN_POINT('',(3.25,138.,200.));
#5101 = VECTOR('',#5102,1.);
#5102 = DIRECTION('',(0.,0.,1.));
#5103 = PCURVE('',#3627,#5104);
#5104 = DEFINITIONAL_REPRESENTATION('',(#5105),#5109);
#5105 = LINE('',#5106,#5107);
#5106 = CARTESIAN_POINT('',(6.28318530718,-0.));
#5107 = VECTOR('',#5108,1.);
#5108 = DIRECTION('',(0.,1.));
#5109 = ( GEOMETRIC_REPRESENTATION_CONTEXT(2) 
PARAMETRIC_REPRESENTATION_CONTEXT() REPRESENTATION_CONTEXT('2D SPACE',''
  ) );
#5110 = PCURVE('',#3627,#5111);
#5111 = DEFINITIONAL_REPRESENTATION('',(#5112),#5116);
#5112 = LINE('',#5113,#5114);
#5113 = CARTESIAN_POINT('',(0.,-0.));
#5114 = VECTOR('',#5115,1.);
#5115 = DIRECTION('',(0.,1.));
#5116 = ( GEOMETRIC_REPRESENTATION_CONTEXT(2) 
PARAMETRIC_REPRESENTATION_CONTEXT() REPRESENTATION_CONTEXT('2D SPACE',''
  ) );
#5117 = ORIENTED_EDGE('',*,*,#4392,.T.);
#5118 = ORIENTED_EDGE('',*,*,#5097,.T.);
#5119 = ADVANCED_FACE('',(#5120),#3658,.F.);
#5120 = FACE_BOUND('',#5121,.F.);
#5121 = EDGE_LOOP('',(#5122,#5123,#5144,#5145));
#5122 = ORIENTED_EDGE('',*,*,#3641,.F.);
#5123 = ORIENTED_EDGE('',*,*,#5124,.F.);
#5124 = EDGE_CURVE('',#4419,#3642,#5125,.T.);
#5125 = SEAM_CURVE('',#5126,(#5130,#5137),.PCURVE_S1.);
#5126 = LINE('',#5127,#5128);
#5127 = CARTESIAN_POINT('',(57.75,138.,200.));
#5128 = VECTOR('',#5129,1.);
#5129 = DIRECTION('',(0.,0.,1.));
#5130 = PCURVE('',#3658,#5131);
#5131 = DEFINITIONAL_REPRESENTATION('',(#5132),#5136);
#5132 = LINE('',#5133,#5134);
#5133 = CARTESIAN_POINT('',(6.28318530718,-0.));
#5134 = VECTOR('',#5135,1.);
#5135 = DIRECTION('',(0.,1.));
#5136 = ( GEOMETRIC_REPRESENTATION_CONTEXT(2) 
PARAMETRIC_REPRESENTATION_CONTEXT() REPRESENTATION_CONTEXT('2D SPACE',''
  ) );
#5137 = PCURVE('',#3658,#5138);
#5138 = DEFINITIONAL_REPRESENTATION('',(#5139),#5143);
#5139 = LINE('',#5140,#5141);
#5140 = CARTESIAN_POINT('',(0.,-0.));
#5141 = VECTOR('',#5142,1.);
#5142 = DIRECTION('',(0.,1.));
#5143 = ( GEOMETRIC_REPRESENTATION_CONTEXT(2) 
PARAMETRIC_REPRESENTATION_CONTEXT() REPRESENTATION_CONTEXT('2D SPACE',''
  ) );
#5144 = ORIENTED_EDGE('',*,*,#4418,.T.);
#5145 = ORIENTED_EDGE('',*,*,#5124,.T.);
#5146 = ADVANCED_FACE('',(#5147),#3689,.F.);
#5147 = FACE_BOUND('',#5148,.F.);
#5148 = EDGE_LOOP('',(#5149,#5150,#5171,#5172));
#5149 = ORIENTED_EDGE('',*,*,#3672,.F.);
#5150 = ORIENTED_EDGE('',*,*,#5151,.F.);
#5151 = EDGE_CURVE('',#4445,#3673,#5152,.T.);
#5152 = SEAM_CURVE('',#5153,(#5157,#5164),.PCURVE_S1.);
#5153 = LINE('',#5154,#5155);
#5154 = CARTESIAN_POINT('',(112.25,138.,200.));
#5155 = VECTOR('',#5156,1.);
#5156 = DIRECTION('',(0.,0.,1.));
#5157 = PCURVE('',#3689,#5158);
#5158 = DEFINITIONAL_REPRESENTATION('',(#5159),#5163);
#5159 = LINE('',#5160,#5161);
#5160 = CARTESIAN_POINT('',(6.28318530718,-0.));
#5161 = VECTOR('',#5162,1.);
#5162 = DIRECTION('',(0.,1.));
#5163 = ( GEOMETRIC_REPRESENTATION_CONTEXT(2) 
PARAMETRIC_REPRESENTATION_CONTEXT() REPRESENTATION_CONTEXT('2D SPACE',''
  ) );
#5164 = PCURVE('',#3689,#5165);
#5165 = DEFINITIONAL_REPRESENTATION('',(#5166),#5170);
#5166 = LINE('',#5167,#5168);
#5167 = CARTESIAN_POINT('',(0.,-0.));
#5168 = VECTOR('',#5169,1.);
#5169 = DIRECTION('',(0.,1.));
#5170 = ( GEOMETRIC_REPRESENTATION_CONTEXT(2) 
PARAMETRIC_REPRESENTATION_CONTEXT() REPRESENTATION_CONTEXT('2D SPACE',''
  ) );
#5171 = ORIENTED_EDGE('',*,*,#4444,.T.);
#5172 = ORIENTED_EDGE('',*,*,#5151,.T.);
#5173 = ADVANCED_FACE('',(#5174),#3720,.F.);
#5174 = FACE_BOUND('',#5175,.F.);
#5175 = EDGE_LOOP('',(#5176,#5177,#5198,#5199));
#5176 = ORIENTED_EDGE('',*,*,#3703,.F.);
#5177 = ORIENTED_EDGE('',*,*,#5178,.F.);
#5178 = EDGE_CURVE('',#4471,#3704,#5179,.T.);
#5179 = SEAM_CURVE('',#5180,(#5184,#5191),.PCURVE_S1.);
#5180 = LINE('',#5181,#5182);
#5181 = CARTESIAN_POINT('',(221.25,82.8,200.));
#5182 = VECTOR('',#5183,1.);
#5183 = DIRECTION('',(0.,0.,1.));
#5184 = PCURVE('',#3720,#5185);
#5185 = DEFINITIONAL_REPRESENTATION('',(#5186),#5190);
#5186 = LINE('',#5187,#5188);
#5187 = CARTESIAN_POINT('',(6.28318530718,-0.));
#5188 = VECTOR('',#5189,1.);
#5189 = DIRECTION('',(0.,1.));
#5190 = ( GEOMETRIC_REPRESENTATION_CONTEXT(2) 
PARAMETRIC_REPRESENTATION_CONTEXT() REPRESENTATION_CONTEXT('2D SPACE',''
  ) );
#5191 = PCURVE('',#3720,#5192);
#5192 = DEFINITIONAL_REPRESENTATION('',(#5193),#5197);
#5193 = LINE('',#5194,#5195);
#5194 = CARTESIAN_POINT('',(0.,-0.));
#5195 = VECTOR('',#5196,1.);
#5196 = DIRECTION('',(0.,1.));
#5197 = ( GEOMETRIC_REPRESENTATION_CONTEXT(2) 
PARAMETRIC_REPRESENTATION_CONTEXT() REPRESENTATION_CONTEXT('2D SPACE',''
  ) );
#5198 = ORIENTED_EDGE('',*,*,#4470,.T.);
#5199 = ORIENTED_EDGE('',*,*,#5178,.T.);
#5200 = ADVANCED_FACE('',(#5201),#3751,.F.);
#5201 = FACE_BOUND('',#5202,.F.);
#5202 = EDGE_LOOP('',(#5203,#5204,#5225,#5226));
#5203 = ORIENTED_EDGE('',*,*,#3734,.F.);
#5204 = ORIENTED_EDGE('',*,*,#5205,.F.);
#5205 = EDGE_CURVE('',#4497,#3735,#5206,.T.);
#5206 = SEAM_CURVE('',#5207,(#5211,#5218),.PCURVE_S1.);
#5207 = LINE('',#5208,#5209);
#5208 = CARTESIAN_POINT('',(166.75,138.,200.));
#5209 = VECTOR('',#5210,1.);
#5210 = DIRECTION('',(0.,0.,1.));
#5211 = PCURVE('',#3751,#5212);
#5212 = DEFINITIONAL_REPRESENTATION('',(#5213),#5217);
#5213 = LINE('',#5214,#5215);
#5214 = CARTESIAN_POINT('',(6.28318530718,-0.));
#5215 = VECTOR('',#5216,1.);
#5216 = DIRECTION('',(0.,1.));
#5217 = ( GEOMETRIC_REPRESENTATION_CONTEXT(2) 
PARAMETRIC_REPRESENTATION_CONTEXT() REPRESENTATION_CONTEXT('2D SPACE',''
  ) );
#5218 = PCURVE('',#3751,#5219);
#5219 = DEFINITIONAL_REPRESENTATION('',(#5220),#5224);
#5220 = LINE('',#5221,#5222);
#5221 = CARTESIAN_POINT('',(0.,-0.));
#5222 = VECTOR('',#5223,1.);
#5223 = DIRECTION('',(0.,1.));
#5224 = ( GEOMETRIC_REPRESENTATION_CONTEXT(2) 
PARAMETRIC_REPRESENTATION_CONTEXT() REPRESENTATION_CONTEXT('2D SPACE',''
  ) );
#5225 = ORIENTED_EDGE('',*,*,#4496,.T.);
#5226 = ORIENTED_EDGE('',*,*,#5205,.T.);
#5227 = ADVANCED_FACE('',(#5228),#3782,.F.);
#5228 = FACE_BOUND('',#5229,.F.);
#5229 = EDGE_LOOP('',(#5230,#5231,#5252,#5253));
#5230 = ORIENTED_EDGE('',*,*,#3765,.F.);
#5231 = ORIENTED_EDGE('',*,*,#5232,.F.);
#5232 = EDGE_CURVE('',#4523,#3766,#5233,.T.);
#5233 = SEAM_CURVE('',#5234,(#5238,#5245),.PCURVE_S1.);
#5234 = LINE('',#5235,#5236);
#5235 = CARTESIAN_POINT('',(221.25,138.,200.));
#5236 = VECTOR('',#5237,1.);
#5237 = DIRECTION('',(0.,0.,1.));
#5238 = PCURVE('',#3782,#5239);
#5239 = DEFINITIONAL_REPRESENTATION('',(#5240),#5244);
#5240 = LINE('',#5241,#5242);
#5241 = CARTESIAN_POINT('',(6.28318530718,-0.));
#5242 = VECTOR('',#5243,1.);
#5243 = DIRECTION('',(0.,1.));
#5244 = ( GEOMETRIC_REPRESENTATION_CONTEXT(2) 
PARAMETRIC_REPRESENTATION_CONTEXT() REPRESENTATION_CONTEXT('2D SPACE',''
  ) );
#5245 = PCURVE('',#3782,#5246);
#5246 = DEFINITIONAL_REPRESENTATION('',(#5247),#5251);
#5247 = LINE('',#5248,#5249);
#5248 = CARTESIAN_POINT('',(0.,-0.));
#5249 = VECTOR('',#5250,1.);
#5250 = DIRECTION('',(0.,1.));
#5251 = ( GEOMETRIC_REPRESENTATION_CONTEXT(2) 
PARAMETRIC_REPRESENTATION_CONTEXT() REPRESENTATION_CONTEXT('2D SPACE',''
  ) );
#5252 = ORIENTED_EDGE('',*,*,#4522,.T.);
#5253 = ORIENTED_EDGE('',*,*,#5232,.T.);
#5254 = ( GEOMETRIC_REPRESENTATION_CONTEXT(3) 
GLOBAL_UNCERTAINTY_ASSIGNED_CONTEXT((#5258)) 
GLOBAL_UNIT_ASSIGNED_CONTEXT((#5255,#5256,#5257)) REPRESENTATION_CONTEXT
('Context #1','3D Context with UNIT and UNCERTAINTY') );
#5255 = ( LENGTH_UNIT() NAMED_UNIT(*) SI_UNIT(.MILLI.,.METRE.) );
#5256 = ( NAMED_UNIT(*) PLANE_ANGLE_UNIT() SI_UNIT($,.RADIAN.) );
#5257 = ( NAMED_UNIT(*) SI_UNIT($,.STERADIAN.) SOLID_ANGLE_UNIT() );
#5258 = UNCERTAINTY_MEASURE_WITH_UNIT(LENGTH_MEASURE(1.E-07),#5255,
  'distance_accuracy_value','confusion accuracy');
#5259 = CONTEXT_DEPENDENT_SHAPE_REPRESENTATION(#5260,#5262);
#5260 = ( REPRESENTATION_RELATIONSHIP('','',#2739,#10) 
REPRESENTATION_RELATIONSHIP_WITH_TRANSFORMATION(#5261) 
SHAPE_REPRESENTATION_RELATIONSHIP() );
#5261 = ITEM_DEFINED_TRANSFORMATION('','',#11,#19);
#5262 = PRODUCT_DEFINITION_SHAPE('Placement','Placement of an item',
  #5263);
#5263 = NEXT_ASSEMBLY_USAGE_OCCURRENCE('9','=>[0:1:1:3]','',#5,#2734,$);
#5264 = PRODUCT_RELATED_PRODUCT_CATEGORY('part',$,(#2736));
#5265 = SHAPE_DEFINITION_REPRESENTATION(#5266,#5272);
#5266 = PRODUCT_DEFINITION_SHAPE('','',#5267);
#5267 = PRODUCT_DEFINITION('design','',#5268,#5271);
#5268 = PRODUCT_DEFINITION_FORMATION('','',#5269);
#5269 = PRODUCT('COMPOUND','COMPOUND','',(#5270));
#5270 = PRODUCT_CONTEXT('',#2,'mechanical');
#5271 = PRODUCT_DEFINITION_CONTEXT('part definition',#2,'design');
#5272 = ADVANCED_BREP_SHAPE_REPRESENTATION('',(#11,#5273),#5603);
#5273 = MANIFOLD_SOLID_BREP('',#5274);
#5274 = CLOSED_SHELL('',(#5275,#5395,#5495,#5542,#5589,#5596));
#5275 = ADVANCED_FACE('',(#5276),#5290,.F.);
#5276 = FACE_BOUND('',#5277,.F.);
#5277 = EDGE_LOOP('',(#5278,#5313,#5341,#5369));
#5278 = ORIENTED_EDGE('',*,*,#5279,.F.);
#5279 = EDGE_CURVE('',#5280,#5282,#5284,.T.);
#5280 = VERTEX_POINT('',#5281);
#5281 = CARTESIAN_POINT('',(-230.,-3.,0.));
#5282 = VERTEX_POINT('',#5283);
#5283 = CARTESIAN_POINT('',(-230.,-3.,200.));
#5284 = SURFACE_CURVE('',#5285,(#5289,#5301),.PCURVE_S1.);
#5285 = LINE('',#5286,#5287);
#5286 = CARTESIAN_POINT('',(-230.,-3.,0.));
#5287 = VECTOR('',#5288,1.);
#5288 = DIRECTION('',(0.,0.,1.));
#5289 = PCURVE('',#5290,#5295);
#5290 = PLANE('',#5291);
#5291 = AXIS2_PLACEMENT_3D('',#5292,#5293,#5294);
#5292 = CARTESIAN_POINT('',(-230.,-3.,0.));
#5293 = DIRECTION('',(1.,0.,-0.));
#5294 = DIRECTION('',(0.,0.,1.));
#5295 = DEFINITIONAL_REPRESENTATION('',(#5296),#5300);
#5296 = LINE('',#5297,#5298);
#5297 = CARTESIAN_POINT('',(0.,0.));
#5298 = VECTOR('',#5299,1.);
#5299 = DIRECTION('',(1.,0.));
#5300 = ( GEOMETRIC_REPRESENTATION_CONTEXT(2) 
PARAMETRIC_REPRESENTATION_CONTEXT() REPRESENTATION_CONTEXT('2D SPACE',''
  ) );
#5301 = PCURVE('',#5302,#5307);
#5302 = PLANE('',#5303);
#5303 = AXIS2_PLACEMENT_3D('',#5304,#5305,#5306);
#5304 = CARTESIAN_POINT('',(-230.,-3.,0.));
#5305 = DIRECTION('',(-0.,1.,0.));
#5306 = DIRECTION('',(0.,0.,1.));
#5307 = DEFINITIONAL_REPRESENTATION('',(#5308),#5312);
#5308 = LINE('',#5309,#5310);
#5309 = CARTESIAN_POINT('',(0.,0.));
#5310 = VECTOR('',#5311,1.);
#5311 = DIRECTION('',(1.,0.));
#5312 = ( GEOMETRIC_REPRESENTATION_CONTEXT(2) 
PARAMETRIC_REPRESENTATION_CONTEXT() REPRESENTATION_CONTEXT('2D SPACE',''
  ) );
#5313 = ORIENTED_EDGE('',*,*,#5314,.T.);
#5314 = EDGE_CURVE('',#5280,#5315,#5317,.T.);
#5315 = VERTEX_POINT('',#5316);
#5316 = CARTESIAN_POINT('',(-230.,3.,0.));
#5317 = SURFACE_CURVE('',#5318,(#5322,#5329),.PCURVE_S1.);
#5318 = LINE('',#5319,#5320);
#5319 = CARTESIAN_POINT('',(-230.,-3.,0.));
#5320 = VECTOR('',#5321,1.);
#5321 = DIRECTION('',(-0.,1.,0.));
#5322 = PCURVE('',#5290,#5323);
#5323 = DEFINITIONAL_REPRESENTATION('',(#5324),#5328);
#5324 = LINE('',#5325,#5326);
#5325 = CARTESIAN_POINT('',(0.,0.));
#5326 = VECTOR('',#5327,1.);
#5327 = DIRECTION('',(0.,-1.));
#5328 = ( GEOMETRIC_REPRESENTATION_CONTEXT(2) 
PARAMETRIC_REPRESENTATION_CONTEXT() REPRESENTATION_CONTEXT('2D SPACE',''
  ) );
#5329 = PCURVE('',#5330,#5335);
#5330 = PLANE('',#5331);
#5331 = AXIS2_PLACEMENT_3D('',#5332,#5333,#5334);
#5332 = CARTESIAN_POINT('',(-230.,-3.,0.));
#5333 = DIRECTION('',(0.,0.,1.));
#5334 = DIRECTION('',(1.,0.,-0.));
#5335 = DEFINITIONAL_REPRESENTATION('',(#5336),#5340);
#5336 = LINE('',#5337,#5338);
#5337 = CARTESIAN_POINT('',(0.,0.));
#5338 = VECTOR('',#5339,1.);
#5339 = DIRECTION('',(0.,1.));
#5340 = ( GEOMETRIC_REPRESENTATION_CONTEXT(2) 
PARAMETRIC_REPRESENTATION_CONTEXT() REPRESENTATION_CONTEXT('2D SPACE',''
  ) );
#5341 = ORIENTED_EDGE('',*,*,#5342,.T.);
#5342 = EDGE_CURVE('',#5315,#5343,#5345,.T.);
#5343 = VERTEX_POINT('',#5344);
#5344 = CARTESIAN_POINT('',(-230.,3.,200.));
#5345 = SURFACE_CURVE('',#5346,(#5350,#5357),.PCURVE_S1.);
#5346 = LINE('',#5347,#5348);
#5347 = CARTESIAN_POINT('',(-230.,3.,0.));
#5348 = VECTOR('',#5349,1.);
#5349 = DIRECTION('',(0.,0.,1.));
#5350 = PCURVE('',#5290,#5351);
#5351 = DEFINITIONAL_REPRESENTATION('',(#5352),#5356);
#5352 = LINE('',#5353,#5354);
#5353 = CARTESIAN_POINT('',(0.,-6.));
#5354 = VECTOR('',#5355,1.);
#5355 = DIRECTION('',(1.,0.));
#5356 = ( GEOMETRIC_REPRESENTATION_CONTEXT(2) 
PARAMETRIC_REPRESENTATION_CONTEXT() REPRESENTATION_CONTEXT('2D SPACE',''
  ) );
#5357 = PCURVE('',#5358,#5363);
#5358 = PLANE('',#5359);
#5359 = AXIS2_PLACEMENT_3D('',#5360,#5361,#5362);
#5360 = CARTESIAN_POINT('',(-230.,3.,0.));
#5361 = DIRECTION('',(-0.,1.,0.));
#5362 = DIRECTION('',(0.,0.,1.));
#5363 = DEFINITIONAL_REPRESENTATION('',(#5364),#5368);
#5364 = LINE('',#5365,#5366);
#5365 = CARTESIAN_POINT('',(0.,0.));
#5366 = VECTOR('',#5367,1.);
#5367 = DIRECTION('',(1.,0.));
#5368 = ( GEOMETRIC_REPRESENTATION_CONTEXT(2) 
PARAMETRIC_REPRESENTATION_CONTEXT() REPRESENTATION_CONTEXT('2D SPACE',''
  ) );
#5369 = ORIENTED_EDGE('',*,*,#5370,.F.);
#5370 = EDGE_CURVE('',#5282,#5343,#5371,.T.);
#5371 = SURFACE_CURVE('',#5372,(#5376,#5383),.PCURVE_S1.);
#5372 = LINE('',#5373,#5374);
#5373 = CARTESIAN_POINT('',(-230.,-3.,200.));
#5374 = VECTOR('',#5375,1.);
#5375 = DIRECTION('',(-0.,1.,0.));
#5376 = PCURVE('',#5290,#5377);
#5377 = DEFINITIONAL_REPRESENTATION('',(#5378),#5382);
#5378 = LINE('',#5379,#5380);
#5379 = CARTESIAN_POINT('',(200.,0.));
#5380 = VECTOR('',#5381,1.);
#5381 = DIRECTION('',(0.,-1.));
#5382 = ( GEOMETRIC_REPRESENTATION_CONTEXT(2) 
PARAMETRIC_REPRESENTATION_CONTEXT() REPRESENTATION_CONTEXT('2D SPACE',''
  ) );
#5383 = PCURVE('',#5384,#5389);
#5384 = PLANE('',#5385);
#5385 = AXIS2_PLACEMENT_3D('',#5386,#5387,#5388);
#5386 = CARTESIAN_POINT('',(-230.,-3.,200.));
#5387 = DIRECTION('',(0.,0.,1.));
#5388 = DIRECTION('',(1.,0.,-0.));
#5389 = DEFINITIONAL_REPRESENTATION('',(#5390),#5394);
#5390 = LINE('',#5391,#5392);
#5391 = CARTESIAN_POINT('',(0.,0.));
#5392 = VECTOR('',#5393,1.);
#5393 = DIRECTION('',(0.,1.));
#5394 = ( GEOMETRIC_REPRESENTATION_CONTEXT(2) 
PARAMETRIC_REPRESENTATION_CONTEXT() REPRESENTATION_CONTEXT('2D SPACE',''
  ) );
#5395 = ADVANCED_FACE('',(#5396),#5410,.T.);
#5396 = FACE_BOUND('',#5397,.T.);
#5397 = EDGE_LOOP('',(#5398,#5428,#5451,#5474));
#5398 = ORIENTED_EDGE('',*,*,#5399,.F.);
#5399 = EDGE_CURVE('',#5400,#5402,#5404,.T.);
#5400 = VERTEX_POINT('',#5401);
#5401 = CARTESIAN_POINT('',(230.,-3.,0.));
#5402 = VERTEX_POINT('',#5403);
#5403 = CARTESIAN_POINT('',(230.,-3.,200.));
#5404 = SURFACE_CURVE('',#5405,(#5409,#5421),.PCURVE_S1.);
#5405 = LINE('',#5406,#5407);
#5406 = CARTESIAN_POINT('',(230.,-3.,0.));
#5407 = VECTOR('',#5408,1.);
#5408 = DIRECTION('',(0.,0.,1.));
#5409 = PCURVE('',#5410,#5415);
#5410 = PLANE('',#5411);
#5411 = AXIS2_PLACEMENT_3D('',#5412,#5413,#5414);
#5412 = CARTESIAN_POINT('',(230.,-3.,0.));
#5413 = DIRECTION('',(1.,0.,-0.));
#5414 = DIRECTION('',(0.,0.,1.));
#5415 = DEFINITIONAL_REPRESENTATION('',(#5416),#5420);
#5416 = LINE('',#5417,#5418);
#5417 = CARTESIAN_POINT('',(0.,0.));
#5418 = VECTOR('',#5419,1.);
#5419 = DIRECTION('',(1.,0.));
#5420 = ( GEOMETRIC_REPRESENTATION_CONTEXT(2) 
PARAMETRIC_REPRESENTATION_CONTEXT() REPRESENTATION_CONTEXT('2D SPACE',''
  ) );
#5421 = PCURVE('',#5302,#5422);
#5422 = DEFINITIONAL_REPRESENTATION('',(#5423),#5427);
#5423 = LINE('',#5424,#5425);
#5424 = CARTESIAN_POINT('',(0.,460.));
#5425 = VECTOR('',#5426,1.);
#5426 = DIRECTION('',(1.,0.));
#5427 = ( GEOMETRIC_REPRESENTATION_CONTEXT(2) 
PARAMETRIC_REPRESENTATION_CONTEXT() REPRESENTATION_CONTEXT('2D SPACE',''
  ) );
#5428 = ORIENTED_EDGE('',*,*,#5429,.T.);
#5429 = EDGE_CURVE('',#5400,#5430,#5432,.T.);
#5430 = VERTEX_POINT('',#5431);
#5431 = CARTESIAN_POINT('',(230.,3.,0.));
#5432 = SURFACE_CURVE('',#5433,(#5437,#5444),.PCURVE_S1.);
#5433 = LINE('',#5434,#5435);
#5434 = CARTESIAN_POINT('',(230.,-3.,0.));
#5435 = VECTOR('',#5436,1.);
#5436 = DIRECTION('',(-0.,1.,0.));
#5437 = PCURVE('',#5410,#5438);
#5438 = DEFINITIONAL_REPRESENTATION('',(#5439),#5443);
#5439 = LINE('',#5440,#5441);
#5440 = CARTESIAN_POINT('',(0.,0.));
#5441 = VECTOR('',#5442,1.);
#5442 = DIRECTION('',(0.,-1.));
#5443 = ( GEOMETRIC_REPRESENTATION_CONTEXT(2) 
PARAMETRIC_REPRESENTATION_CONTEXT() REPRESENTATION_CONTEXT('2D SPACE',''
  ) );
#5444 = PCURVE('',#5330,#5445);
#5445 = DEFINITIONAL_REPRESENTATION('',(#5446),#5450);
#5446 = LINE('',#5447,#5448);
#5447 = CARTESIAN_POINT('',(460.,0.));
#5448 = VECTOR('',#5449,1.);
#5449 = DIRECTION('',(0.,1.));
#5450 = ( GEOMETRIC_REPRESENTATION_CONTEXT(2) 
PARAMETRIC_REPRESENTATION_CONTEXT() REPRESENTATION_CONTEXT('2D SPACE',''
  ) );
#5451 = ORIENTED_EDGE('',*,*,#5452,.T.);
#5452 = EDGE_CURVE('',#5430,#5453,#5455,.T.);
#5453 = VERTEX_POINT('',#5454);
#5454 = CARTESIAN_POINT('',(230.,3.,200.));
#5455 = SURFACE_CURVE('',#5456,(#5460,#5467),.PCURVE_S1.);
#5456 = LINE('',#5457,#5458);
#5457 = CARTESIAN_POINT('',(230.,3.,0.));
#5458 = VECTOR('',#5459,1.);
#5459 = DIRECTION('',(0.,0.,1.));
#5460 = PCURVE('',#5410,#5461);
#5461 = DEFINITIONAL_REPRESENTATION('',(#5462),#5466);
#5462 = LINE('',#5463,#5464);
#5463 = CARTESIAN_POINT('',(0.,-6.));
#5464 = VECTOR('',#5465,1.);
#5465 = DIRECTION('',(1.,0.));
#5466 = ( GEOMETRIC_REPRESENTATION_CONTEXT(2) 
PARAMETRIC_REPRESENTATION_CONTEXT() REPRESENTATION_CONTEXT('2D SPACE',''
  ) );
#5467 = PCURVE('',#5358,#5468);
#5468 = DEFINITIONAL_REPRESENTATION('',(#5469),#5473);
#5469 = LINE('',#5470,#5471);
#5470 = CARTESIAN_POINT('',(0.,460.));
#5471 = VECTOR('',#5472,1.);
#5472 = DIRECTION('',(1.,0.));
#5473 = ( GEOMETRIC_REPRESENTATION_CONTEXT(2) 
PARAMETRIC_REPRESENTATION_CONTEXT() REPRESENTATION_CONTEXT('2D SPACE',''
  ) );
#5474 = ORIENTED_EDGE('',*,*,#5475,.F.);
#5475 = EDGE_CURVE('',#5402,#5453,#5476,.T.);
#5476 = SURFACE_CURVE('',#5477,(#5481,#5488),.PCURVE_S1.);
#5477 = LINE('',#5478,#5479);
#5478 = CARTESIAN_POINT('',(230.,-3.,200.));
#5479 = VECTOR('',#5480,1.);
#5480 = DIRECTION('',(-0.,1.,0.));
#5481 = PCURVE('',#5410,#5482);
#5482 = DEFINITIONAL_REPRESENTATION('',(#5483),#5487);
#5483 = LINE('',#5484,#5485);
#5484 = CARTESIAN_POINT('',(200.,0.));
#5485 = VECTOR('',#5486,1.);
#5486 = DIRECTION('',(0.,-1.));
#5487 = ( GEOMETRIC_REPRESENTATION_CONTEXT(2) 
PARAMETRIC_REPRESENTATION_CONTEXT() REPRESENTATION_CONTEXT('2D SPACE',''
  ) );
#5488 = PCURVE('',#5384,#5489);
#5489 = DEFINITIONAL_REPRESENTATION('',(#5490),#5494);
#5490 = LINE('',#5491,#5492);
#5491 = CARTESIAN_POINT('',(460.,0.));
#5492 = VECTOR('',#5493,1.);
#5493 = DIRECTION('',(0.,1.));
#5494 = ( GEOMETRIC_REPRESENTATION_CONTEXT(2) 
PARAMETRIC_REPRESENTATION_CONTEXT() REPRESENTATION_CONTEXT('2D SPACE',''
  ) );
#5495 = ADVANCED_FACE('',(#5496),#5302,.F.);
#5496 = FACE_BOUND('',#5497,.F.);
#5497 = EDGE_LOOP('',(#5498,#5519,#5520,#5541));
#5498 = ORIENTED_EDGE('',*,*,#5499,.F.);
#5499 = EDGE_CURVE('',#5280,#5400,#5500,.T.);
#5500 = SURFACE_CURVE('',#5501,(#5505,#5512),.PCURVE_S1.);
#5501 = LINE('',#5502,#5503);
#5502 = CARTESIAN_POINT('',(-230.,-3.,0.));
#5503 = VECTOR('',#5504,1.);
#5504 = DIRECTION('',(1.,0.,-0.));
#5505 = PCURVE('',#5302,#5506);
#5506 = DEFINITIONAL_REPRESENTATION('',(#5507),#5511);
#5507 = LINE('',#5508,#5509);
#5508 = CARTESIAN_POINT('',(0.,0.));
#5509 = VECTOR('',#5510,1.);
#5510 = DIRECTION('',(0.,1.));
#5511 = ( GEOMETRIC_REPRESENTATION_CONTEXT(2) 
PARAMETRIC_REPRESENTATION_CONTEXT() REPRESENTATION_CONTEXT('2D SPACE',''
  ) );
#5512 = PCURVE('',#5330,#5513);
#5513 = DEFINITIONAL_REPRESENTATION('',(#5514),#5518);
#5514 = LINE('',#5515,#5516);
#5515 = CARTESIAN_POINT('',(0.,0.));
#5516 = VECTOR('',#5517,1.);
#5517 = DIRECTION('',(1.,0.));
#5518 = ( GEOMETRIC_REPRESENTATION_CONTEXT(2) 
PARAMETRIC_REPRESENTATION_CONTEXT() REPRESENTATION_CONTEXT('2D SPACE',''
  ) );
#5519 = ORIENTED_EDGE('',*,*,#5279,.T.);
#5520 = ORIENTED_EDGE('',*,*,#5521,.T.);
#5521 = EDGE_CURVE('',#5282,#5402,#5522,.T.);
#5522 = SURFACE_CURVE('',#5523,(#5527,#5534),.PCURVE_S1.);
#5523 = LINE('',#5524,#5525);
#5524 = CARTESIAN_POINT('',(-230.,-3.,200.));
#5525 = VECTOR('',#5526,1.);
#5526 = DIRECTION('',(1.,0.,-0.));
#5527 = PCURVE('',#5302,#5528);
#5528 = DEFINITIONAL_REPRESENTATION('',(#5529),#5533);
#5529 = LINE('',#5530,#5531);
#5530 = CARTESIAN_POINT('',(200.,0.));
#5531 = VECTOR('',#5532,1.);
#5532 = DIRECTION('',(0.,1.));
#5533 = ( GEOMETRIC_REPRESENTATION_CONTEXT(2) 
PARAMETRIC_REPRESENTATION_CONTEXT() REPRESENTATION_CONTEXT('2D SPACE',''
  ) );
#5534 = PCURVE('',#5384,#5535);
#5535 = DEFINITIONAL_REPRESENTATION('',(#5536),#5540);
#5536 = LINE('',#5537,#5538);
#5537 = CARTESIAN_POINT('',(0.,0.));
#5538 = VECTOR('',#5539,1.);
#5539 = DIRECTION('',(1.,0.));
#5540 = ( GEOMETRIC_REPRESENTATION_CONTEXT(2) 
PARAMETRIC_REPRESENTATION_CONTEXT() REPRESENTATION_CONTEXT('2D SPACE',''
  ) );
#5541 = ORIENTED_EDGE('',*,*,#5399,.F.);
#5542 = ADVANCED_FACE('',(#5543),#5358,.T.);
#5543 = FACE_BOUND('',#5544,.T.);
#5544 = EDGE_LOOP('',(#5545,#5566,#5567,#5588));
#5545 = ORIENTED_EDGE('',*,*,#5546,.F.);
#5546 = EDGE_CURVE('',#5315,#5430,#5547,.T.);
#5547 = SURFACE_CURVE('',#5548,(#5552,#5559),.PCURVE_S1.);
#5548 = LINE('',#5549,#5550);
#5549 = CARTESIAN_POINT('',(-230.,3.,0.));
#5550 = VECTOR('',#5551,1.);
#5551 = DIRECTION('',(1.,0.,-0.));
#5552 = PCURVE('',#5358,#5553);
#5553 = DEFINITIONAL_REPRESENTATION('',(#5554),#5558);
#5554 = LINE('',#5555,#5556);
#5555 = CARTESIAN_POINT('',(0.,0.));
#5556 = VECTOR('',#5557,1.);
#5557 = DIRECTION('',(0.,1.));
#5558 = ( GEOMETRIC_REPRESENTATION_CONTEXT(2) 
PARAMETRIC_REPRESENTATION_CONTEXT() REPRESENTATION_CONTEXT('2D SPACE',''
  ) );
#5559 = PCURVE('',#5330,#5560);
#5560 = DEFINITIONAL_REPRESENTATION('',(#5561),#5565);
#5561 = LINE('',#5562,#5563);
#5562 = CARTESIAN_POINT('',(0.,6.));
#5563 = VECTOR('',#5564,1.);
#5564 = DIRECTION('',(1.,0.));
#5565 = ( GEOMETRIC_REPRESENTATION_CONTEXT(2) 
PARAMETRIC_REPRESENTATION_CONTEXT() REPRESENTATION_CONTEXT('2D SPACE',''
  ) );
#5566 = ORIENTED_EDGE('',*,*,#5342,.T.);
#5567 = ORIENTED_EDGE('',*,*,#5568,.T.);
#5568 = EDGE_CURVE('',#5343,#5453,#5569,.T.);
#5569 = SURFACE_CURVE('',#5570,(#5574,#5581),.PCURVE_S1.);
#5570 = LINE('',#5571,#5572);
#5571 = CARTESIAN_POINT('',(-230.,3.,200.));
#5572 = VECTOR('',#5573,1.);
#5573 = DIRECTION('',(1.,0.,-0.));
#5574 = PCURVE('',#5358,#5575);
#5575 = DEFINITIONAL_REPRESENTATION('',(#5576),#5580);
#5576 = LINE('',#5577,#5578);
#5577 = CARTESIAN_POINT('',(200.,0.));
#5578 = VECTOR('',#5579,1.);
#5579 = DIRECTION('',(0.,1.));
#5580 = ( GEOMETRIC_REPRESENTATION_CONTEXT(2) 
PARAMETRIC_REPRESENTATION_CONTEXT() REPRESENTATION_CONTEXT('2D SPACE',''
  ) );
#5581 = PCURVE('',#5384,#5582);
#5582 = DEFINITIONAL_REPRESENTATION('',(#5583),#5587);
#5583 = LINE('',#5584,#5585);
#5584 = CARTESIAN_POINT('',(0.,6.));
#5585 = VECTOR('',#5586,1.);
#5586 = DIRECTION('',(1.,0.));
#5587 = ( GEOMETRIC_REPRESENTATION_CONTEXT(2) 
PARAMETRIC_REPRESENTATION_CONTEXT() REPRESENTATION_CONTEXT('2D SPACE',''
  ) );
#5588 = ORIENTED_EDGE('',*,*,#5452,.F.);
#5589 = ADVANCED_FACE('',(#5590),#5330,.F.);
#5590 = FACE_BOUND('',#5591,.F.);
#5591 = EDGE_LOOP('',(#5592,#5593,#5594,#5595));
#5592 = ORIENTED_EDGE('',*,*,#5314,.F.);
#5593 = ORIENTED_EDGE('',*,*,#5499,.T.);
#5594 = ORIENTED_EDGE('',*,*,#5429,.T.);
#5595 = ORIENTED_EDGE('',*,*,#5546,.F.);
#5596 = ADVANCED_FACE('',(#5597),#5384,.T.);
#5597 = FACE_BOUND('',#5598,.T.);
#5598 = EDGE_LOOP('',(#5599,#5600,#5601,#5602));
#5599 = ORIENTED_EDGE('',*,*,#5370,.F.);
#5600 = ORIENTED_EDGE('',*,*,#5521,.T.);
#5601 = ORIENTED_EDGE('',*,*,#5475,.T.);
#5602 = ORIENTED_EDGE('',*,*,#5568,.F.);
#5603 = ( GEOMETRIC_REPRESENTATION_CONTEXT(3) 
GLOBAL_UNCERTAINTY_ASSIGNED_CONTEXT((#5607)) 
GLOBAL_UNIT_ASSIGNED_CONTEXT((#5604,#5605,#5606)) REPRESENTATION_CONTEXT
('Context #1','3D Context with UNIT and UNCERTAINTY') );
#5604 = ( LENGTH_UNIT() NAMED_UNIT(*) SI_UNIT(.MILLI.,.METRE.) );
#5605 = ( NAMED_UNIT(*) PLANE_ANGLE_UNIT() SI_UNIT($,.RADIAN.) );
#5606 = ( NAMED_UNIT(*) SI_UNIT($,.STERADIAN.) SOLID_ANGLE_UNIT() );
#5607 = UNCERTAINTY_MEASURE_WITH_UNIT(LENGTH_MEASURE(1.E-07),#5604,
  'distance_accuracy_value','confusion accuracy');
#5608 = CONTEXT_DEPENDENT_SHAPE_REPRESENTATION(#5609,#5611);
#5609 = ( REPRESENTATION_RELATIONSHIP('','',#5272,#10) 
REPRESENTATION_RELATIONSHIP_WITH_TRANSFORMATION(#5610) 
SHAPE_REPRESENTATION_RELATIONSHIP() );
#5610 = ITEM_DEFINED_TRANSFORMATION('','',#11,#23);
#5611 = PRODUCT_DEFINITION_SHAPE('Placement','Placement of an item',
  #5612);
#5612 = NEXT_ASSEMBLY_USAGE_OCCURRENCE('10','=>[0:1:1:4]','',#5,#5267,$
  );
#5613 = PRODUCT_RELATED_PRODUCT_CATEGORY('part',$,(#5269));
#5614 = SHAPE_DEFINITION_REPRESENTATION(#5615,#5621);
#5615 = PRODUCT_DEFINITION_SHAPE('','',#5616);
#5616 = PRODUCT_DEFINITION('design','',#5617,#5620);
#5617 = PRODUCT_DEFINITION_FORMATION('','',#5618);
#5618 = PRODUCT('COMPOUND','COMPOUND','',(#5619));
#5619 = PRODUCT_CONTEXT('',#2,'mechanical');
#5620 = PRODUCT_DEFINITION_CONTEXT('part definition',#2,'design');
#5621 = ADVANCED_BREP_SHAPE_REPRESENTATION('',(#11,#5622),#5952);
#5622 = MANIFOLD_SOLID_BREP('',#5623);
#5623 = CLOSED_SHELL('',(#5624,#5744,#5844,#5891,#5938,#5945));
#5624 = ADVANCED_FACE('',(#5625),#5639,.F.);
#5625 = FACE_BOUND('',#5626,.F.);
#5626 = EDGE_LOOP('',(#5627,#5662,#5690,#5718));
#5627 = ORIENTED_EDGE('',*,*,#5628,.F.);
#5628 = EDGE_CURVE('',#5629,#5631,#5633,.T.);
#5629 = VERTEX_POINT('',#5630);
#5630 = CARTESIAN_POINT('',(-74.12,-1.5,0.));
#5631 = VERTEX_POINT('',#5632);
#5632 = CARTESIAN_POINT('',(-74.12,-1.5,200.));
#5633 = SURFACE_CURVE('',#5634,(#5638,#5650),.PCURVE_S1.);
#5634 = LINE('',#5635,#5636);
#5635 = CARTESIAN_POINT('',(-74.12,-1.5,0.));
#5636 = VECTOR('',#5637,1.);
#5637 = DIRECTION('',(0.,0.,1.));
#5638 = PCURVE('',#5639,#5644);
#5639 = PLANE('',#5640);
#5640 = AXIS2_PLACEMENT_3D('',#5641,#5642,#5643);
#5641 = CARTESIAN_POINT('',(-74.12,-1.5,0.));
#5642 = DIRECTION('',(1.,0.,-0.));
#5643 = DIRECTION('',(0.,0.,1.));
#5644 = DEFINITIONAL_REPRESENTATION('',(#5645),#5649);
#5645 = LINE('',#5646,#5647);
#5646 = CARTESIAN_POINT('',(0.,0.));
#5647 = VECTOR('',#5648,1.);
#5648 = DIRECTION('',(1.,0.));
#5649 = ( GEOMETRIC_REPRESENTATION_CONTEXT(2) 
PARAMETRIC_REPRESENTATION_CONTEXT() REPRESENTATION_CONTEXT('2D SPACE',''
  ) );
#5650 = PCURVE('',#5651,#5656);
#5651 = PLANE('',#5652);
#5652 = AXIS2_PLACEMENT_3D('',#5653,#5654,#5655);
#5653 = CARTESIAN_POINT('',(-74.12,-1.5,0.));
#5654 = DIRECTION('',(-0.,1.,0.));
#5655 = DIRECTION('',(0.,0.,1.));
#5656 = DEFINITIONAL_REPRESENTATION('',(#5657),#5661);
#5657 = LINE('',#5658,#5659);
#5658 = CARTESIAN_POINT('',(0.,0.));
#5659 = VECTOR('',#5660,1.);
#5660 = DIRECTION('',(1.,0.));
#5661 = ( GEOMETRIC_REPRESENTATION_CONTEXT(2) 
PARAMETRIC_REPRESENTATION_CONTEXT() REPRESENTATION_CONTEXT('2D SPACE',''
  ) );
#5662 = ORIENTED_EDGE('',*,*,#5663,.T.);
#5663 = EDGE_CURVE('',#5629,#5664,#5666,.T.);
#5664 = VERTEX_POINT('',#5665);
#5665 = CARTESIAN_POINT('',(-74.12,1.5,0.));
#5666 = SURFACE_CURVE('',#5667,(#5671,#5678),.PCURVE_S1.);
#5667 = LINE('',#5668,#5669);
#5668 = CARTESIAN_POINT('',(-74.12,-1.5,0.));
#5669 = VECTOR('',#5670,1.);
#5670 = DIRECTION('',(-0.,1.,0.));
#5671 = PCURVE('',#5639,#5672);
#5672 = DEFINITIONAL_REPRESENTATION('',(#5673),#5677);
#5673 = LINE('',#5674,#5675);
#5674 = CARTESIAN_POINT('',(0.,0.));
#5675 = VECTOR('',#5676,1.);
#5676 = DIRECTION('',(0.,-1.));
#5677 = ( GEOMETRIC_REPRESENTATION_CONTEXT(2) 
PARAMETRIC_REPRESENTATION_CONTEXT() REPRESENTATION_CONTEXT('2D SPACE',''
  ) );
#5678 = PCURVE('',#5679,#5684);
#5679 = PLANE('',#5680);
#5680 = AXIS2_PLACEMENT_3D('',#5681,#5682,#5683);
#5681 = CARTESIAN_POINT('',(-74.12,-1.5,0.));
#5682 = DIRECTION('',(0.,0.,1.));
#5683 = DIRECTION('',(1.,0.,-0.));
#5684 = DEFINITIONAL_REPRESENTATION('',(#5685),#5689);
#5685 = LINE('',#5686,#5687);
#5686 = CARTESIAN_POINT('',(0.,0.));
#5687 = VECTOR('',#5688,1.);
#5688 = DIRECTION('',(0.,1.));
#5689 = ( GEOMETRIC_REPRESENTATION_CONTEXT(2) 
PARAMETRIC_REPRESENTATION_CONTEXT() REPRESENTATION_CONTEXT('2D SPACE',''
  ) );
#5690 = ORIENTED_EDGE('',*,*,#5691,.T.);
#5691 = EDGE_CURVE('',#5664,#5692,#5694,.T.);
#5692 = VERTEX_POINT('',#5693);
#5693 = CARTESIAN_POINT('',(-74.12,1.5,200.));
#5694 = SURFACE_CURVE('',#5695,(#5699,#5706),.PCURVE_S1.);
#5695 = LINE('',#5696,#5697);
#5696 = CARTESIAN_POINT('',(-74.12,1.5,0.));
#5697 = VECTOR('',#5698,1.);
#5698 = DIRECTION('',(0.,0.,1.));
#5699 = PCURVE('',#5639,#5700);
#5700 = DEFINITIONAL_REPRESENTATION('',(#5701),#5705);
#5701 = LINE('',#5702,#5703);
#5702 = CARTESIAN_POINT('',(0.,-3.));
#5703 = VECTOR('',#5704,1.);
#5704 = DIRECTION('',(1.,0.));
#5705 = ( GEOMETRIC_REPRESENTATION_CONTEXT(2) 
PARAMETRIC_REPRESENTATION_CONTEXT() REPRESENTATION_CONTEXT('2D SPACE',''
  ) );
#5706 = PCURVE('',#5707,#5712);
#5707 = PLANE('',#5708);
#5708 = AXIS2_PLACEMENT_3D('',#5709,#5710,#5711);
#5709 = CARTESIAN_POINT('',(-74.12,1.5,0.));
#5710 = DIRECTION('',(-0.,1.,0.));
#5711 = DIRECTION('',(0.,0.,1.));
#5712 = DEFINITIONAL_REPRESENTATION('',(#5713),#5717);
#5713 = LINE('',#5714,#5715);
#5714 = CARTESIAN_POINT('',(0.,0.));
#5715 = VECTOR('',#5716,1.);
#5716 = DIRECTION('',(1.,0.));
#5717 = ( GEOMETRIC_REPRESENTATION_CONTEXT(2) 
PARAMETRIC_REPRESENTATION_CONTEXT() REPRESENTATION_CONTEXT('2D SPACE',''
  ) );
#5718 = ORIENTED_EDGE('',*,*,#5719,.F.);
#5719 = EDGE_CURVE('',#5631,#5692,#5720,.T.);
#5720 = SURFACE_CURVE('',#5721,(#5725,#5732),.PCURVE_S1.);
#5721 = LINE('',#5722,#5723);
#5722 = CARTESIAN_POINT('',(-74.12,-1.5,200.));
#5723 = VECTOR('',#5724,1.);
#5724 = DIRECTION('',(-0.,1.,0.));
#5725 = PCURVE('',#5639,#5726);
#5726 = DEFINITIONAL_REPRESENTATION('',(#5727),#5731);
#5727 = LINE('',#5728,#5729);
#5728 = CARTESIAN_POINT('',(200.,0.));
#5729 = VECTOR('',#5730,1.);
#5730 = DIRECTION('',(0.,-1.));
#5731 = ( GEOMETRIC_REPRESENTATION_CONTEXT(2) 
PARAMETRIC_REPRESENTATION_CONTEXT() REPRESENTATION_CONTEXT('2D SPACE',''
  ) );
#5732 = PCURVE('',#5733,#5738);
#5733 = PLANE('',#5734);
#5734 = AXIS2_PLACEMENT_3D('',#5735,#5736,#5737);
#5735 = CARTESIAN_POINT('',(-74.12,-1.5,200.));
#5736 = DIRECTION('',(0.,0.,1.));
#5737 = DIRECTION('',(1.,0.,-0.));
#5738 = DEFINITIONAL_REPRESENTATION('',(#5739),#5743);
#5739 = LINE('',#5740,#5741);
#5740 = CARTESIAN_POINT('',(0.,0.));
#5741 = VECTOR('',#5742,1.);
#5742 = DIRECTION('',(0.,1.));
#5743 = ( GEOMETRIC_REPRESENTATION_CONTEXT(2) 
PARAMETRIC_REPRESENTATION_CONTEXT() REPRESENTATION_CONTEXT('2D SPACE',''
  ) );
#5744 = ADVANCED_FACE('',(#5745),#5759,.T.);
#5745 = FACE_BOUND('',#5746,.T.);
#5746 = EDGE_LOOP('',(#5747,#5777,#5800,#5823));
#5747 = ORIENTED_EDGE('',*,*,#5748,.F.);
#5748 = EDGE_CURVE('',#5749,#5751,#5753,.T.);
#5749 = VERTEX_POINT('',#5750);
#5750 = CARTESIAN_POINT('',(74.12,-1.5,0.));
#5751 = VERTEX_POINT('',#5752);
#5752 = CARTESIAN_POINT('',(74.12,-1.5,200.));
#5753 = SURFACE_CURVE('',#5754,(#5758,#5770),.PCURVE_S1.);
#5754 = LINE('',#5755,#5756);
#5755 = CARTESIAN_POINT('',(74.12,-1.5,0.));
#5756 = VECTOR('',#5757,1.);
#5757 = DIRECTION('',(0.,0.,1.));
#5758 = PCURVE('',#5759,#5764);
#5759 = PLANE('',#5760);
#5760 = AXIS2_PLACEMENT_3D('',#5761,#5762,#5763);
#5761 = CARTESIAN_POINT('',(74.12,-1.5,0.));
#5762 = DIRECTION('',(1.,0.,-0.));
#5763 = DIRECTION('',(0.,0.,1.));
#5764 = DEFINITIONAL_REPRESENTATION('',(#5765),#5769);
#5765 = LINE('',#5766,#5767);
#5766 = CARTESIAN_POINT('',(0.,0.));
#5767 = VECTOR('',#5768,1.);
#5768 = DIRECTION('',(1.,0.));
#5769 = ( GEOMETRIC_REPRESENTATION_CONTEXT(2) 
PARAMETRIC_REPRESENTATION_CONTEXT() REPRESENTATION_CONTEXT('2D SPACE',''
  ) );
#5770 = PCURVE('',#5651,#5771);
#5771 = DEFINITIONAL_REPRESENTATION('',(#5772),#5776);
#5772 = LINE('',#5773,#5774);
#5773 = CARTESIAN_POINT('',(0.,148.24));
#5774 = VECTOR('',#5775,1.);
#5775 = DIRECTION('',(1.,0.));
#5776 = ( GEOMETRIC_REPRESENTATION_CONTEXT(2) 
PARAMETRIC_REPRESENTATION_CONTEXT() REPRESENTATION_CONTEXT('2D SPACE',''
  ) );
#5777 = ORIENTED_EDGE('',*,*,#5778,.T.);
#5778 = EDGE_CURVE('',#5749,#5779,#5781,.T.);
#5779 = VERTEX_POINT('',#5780);
#5780 = CARTESIAN_POINT('',(74.12,1.5,0.));
#5781 = SURFACE_CURVE('',#5782,(#5786,#5793),.PCURVE_S1.);
#5782 = LINE('',#5783,#5784);
#5783 = CARTESIAN_POINT('',(74.12,-1.5,0.));
#5784 = VECTOR('',#5785,1.);
#5785 = DIRECTION('',(-0.,1.,0.));
#5786 = PCURVE('',#5759,#5787);
#5787 = DEFINITIONAL_REPRESENTATION('',(#5788),#5792);
#5788 = LINE('',#5789,#5790);
#5789 = CARTESIAN_POINT('',(0.,0.));
#5790 = VECTOR('',#5791,1.);
#5791 = DIRECTION('',(0.,-1.));
#5792 = ( GEOMETRIC_REPRESENTATION_CONTEXT(2) 
PARAMETRIC_REPRESENTATION_CONTEXT() REPRESENTATION_CONTEXT('2D SPACE',''
  ) );
#5793 = PCURVE('',#5679,#5794);
#5794 = DEFINITIONAL_REPRESENTATION('',(#5795),#5799);
#5795 = LINE('',#5796,#5797);
#5796 = CARTESIAN_POINT('',(148.24,0.));
#5797 = VECTOR('',#5798,1.);
#5798 = DIRECTION('',(0.,1.));
#5799 = ( GEOMETRIC_REPRESENTATION_CONTEXT(2) 
PARAMETRIC_REPRESENTATION_CONTEXT() REPRESENTATION_CONTEXT('2D SPACE',''
  ) );
#5800 = ORIENTED_EDGE('',*,*,#5801,.T.);
#5801 = EDGE_CURVE('',#5779,#5802,#5804,.T.);
#5802 = VERTEX_POINT('',#5803);
#5803 = CARTESIAN_POINT('',(74.12,1.5,200.));
#5804 = SURFACE_CURVE('',#5805,(#5809,#5816),.PCURVE_S1.);
#5805 = LINE('',#5806,#5807);
#5806 = CARTESIAN_POINT('',(74.12,1.5,0.));
#5807 = VECTOR('',#5808,1.);
#5808 = DIRECTION('',(0.,0.,1.));
#5809 = PCURVE('',#5759,#5810);
#5810 = DEFINITIONAL_REPRESENTATION('',(#5811),#5815);
#5811 = LINE('',#5812,#5813);
#5812 = CARTESIAN_POINT('',(0.,-3.));
#5813 = VECTOR('',#5814,1.);
#5814 = DIRECTION('',(1.,0.));
#5815 = ( GEOMETRIC_REPRESENTATION_CONTEXT(2) 
PARAMETRIC_REPRESENTATION_CONTEXT() REPRESENTATION_CONTEXT('2D SPACE',''
  ) );
#5816 = PCURVE('',#5707,#5817);
#5817 = DEFINITIONAL_REPRESENTATION('',(#5818),#5822);
#5818 = LINE('',#5819,#5820);
#5819 = CARTESIAN_POINT('',(0.,148.24));
#5820 = VECTOR('',#5821,1.);
#5821 = DIRECTION('',(1.,0.));
#5822 = ( GEOMETRIC_REPRESENTATION_CONTEXT(2) 
PARAMETRIC_REPRESENTATION_CONTEXT() REPRESENTATION_CONTEXT('2D SPACE',''
  ) );
#5823 = ORIENTED_EDGE('',*,*,#5824,.F.);
#5824 = EDGE_CURVE('',#5751,#5802,#5825,.T.);
#5825 = SURFACE_CURVE('',#5826,(#5830,#5837),.PCURVE_S1.);
#5826 = LINE('',#5827,#5828);
#5827 = CARTESIAN_POINT('',(74.12,-1.5,200.));
#5828 = VECTOR('',#5829,1.);
#5829 = DIRECTION('',(-0.,1.,0.));
#5830 = PCURVE('',#5759,#5831);
#5831 = DEFINITIONAL_REPRESENTATION('',(#5832),#5836);
#5832 = LINE('',#5833,#5834);
#5833 = CARTESIAN_POINT('',(200.,0.));
#5834 = VECTOR('',#5835,1.);
#5835 = DIRECTION('',(0.,-1.));
#5836 = ( GEOMETRIC_REPRESENTATION_CONTEXT(2) 
PARAMETRIC_REPRESENTATION_CONTEXT() REPRESENTATION_CONTEXT('2D SPACE',''
  ) );
#5837 = PCURVE('',#5733,#5838);
#5838 = DEFINITIONAL_REPRESENTATION('',(#5839),#5843);
#5839 = LINE('',#5840,#5841);
#5840 = CARTESIAN_POINT('',(148.24,0.));
#5841 = VECTOR('',#5842,1.);
#5842 = DIRECTION('',(0.,1.));
#5843 = ( GEOMETRIC_REPRESENTATION_CONTEXT(2) 
PARAMETRIC_REPRESENTATION_CONTEXT() REPRESENTATION_CONTEXT('2D SPACE',''
  ) );
#5844 = ADVANCED_FACE('',(#5845),#5651,.F.);
#5845 = FACE_BOUND('',#5846,.F.);
#5846 = EDGE_LOOP('',(#5847,#5868,#5869,#5890));
#5847 = ORIENTED_EDGE('',*,*,#5848,.F.);
#5848 = EDGE_CURVE('',#5629,#5749,#5849,.T.);
#5849 = SURFACE_CURVE('',#5850,(#5854,#5861),.PCURVE_S1.);
#5850 = LINE('',#5851,#5852);
#5851 = CARTESIAN_POINT('',(-74.12,-1.5,0.));
#5852 = VECTOR('',#5853,1.);
#5853 = DIRECTION('',(1.,0.,-0.));
#5854 = PCURVE('',#5651,#5855);
#5855 = DEFINITIONAL_REPRESENTATION('',(#5856),#5860);
#5856 = LINE('',#5857,#5858);
#5857 = CARTESIAN_POINT('',(0.,0.));
#5858 = VECTOR('',#5859,1.);
#5859 = DIRECTION('',(0.,1.));
#5860 = ( GEOMETRIC_REPRESENTATION_CONTEXT(2) 
PARAMETRIC_REPRESENTATION_CONTEXT() REPRESENTATION_CONTEXT('2D SPACE',''
  ) );
#5861 = PCURVE('',#5679,#5862);
#5862 = DEFINITIONAL_REPRESENTATION('',(#5863),#5867);
#5863 = LINE('',#5864,#5865);
#5864 = CARTESIAN_POINT('',(0.,0.));
#5865 = VECTOR('',#5866,1.);
#5866 = DIRECTION('',(1.,0.));
#5867 = ( GEOMETRIC_REPRESENTATION_CONTEXT(2) 
PARAMETRIC_REPRESENTATION_CONTEXT() REPRESENTATION_CONTEXT('2D SPACE',''
  ) );
#5868 = ORIENTED_EDGE('',*,*,#5628,.T.);
#5869 = ORIENTED_EDGE('',*,*,#5870,.T.);
#5870 = EDGE_CURVE('',#5631,#5751,#5871,.T.);
#5871 = SURFACE_CURVE('',#5872,(#5876,#5883),.PCURVE_S1.);
#5872 = LINE('',#5873,#5874);
#5873 = CARTESIAN_POINT('',(-74.12,-1.5,200.));
#5874 = VECTOR('',#5875,1.);
#5875 = DIRECTION('',(1.,0.,-0.));
#5876 = PCURVE('',#5651,#5877);
#5877 = DEFINITIONAL_REPRESENTATION('',(#5878),#5882);
#5878 = LINE('',#5879,#5880);
#5879 = CARTESIAN_POINT('',(200.,0.));
#5880 = VECTOR('',#5881,1.);
#5881 = DIRECTION('',(0.,1.));
#5882 = ( GEOMETRIC_REPRESENTATION_CONTEXT(2) 
PARAMETRIC_REPRESENTATION_CONTEXT() REPRESENTATION_CONTEXT('2D SPACE',''
  ) );
#5883 = PCURVE('',#5733,#5884);
#5884 = DEFINITIONAL_REPRESENTATION('',(#5885),#5889);
#5885 = LINE('',#5886,#5887);
#5886 = CARTESIAN_POINT('',(0.,0.));
#5887 = VECTOR('',#5888,1.);
#5888 = DIRECTION('',(1.,0.));
#5889 = ( GEOMETRIC_REPRESENTATION_CONTEXT(2) 
PARAMETRIC_REPRESENTATION_CONTEXT() REPRESENTATION_CONTEXT('2D SPACE',''
  ) );
#5890 = ORIENTED_EDGE('',*,*,#5748,.F.);
#5891 = ADVANCED_FACE('',(#5892),#5707,.T.);
#5892 = FACE_BOUND('',#5893,.T.);
#5893 = EDGE_LOOP('',(#5894,#5915,#5916,#5937));
#5894 = ORIENTED_EDGE('',*,*,#5895,.F.);
#5895 = EDGE_CURVE('',#5664,#5779,#5896,.T.);
#5896 = SURFACE_CURVE('',#5897,(#5901,#5908),.PCURVE_S1.);
#5897 = LINE('',#5898,#5899);
#5898 = CARTESIAN_POINT('',(-74.12,1.5,0.));
#5899 = VECTOR('',#5900,1.);
#5900 = DIRECTION('',(1.,0.,-0.));
#5901 = PCURVE('',#5707,#5902);
#5902 = DEFINITIONAL_REPRESENTATION('',(#5903),#5907);
#5903 = LINE('',#5904,#5905);
#5904 = CARTESIAN_POINT('',(0.,0.));
#5905 = VECTOR('',#5906,1.);
#5906 = DIRECTION('',(0.,1.));
#5907 = ( GEOMETRIC_REPRESENTATION_CONTEXT(2) 
PARAMETRIC_REPRESENTATION_CONTEXT() REPRESENTATION_CONTEXT('2D SPACE',''
  ) );
#5908 = PCURVE('',#5679,#5909);
#5909 = DEFINITIONAL_REPRESENTATION('',(#5910),#5914);
#5910 = LINE('',#5911,#5912);
#5911 = CARTESIAN_POINT('',(0.,3.));
#5912 = VECTOR('',#5913,1.);
#5913 = DIRECTION('',(1.,0.));
#5914 = ( GEOMETRIC_REPRESENTATION_CONTEXT(2) 
PARAMETRIC_REPRESENTATION_CONTEXT() REPRESENTATION_CONTEXT('2D SPACE',''
  ) );
#5915 = ORIENTED_EDGE('',*,*,#5691,.T.);
#5916 = ORIENTED_EDGE('',*,*,#5917,.T.);
#5917 = EDGE_CURVE('',#5692,#5802,#5918,.T.);
#5918 = SURFACE_CURVE('',#5919,(#5923,#5930),.PCURVE_S1.);
#5919 = LINE('',#5920,#5921);
#5920 = CARTESIAN_POINT('',(-74.12,1.5,200.));
#5921 = VECTOR('',#5922,1.);
#5922 = DIRECTION('',(1.,0.,-0.));
#5923 = PCURVE('',#5707,#5924);
#5924 = DEFINITIONAL_REPRESENTATION('',(#5925),#5929);
#5925 = LINE('',#5926,#5927);
#5926 = CARTESIAN_POINT('',(200.,0.));
#5927 = VECTOR('',#5928,1.);
#5928 = DIRECTION('',(0.,1.));
#5929 = ( GEOMETRIC_REPRESENTATION_CONTEXT(2) 
PARAMETRIC_REPRESENTATION_CONTEXT() REPRESENTATION_CONTEXT('2D SPACE',''
  ) );
#5930 = PCURVE('',#5733,#5931);
#5931 = DEFINITIONAL_REPRESENTATION('',(#5932),#5936);
#5932 = LINE('',#5933,#5934);
#5933 = CARTESIAN_POINT('',(0.,3.));
#5934 = VECTOR('',#5935,1.);
#5935 = DIRECTION('',(1.,0.));
#5936 = ( GEOMETRIC_REPRESENTATION_CONTEXT(2) 
PARAMETRIC_REPRESENTATION_CONTEXT() REPRESENTATION_CONTEXT('2D SPACE',''
  ) );
#5937 = ORIENTED_EDGE('',*,*,#5801,.F.);
#5938 = ADVANCED_FACE('',(#5939),#5679,.F.);
#5939 = FACE_BOUND('',#5940,.F.);
#5940 = EDGE_LOOP('',(#5941,#5942,#5943,#5944));
#5941 = ORIENTED_EDGE('',*,*,#5663,.F.);
#5942 = ORIENTED_EDGE('',*,*,#5848,.T.);
#5943 = ORIENTED_EDGE('',*,*,#5778,.T.);
#5944 = ORIENTED_EDGE('',*,*,#5895,.F.);
#5945 = ADVANCED_FACE('',(#5946),#5733,.T.);
#5946 = FACE_BOUND('',#5947,.T.);
#5947 = EDGE_LOOP('',(#5948,#5949,#5950,#5951));
#5948 = ORIENTED_EDGE('',*,*,#5719,.F.);
#5949 = ORIENTED_EDGE('',*,*,#5870,.T.);
#5950 = ORIENTED_EDGE('',*,*,#5824,.T.);
#5951 = ORIENTED_EDGE('',*,*,#5917,.F.);
#5952 = ( GEOMETRIC_REPRESENTATION_CONTEXT(3) 
GLOBAL_UNCERTAINTY_ASSIGNED_CONTEXT((#5956)) 
GLOBAL_UNIT_ASSIGNED_CONTEXT((#5953,#5954,#5955)) REPRESENTATION_CONTEXT
('Context #1','3D Context with UNIT and UNCERTAINTY') );
#5953 = ( LENGTH_UNIT() NAMED_UNIT(*) SI_UNIT(.MILLI.,.METRE.) );
#5954 = ( NAMED_UNIT(*) PLANE_ANGLE_UNIT() SI_UNIT($,.RADIAN.) );
#5955 = ( NAMED_UNIT(*) SI_UNIT($,.STERADIAN.) SOLID_ANGLE_UNIT() );
#5956 = UNCERTAINTY_MEASURE_WITH_UNIT(LENGTH_MEASURE(1.E-07),#5953,
  'distance_accuracy_value','confusion accuracy');
#5957 = CONTEXT_DEPENDENT_SHAPE_REPRESENTATION(#5958,#5960);
#5958 = ( REPRESENTATION_RELATIONSHIP('','',#5621,#10) 
REPRESENTATION_RELATIONSHIP_WITH_TRANSFORMATION(#5959) 
SHAPE_REPRESENTATION_RELATIONSHIP() );
#5959 = ITEM_DEFINED_TRANSFORMATION('','',#11,#27);
#5960 = PRODUCT_DEFINITION_SHAPE('Placement','Placement of an item',
  #5961);
#5961 = NEXT_ASSEMBLY_USAGE_OCCURRENCE('11','=>[0:1:1:5]','',#5,#5616,$
  );
#5962 = PRODUCT_RELATED_PRODUCT_CATEGORY('part',$,(#5618));
#5963 = SHAPE_DEFINITION_REPRESENTATION(#5964,#5970);
#5964 = PRODUCT_DEFINITION_SHAPE('','',#5965);
#5965 = PRODUCT_DEFINITION('design','',#5966,#5969);
#5966 = PRODUCT_DEFINITION_FORMATION('','',#5967);
#5967 = PRODUCT('COMPOUND','COMPOUND','',(#5968));
#5968 = PRODUCT_CONTEXT('',#2,'mechanical');
#5969 = PRODUCT_DEFINITION_CONTEXT('part definition',#2,'design');
#5970 = ADVANCED_BREP_SHAPE_REPRESENTATION('',(#11,#5971),#6301);
#5971 = MANIFOLD_SOLID_BREP('',#5972);
#5972 = CLOSED_SHELL('',(#5973,#6093,#6193,#6240,#6287,#6294));
#5973 = ADVANCED_FACE('',(#5974),#5988,.F.);
#5974 = FACE_BOUND('',#5975,.F.);
#5975 = EDGE_LOOP('',(#5976,#6011,#6039,#6067));
#5976 = ORIENTED_EDGE('',*,*,#5977,.F.);
#5977 = EDGE_CURVE('',#5978,#5980,#5982,.T.);
#5978 = VERTEX_POINT('',#5979);
#5979 = CARTESIAN_POINT('',(-230.,-3.,0.));
#5980 = VERTEX_POINT('',#5981);
#5981 = CARTESIAN_POINT('',(-230.,-3.,105.9));
#5982 = SURFACE_CURVE('',#5983,(#5987,#5999),.PCURVE_S1.);
#5983 = LINE('',#5984,#5985);
#5984 = CARTESIAN_POINT('',(-230.,-3.,0.));
#5985 = VECTOR('',#5986,1.);
#5986 = DIRECTION('',(0.,0.,1.));
#5987 = PCURVE('',#5988,#5993);
#5988 = PLANE('',#5989);
#5989 = AXIS2_PLACEMENT_3D('',#5990,#5991,#5992);
#5990 = CARTESIAN_POINT('',(-230.,-3.,0.));
#5991 = DIRECTION('',(1.,0.,-0.));
#5992 = DIRECTION('',(0.,0.,1.));
#5993 = DEFINITIONAL_REPRESENTATION('',(#5994),#5998);
#5994 = LINE('',#5995,#5996);
#5995 = CARTESIAN_POINT('',(0.,0.));
#5996 = VECTOR('',#5997,1.);
#5997 = DIRECTION('',(1.,0.));
#5998 = ( GEOMETRIC_REPRESENTATION_CONTEXT(2) 
PARAMETRIC_REPRESENTATION_CONTEXT() REPRESENTATION_CONTEXT('2D SPACE',''
  ) );
#5999 = PCURVE('',#6000,#6005);
#6000 = PLANE('',#6001);
#6001 = AXIS2_PLACEMENT_3D('',#6002,#6003,#6004);
#6002 = CARTESIAN_POINT('',(-230.,-3.,0.));
#6003 = DIRECTION('',(-0.,1.,0.));
#6004 = DIRECTION('',(0.,0.,1.));
#6005 = DEFINITIONAL_REPRESENTATION('',(#6006),#6010);
#6006 = LINE('',#6007,#6008);
#6007 = CARTESIAN_POINT('',(0.,0.));
#6008 = VECTOR('',#6009,1.);
#6009 = DIRECTION('',(1.,0.));
#6010 = ( GEOMETRIC_REPRESENTATION_CONTEXT(2) 
PARAMETRIC_REPRESENTATION_CONTEXT() REPRESENTATION_CONTEXT('2D SPACE',''
  ) );
#6011 = ORIENTED_EDGE('',*,*,#6012,.T.);
#6012 = EDGE_CURVE('',#5978,#6013,#6015,.T.);
#6013 = VERTEX_POINT('',#6014);
#6014 = CARTESIAN_POINT('',(-230.,3.,0.));
#6015 = SURFACE_CURVE('',#6016,(#6020,#6027),.PCURVE_S1.);
#6016 = LINE('',#6017,#6018);
#6017 = CARTESIAN_POINT('',(-230.,-3.,0.));
#6018 = VECTOR('',#6019,1.);
#6019 = DIRECTION('',(-0.,1.,0.));
#6020 = PCURVE('',#5988,#6021);
#6021 = DEFINITIONAL_REPRESENTATION('',(#6022),#6026);
#6022 = LINE('',#6023,#6024);
#6023 = CARTESIAN_POINT('',(0.,0.));
#6024 = VECTOR('',#6025,1.);
#6025 = DIRECTION('',(0.,-1.));
#6026 = ( GEOMETRIC_REPRESENTATION_CONTEXT(2) 
PARAMETRIC_REPRESENTATION_CONTEXT() REPRESENTATION_CONTEXT('2D SPACE',''
  ) );
#6027 = PCURVE('',#6028,#6033);
#6028 = PLANE('',#6029);
#6029 = AXIS2_PLACEMENT_3D('',#6030,#6031,#6032);
#6030 = CARTESIAN_POINT('',(-230.,-3.,0.));
#6031 = DIRECTION('',(0.,0.,1.));
#6032 = DIRECTION('',(1.,0.,-0.));
#6033 = DEFINITIONAL_REPRESENTATION('',(#6034),#6038);
#6034 = LINE('',#6035,#6036);
#6035 = CARTESIAN_POINT('',(0.,0.));
#6036 = VECTOR('',#6037,1.);
#6037 = DIRECTION('',(0.,1.));
#6038 = ( GEOMETRIC_REPRESENTATION_CONTEXT(2) 
PARAMETRIC_REPRESENTATION_CONTEXT() REPRESENTATION_CONTEXT('2D SPACE',''
  ) );
#6039 = ORIENTED_EDGE('',*,*,#6040,.T.);
#6040 = EDGE_CURVE('',#6013,#6041,#6043,.T.);
#6041 = VERTEX_POINT('',#6042);
#6042 = CARTESIAN_POINT('',(-230.,3.,105.9));
#6043 = SURFACE_CURVE('',#6044,(#6048,#6055),.PCURVE_S1.);
#6044 = LINE('',#6045,#6046);
#6045 = CARTESIAN_POINT('',(-230.,3.,0.));
#6046 = VECTOR('',#6047,1.);
#6047 = DIRECTION('',(0.,0.,1.));
#6048 = PCURVE('',#5988,#6049);
#6049 = DEFINITIONAL_REPRESENTATION('',(#6050),#6054);
#6050 = LINE('',#6051,#6052);
#6051 = CARTESIAN_POINT('',(0.,-6.));
#6052 = VECTOR('',#6053,1.);
#6053 = DIRECTION('',(1.,0.));
#6054 = ( GEOMETRIC_REPRESENTATION_CONTEXT(2) 
PARAMETRIC_REPRESENTATION_CONTEXT() REPRESENTATION_CONTEXT('2D SPACE',''
  ) );
#6055 = PCURVE('',#6056,#6061);
#6056 = PLANE('',#6057);
#6057 = AXIS2_PLACEMENT_3D('',#6058,#6059,#6060);
#6058 = CARTESIAN_POINT('',(-230.,3.,0.));
#6059 = DIRECTION('',(-0.,1.,0.));
#6060 = DIRECTION('',(0.,0.,1.));
#6061 = DEFINITIONAL_REPRESENTATION('',(#6062),#6066);
#6062 = LINE('',#6063,#6064);
#6063 = CARTESIAN_POINT('',(0.,0.));
#6064 = VECTOR('',#6065,1.);
#6065 = DIRECTION('',(1.,0.));
#6066 = ( GEOMETRIC_REPRESENTATION_CONTEXT(2) 
PARAMETRIC_REPRESENTATION_CONTEXT() REPRESENTATION_CONTEXT('2D SPACE',''
  ) );
#6067 = ORIENTED_EDGE('',*,*,#6068,.F.);
#6068 = EDGE_CURVE('',#5980,#6041,#6069,.T.);
#6069 = SURFACE_CURVE('',#6070,(#6074,#6081),.PCURVE_S1.);
#6070 = LINE('',#6071,#6072);
#6071 = CARTESIAN_POINT('',(-230.,-3.,105.9));
#6072 = VECTOR('',#6073,1.);
#6073 = DIRECTION('',(-0.,1.,0.));
#6074 = PCURVE('',#5988,#6075);
#6075 = DEFINITIONAL_REPRESENTATION('',(#6076),#6080);
#6076 = LINE('',#6077,#6078);
#6077 = CARTESIAN_POINT('',(105.9,0.));
#6078 = VECTOR('',#6079,1.);
#6079 = DIRECTION('',(0.,-1.));
#6080 = ( GEOMETRIC_REPRESENTATION_CONTEXT(2) 
PARAMETRIC_REPRESENTATION_CONTEXT() REPRESENTATION_CONTEXT('2D SPACE',''
  ) );
#6081 = PCURVE('',#6082,#6087);
#6082 = PLANE('',#6083);
#6083 = AXIS2_PLACEMENT_3D('',#6084,#6085,#6086);
#6084 = CARTESIAN_POINT('',(-230.,-3.,105.9));
#6085 = DIRECTION('',(0.,0.,1.));
#6086 = DIRECTION('',(1.,0.,-0.));
#6087 = DEFINITIONAL_REPRESENTATION('',(#6088),#6092);
#6088 = LINE('',#6089,#6090);
#6089 = CARTESIAN_POINT('',(0.,0.));
#6090 = VECTOR('',#6091,1.);
#6091 = DIRECTION('',(0.,1.));
#6092 = ( GEOMETRIC_REPRESENTATION_CONTEXT(2) 
PARAMETRIC_REPRESENTATION_CONTEXT() REPRESENTATION_CONTEXT('2D SPACE',''
  ) );
#6093 = ADVANCED_FACE('',(#6094),#6108,.T.);
#6094 = FACE_BOUND('',#6095,.T.);
#6095 = EDGE_LOOP('',(#6096,#6126,#6149,#6172));
#6096 = ORIENTED_EDGE('',*,*,#6097,.F.);
#6097 = EDGE_CURVE('',#6098,#6100,#6102,.T.);
#6098 = VERTEX_POINT('',#6099);
#6099 = CARTESIAN_POINT('',(230.,-3.,0.));
#6100 = VERTEX_POINT('',#6101);
#6101 = CARTESIAN_POINT('',(230.,-3.,105.9));
#6102 = SURFACE_CURVE('',#6103,(#6107,#6119),.PCURVE_S1.);
#6103 = LINE('',#6104,#6105);
#6104 = CARTESIAN_POINT('',(230.,-3.,0.));
#6105 = VECTOR('',#6106,1.);
#6106 = DIRECTION('',(0.,0.,1.));
#6107 = PCURVE('',#6108,#6113);
#6108 = PLANE('',#6109);
#6109 = AXIS2_PLACEMENT_3D('',#6110,#6111,#6112);
#6110 = CARTESIAN_POINT('',(230.,-3.,0.));
#6111 = DIRECTION('',(1.,0.,-0.));
#6112 = DIRECTION('',(0.,0.,1.));
#6113 = DEFINITIONAL_REPRESENTATION('',(#6114),#6118);
#6114 = LINE('',#6115,#6116);
#6115 = CARTESIAN_POINT('',(0.,0.));
#6116 = VECTOR('',#6117,1.);
#6117 = DIRECTION('',(1.,0.));
#6118 = ( GEOMETRIC_REPRESENTATION_CONTEXT(2) 
PARAMETRIC_REPRESENTATION_CONTEXT() REPRESENTATION_CONTEXT('2D SPACE',''
  ) );
#6119 = PCURVE('',#6000,#6120);
#6120 = DEFINITIONAL_REPRESENTATION('',(#6121),#6125);
#6121 = LINE('',#6122,#6123);
#6122 = CARTESIAN_POINT('',(0.,460.));
#6123 = VECTOR('',#6124,1.);
#6124 = DIRECTION('',(1.,0.));
#6125 = ( GEOMETRIC_REPRESENTATION_CONTEXT(2) 
PARAMETRIC_REPRESENTATION_CONTEXT() REPRESENTATION_CONTEXT('2D SPACE',''
  ) );
#6126 = ORIENTED_EDGE('',*,*,#6127,.T.);
#6127 = EDGE_CURVE('',#6098,#6128,#6130,.T.);
#6128 = VERTEX_POINT('',#6129);
#6129 = CARTESIAN_POINT('',(230.,3.,0.));
#6130 = SURFACE_CURVE('',#6131,(#6135,#6142),.PCURVE_S1.);
#6131 = LINE('',#6132,#6133);
#6132 = CARTESIAN_POINT('',(230.,-3.,0.));
#6133 = VECTOR('',#6134,1.);
#6134 = DIRECTION('',(-0.,1.,0.));
#6135 = PCURVE('',#6108,#6136);
#6136 = DEFINITIONAL_REPRESENTATION('',(#6137),#6141);
#6137 = LINE('',#6138,#6139);
#6138 = CARTESIAN_POINT('',(0.,0.));
#6139 = VECTOR('',#6140,1.);
#6140 = DIRECTION('',(0.,-1.));
#6141 = ( GEOMETRIC_REPRESENTATION_CONTEXT(2) 
PARAMETRIC_REPRESENTATION_CONTEXT() REPRESENTATION_CONTEXT('2D SPACE',''
  ) );
#6142 = PCURVE('',#6028,#6143);
#6143 = DEFINITIONAL_REPRESENTATION('',(#6144),#6148);
#6144 = LINE('',#6145,#6146);
#6145 = CARTESIAN_POINT('',(460.,0.));
#6146 = VECTOR('',#6147,1.);
#6147 = DIRECTION('',(0.,1.));
#6148 = ( GEOMETRIC_REPRESENTATION_CONTEXT(2) 
PARAMETRIC_REPRESENTATION_CONTEXT() REPRESENTATION_CONTEXT('2D SPACE',''
  ) );
#6149 = ORIENTED_EDGE('',*,*,#6150,.T.);
#6150 = EDGE_CURVE('',#6128,#6151,#6153,.T.);
#6151 = VERTEX_POINT('',#6152);
#6152 = CARTESIAN_POINT('',(230.,3.,105.9));
#6153 = SURFACE_CURVE('',#6154,(#6158,#6165),.PCURVE_S1.);
#6154 = LINE('',#6155,#6156);
#6155 = CARTESIAN_POINT('',(230.,3.,0.));
#6156 = VECTOR('',#6157,1.);
#6157 = DIRECTION('',(0.,0.,1.));
#6158 = PCURVE('',#6108,#6159);
#6159 = DEFINITIONAL_REPRESENTATION('',(#6160),#6164);
#6160 = LINE('',#6161,#6162);
#6161 = CARTESIAN_POINT('',(0.,-6.));
#6162 = VECTOR('',#6163,1.);
#6163 = DIRECTION('',(1.,0.));
#6164 = ( GEOMETRIC_REPRESENTATION_CONTEXT(2) 
PARAMETRIC_REPRESENTATION_CONTEXT() REPRESENTATION_CONTEXT('2D SPACE',''
  ) );
#6165 = PCURVE('',#6056,#6166);
#6166 = DEFINITIONAL_REPRESENTATION('',(#6167),#6171);
#6167 = LINE('',#6168,#6169);
#6168 = CARTESIAN_POINT('',(0.,460.));
#6169 = VECTOR('',#6170,1.);
#6170 = DIRECTION('',(1.,0.));
#6171 = ( GEOMETRIC_REPRESENTATION_CONTEXT(2) 
PARAMETRIC_REPRESENTATION_CONTEXT() REPRESENTATION_CONTEXT('2D SPACE',''
  ) );
#6172 = ORIENTED_EDGE('',*,*,#6173,.F.);
#6173 = EDGE_CURVE('',#6100,#6151,#6174,.T.);
#6174 = SURFACE_CURVE('',#6175,(#6179,#6186),.PCURVE_S1.);
#6175 = LINE('',#6176,#6177);
#6176 = CARTESIAN_POINT('',(230.,-3.,105.9));
#6177 = VECTOR('',#6178,1.);
#6178 = DIRECTION('',(-0.,1.,0.));
#6179 = PCURVE('',#6108,#6180);
#6180 = DEFINITIONAL_REPRESENTATION('',(#6181),#6185);
#6181 = LINE('',#6182,#6183);
#6182 = CARTESIAN_POINT('',(105.9,0.));
#6183 = VECTOR('',#6184,1.);
#6184 = DIRECTION('',(0.,-1.));
#6185 = ( GEOMETRIC_REPRESENTATION_CONTEXT(2) 
PARAMETRIC_REPRESENTATION_CONTEXT() REPRESENTATION_CONTEXT('2D SPACE',''
  ) );
#6186 = PCURVE('',#6082,#6187);
#6187 = DEFINITIONAL_REPRESENTATION('',(#6188),#6192);
#6188 = LINE('',#6189,#6190);
#6189 = CARTESIAN_POINT('',(460.,0.));
#6190 = VECTOR('',#6191,1.);
#6191 = DIRECTION('',(0.,1.));
#6192 = ( GEOMETRIC_REPRESENTATION_CONTEXT(2) 
PARAMETRIC_REPRESENTATION_CONTEXT() REPRESENTATION_CONTEXT('2D SPACE',''
  ) );
#6193 = ADVANCED_FACE('',(#6194),#6000,.F.);
#6194 = FACE_BOUND('',#6195,.F.);
#6195 = EDGE_LOOP('',(#6196,#6217,#6218,#6239));
#6196 = ORIENTED_EDGE('',*,*,#6197,.F.);
#6197 = EDGE_CURVE('',#5978,#6098,#6198,.T.);
#6198 = SURFACE_CURVE('',#6199,(#6203,#6210),.PCURVE_S1.);
#6199 = LINE('',#6200,#6201);
#6200 = CARTESIAN_POINT('',(-230.,-3.,0.));
#6201 = VECTOR('',#6202,1.);
#6202 = DIRECTION('',(1.,0.,-0.));
#6203 = PCURVE('',#6000,#6204);
#6204 = DEFINITIONAL_REPRESENTATION('',(#6205),#6209);
#6205 = LINE('',#6206,#6207);
#6206 = CARTESIAN_POINT('',(0.,0.));
#6207 = VECTOR('',#6208,1.);
#6208 = DIRECTION('',(0.,1.));
#6209 = ( GEOMETRIC_REPRESENTATION_CONTEXT(2) 
PARAMETRIC_REPRESENTATION_CONTEXT() REPRESENTATION_CONTEXT('2D SPACE',''
  ) );
#6210 = PCURVE('',#6028,#6211);
#6211 = DEFINITIONAL_REPRESENTATION('',(#6212),#6216);
#6212 = LINE('',#6213,#6214);
#6213 = CARTESIAN_POINT('',(0.,0.));
#6214 = VECTOR('',#6215,1.);
#6215 = DIRECTION('',(1.,0.));
#6216 = ( GEOMETRIC_REPRESENTATION_CONTEXT(2) 
PARAMETRIC_REPRESENTATION_CONTEXT() REPRESENTATION_CONTEXT('2D SPACE',''
  ) );
#6217 = ORIENTED_EDGE('',*,*,#5977,.T.);
#6218 = ORIENTED_EDGE('',*,*,#6219,.T.);
#6219 = EDGE_CURVE('',#5980,#6100,#6220,.T.);
#6220 = SURFACE_CURVE('',#6221,(#6225,#6232),.PCURVE_S1.);
#6221 = LINE('',#6222,#6223);
#6222 = CARTESIAN_POINT('',(-230.,-3.,105.9));
#6223 = VECTOR('',#6224,1.);
#6224 = DIRECTION('',(1.,0.,-0.));
#6225 = PCURVE('',#6000,#6226);
#6226 = DEFINITIONAL_REPRESENTATION('',(#6227),#6231);
#6227 = LINE('',#6228,#6229);
#6228 = CARTESIAN_POINT('',(105.9,0.));
#6229 = VECTOR('',#6230,1.);
#6230 = DIRECTION('',(0.,1.));
#6231 = ( GEOMETRIC_REPRESENTATION_CONTEXT(2) 
PARAMETRIC_REPRESENTATION_CONTEXT() REPRESENTATION_CONTEXT('2D SPACE',''
  ) );
#6232 = PCURVE('',#6082,#6233);
#6233 = DEFINITIONAL_REPRESENTATION('',(#6234),#6238);
#6234 = LINE('',#6235,#6236);
#6235 = CARTESIAN_POINT('',(0.,0.));
#6236 = VECTOR('',#6237,1.);
#6237 = DIRECTION('',(1.,0.));
#6238 = ( GEOMETRIC_REPRESENTATION_CONTEXT(2) 
PARAMETRIC_REPRESENTATION_CONTEXT() REPRESENTATION_CONTEXT('2D SPACE',''
  ) );
#6239 = ORIENTED_EDGE('',*,*,#6097,.F.);
#6240 = ADVANCED_FACE('',(#6241),#6056,.T.);
#6241 = FACE_BOUND('',#6242,.T.);
#6242 = EDGE_LOOP('',(#6243,#6264,#6265,#6286));
#6243 = ORIENTED_EDGE('',*,*,#6244,.F.);
#6244 = EDGE_CURVE('',#6013,#6128,#6245,.T.);
#6245 = SURFACE_CURVE('',#6246,(#6250,#6257),.PCURVE_S1.);
#6246 = LINE('',#6247,#6248);
#6247 = CARTESIAN_POINT('',(-230.,3.,0.));
#6248 = VECTOR('',#6249,1.);
#6249 = DIRECTION('',(1.,0.,-0.));
#6250 = PCURVE('',#6056,#6251);
#6251 = DEFINITIONAL_REPRESENTATION('',(#6252),#6256);
#6252 = LINE('',#6253,#6254);
#6253 = CARTESIAN_POINT('',(0.,0.));
#6254 = VECTOR('',#6255,1.);
#6255 = DIRECTION('',(0.,1.));
#6256 = ( GEOMETRIC_REPRESENTATION_CONTEXT(2) 
PARAMETRIC_REPRESENTATION_CONTEXT() REPRESENTATION_CONTEXT('2D SPACE',''
  ) );
#6257 = PCURVE('',#6028,#6258);
#6258 = DEFINITIONAL_REPRESENTATION('',(#6259),#6263);
#6259 = LINE('',#6260,#6261);
#6260 = CARTESIAN_POINT('',(0.,6.));
#6261 = VECTOR('',#6262,1.);
#6262 = DIRECTION('',(1.,0.));
#6263 = ( GEOMETRIC_REPRESENTATION_CONTEXT(2) 
PARAMETRIC_REPRESENTATION_CONTEXT() REPRESENTATION_CONTEXT('2D SPACE',''
  ) );
#6264 = ORIENTED_EDGE('',*,*,#6040,.T.);
#6265 = ORIENTED_EDGE('',*,*,#6266,.T.);
#6266 = EDGE_CURVE('',#6041,#6151,#6267,.T.);
#6267 = SURFACE_CURVE('',#6268,(#6272,#6279),.PCURVE_S1.);
#6268 = LINE('',#6269,#6270);
#6269 = CARTESIAN_POINT('',(-230.,3.,105.9));
#6270 = VECTOR('',#6271,1.);
#6271 = DIRECTION('',(1.,0.,-0.));
#6272 = PCURVE('',#6056,#6273);
#6273 = DEFINITIONAL_REPRESENTATION('',(#6274),#6278);
#6274 = LINE('',#6275,#6276);
#6275 = CARTESIAN_POINT('',(105.9,0.));
#6276 = VECTOR('',#6277,1.);
#6277 = DIRECTION('',(0.,1.));
#6278 = ( GEOMETRIC_REPRESENTATION_CONTEXT(2) 
PARAMETRIC_REPRESENTATION_CONTEXT() REPRESENTATION_CONTEXT('2D SPACE',''
  ) );
#6279 = PCURVE('',#6082,#6280);
#6280 = DEFINITIONAL_REPRESENTATION('',(#6281),#6285);
#6281 = LINE('',#6282,#6283);
#6282 = CARTESIAN_POINT('',(0.,6.));
#6283 = VECTOR('',#6284,1.);
#6284 = DIRECTION('',(1.,0.));
#6285 = ( GEOMETRIC_REPRESENTATION_CONTEXT(2) 
PARAMETRIC_REPRESENTATION_CONTEXT() REPRESENTATION_CONTEXT('2D SPACE',''
  ) );
#6286 = ORIENTED_EDGE('',*,*,#6150,.F.);
#6287 = ADVANCED_FACE('',(#6288),#6028,.F.);
#6288 = FACE_BOUND('',#6289,.F.);
#6289 = EDGE_LOOP('',(#6290,#6291,#6292,#6293));
#6290 = ORIENTED_EDGE('',*,*,#6012,.F.);
#6291 = ORIENTED_EDGE('',*,*,#6197,.T.);
#6292 = ORIENTED_EDGE('',*,*,#6127,.T.);
#6293 = ORIENTED_EDGE('',*,*,#6244,.F.);
#6294 = ADVANCED_FACE('',(#6295),#6082,.T.);
#6295 = FACE_BOUND('',#6296,.T.);
#6296 = EDGE_LOOP('',(#6297,#6298,#6299,#6300));
#6297 = ORIENTED_EDGE('',*,*,#6068,.F.);
#6298 = ORIENTED_EDGE('',*,*,#6219,.T.);
#6299 = ORIENTED_EDGE('',*,*,#6173,.T.);
#6300 = ORIENTED_EDGE('',*,*,#6266,.F.);
#6301 = ( GEOMETRIC_REPRESENTATION_CONTEXT(3) 
GLOBAL_UNCERTAINTY_ASSIGNED_CONTEXT((#6305)) 
GLOBAL_UNIT_ASSIGNED_CONTEXT((#6302,#6303,#6304)) REPRESENTATION_CONTEXT
('Context #1','3D Context with UNIT and UNCERTAINTY') );
#6302 = ( LENGTH_UNIT() NAMED_UNIT(*) SI_UNIT(.MILLI.,.METRE.) );
#6303 = ( NAMED_UNIT(*) PLANE_ANGLE_UNIT() SI_UNIT($,.RADIAN.) );
#6304 = ( NAMED_UNIT(*) SI_UNIT($,.STERADIAN.) SOLID_ANGLE_UNIT() );
#6305 = UNCERTAINTY_MEASURE_WITH_UNIT(LENGTH_MEASURE(1.E-07),#6302,
  'distance_accuracy_value','confusion accuracy');
#6306 = CONTEXT_DEPENDENT_SHAPE_REPRESENTATION(#6307,#6309);
#6307 = ( REPRESENTATION_RELATIONSHIP('','',#5970,#10) 
REPRESENTATION_RELATIONSHIP_WITH_TRANSFORMATION(#6308) 
SHAPE_REPRESENTATION_RELATIONSHIP() );
#6308 = ITEM_DEFINED_TRANSFORMATION('','',#11,#31);
#6309 = PRODUCT_DEFINITION_SHAPE('Placement','Placement of an item',
  #6310);
#6310 = NEXT_ASSEMBLY_USAGE_OCCURRENCE('12','=>[0:1:1:6]','',#5,#5965,$
  );
#6311 = PRODUCT_RELATED_PRODUCT_CATEGORY('part',$,(#5967));
#6312 = SHAPE_DEFINITION_REPRESENTATION(#6313,#6319);
#6313 = PRODUCT_DEFINITION_SHAPE('','',#6314);
#6314 = PRODUCT_DEFINITION('design','',#6315,#6318);
#6315 = PRODUCT_DEFINITION_FORMATION('','',#6316);
#6316 = PRODUCT('COMPOUND','COMPOUND','',(#6317));
#6317 = PRODUCT_CONTEXT('',#2,'mechanical');
#6318 = PRODUCT_DEFINITION_CONTEXT('part definition',#2,'design');
#6319 = ADVANCED_BREP_SHAPE_REPRESENTATION('',(#11,#6320),#6650);
#6320 = MANIFOLD_SOLID_BREP('',#6321);
#6321 = CLOSED_SHELL('',(#6322,#6442,#6542,#6589,#6636,#6643));
#6322 = ADVANCED_FACE('',(#6323),#6337,.F.);
#6323 = FACE_BOUND('',#6324,.F.);
#6324 = EDGE_LOOP('',(#6325,#6360,#6388,#6416));
#6325 = ORIENTED_EDGE('',*,*,#6326,.F.);
#6326 = EDGE_CURVE('',#6327,#6329,#6331,.T.);
#6327 = VERTEX_POINT('',#6328);
#6328 = CARTESIAN_POINT('',(-45.,-22.5,0.));
#6329 = VERTEX_POINT('',#6330);
#6330 = CARTESIAN_POINT('',(-45.,-22.5,60.));
#6331 = SURFACE_CURVE('',#6332,(#6336,#6348),.PCURVE_S1.);
#6332 = LINE('',#6333,#6334);
#6333 = CARTESIAN_POINT('',(-45.,-22.5,0.));
#6334 = VECTOR('',#6335,1.);
#6335 = DIRECTION('',(0.,0.,1.));
#6336 = PCURVE('',#6337,#6342);
#6337 = PLANE('',#6338);
#6338 = AXIS2_PLACEMENT_3D('',#6339,#6340,#6341);
#6339 = CARTESIAN_POINT('',(-45.,-22.5,0.));
#6340 = DIRECTION('',(1.,0.,-0.));
#6341 = DIRECTION('',(0.,0.,1.));
#6342 = DEFINITIONAL_REPRESENTATION('',(#6343),#6347);
#6343 = LINE('',#6344,#6345);
#6344 = CARTESIAN_POINT('',(0.,0.));
#6345 = VECTOR('',#6346,1.);
#6346 = DIRECTION('',(1.,0.));
#6347 = ( GEOMETRIC_REPRESENTATION_CONTEXT(2) 
PARAMETRIC_REPRESENTATION_CONTEXT() REPRESENTATION_CONTEXT('2D SPACE',''
  ) );
#6348 = PCURVE('',#6349,#6354);
#6349 = PLANE('',#6350);
#6350 = AXIS2_PLACEMENT_3D('',#6351,#6352,#6353);
#6351 = CARTESIAN_POINT('',(-45.,-22.5,0.));
#6352 = DIRECTION('',(-0.,1.,0.));
#6353 = DIRECTION('',(0.,0.,1.));
#6354 = DEFINITIONAL_REPRESENTATION('',(#6355),#6359);
#6355 = LINE('',#6356,#6357);
#6356 = CARTESIAN_POINT('',(0.,0.));
#6357 = VECTOR('',#6358,1.);
#6358 = DIRECTION('',(1.,0.));
#6359 = ( GEOMETRIC_REPRESENTATION_CONTEXT(2) 
PARAMETRIC_REPRESENTATION_CONTEXT() REPRESENTATION_CONTEXT('2D SPACE',''
  ) );
#6360 = ORIENTED_EDGE('',*,*,#6361,.T.);
#6361 = EDGE_CURVE('',#6327,#6362,#6364,.T.);
#6362 = VERTEX_POINT('',#6363);
#6363 = CARTESIAN_POINT('',(-45.,22.5,0.));
#6364 = SURFACE_CURVE('',#6365,(#6369,#6376),.PCURVE_S1.);
#6365 = LINE('',#6366,#6367);
#6366 = CARTESIAN_POINT('',(-45.,-22.5,0.));
#6367 = VECTOR('',#6368,1.);
#6368 = DIRECTION('',(-0.,1.,0.));
#6369 = PCURVE('',#6337,#6370);
#6370 = DEFINITIONAL_REPRESENTATION('',(#6371),#6375);
#6371 = LINE('',#6372,#6373);
#6372 = CARTESIAN_POINT('',(0.,0.));
#6373 = VECTOR('',#6374,1.);
#6374 = DIRECTION('',(0.,-1.));
#6375 = ( GEOMETRIC_REPRESENTATION_CONTEXT(2) 
PARAMETRIC_REPRESENTATION_CONTEXT() REPRESENTATION_CONTEXT('2D SPACE',''
  ) );
#6376 = PCURVE('',#6377,#6382);
#6377 = PLANE('',#6378);
#6378 = AXIS2_PLACEMENT_3D('',#6379,#6380,#6381);
#6379 = CARTESIAN_POINT('',(-45.,-22.5,0.));
#6380 = DIRECTION('',(0.,0.,1.));
#6381 = DIRECTION('',(1.,0.,-0.));
#6382 = DEFINITIONAL_REPRESENTATION('',(#6383),#6387);
#6383 = LINE('',#6384,#6385);
#6384 = CARTESIAN_POINT('',(0.,0.));
#6385 = VECTOR('',#6386,1.);
#6386 = DIRECTION('',(0.,1.));
#6387 = ( GEOMETRIC_REPRESENTATION_CONTEXT(2) 
PARAMETRIC_REPRESENTATION_CONTEXT() REPRESENTATION_CONTEXT('2D SPACE',''
  ) );
#6388 = ORIENTED_EDGE('',*,*,#6389,.T.);
#6389 = EDGE_CURVE('',#6362,#6390,#6392,.T.);
#6390 = VERTEX_POINT('',#6391);
#6391 = CARTESIAN_POINT('',(-45.,22.5,60.));
#6392 = SURFACE_CURVE('',#6393,(#6397,#6404),.PCURVE_S1.);
#6393 = LINE('',#6394,#6395);
#6394 = CARTESIAN_POINT('',(-45.,22.5,0.));
#6395 = VECTOR('',#6396,1.);
#6396 = DIRECTION('',(0.,0.,1.));
#6397 = PCURVE('',#6337,#6398);
#6398 = DEFINITIONAL_REPRESENTATION('',(#6399),#6403);
#6399 = LINE('',#6400,#6401);
#6400 = CARTESIAN_POINT('',(0.,-45.));
#6401 = VECTOR('',#6402,1.);
#6402 = DIRECTION('',(1.,0.));
#6403 = ( GEOMETRIC_REPRESENTATION_CONTEXT(2) 
PARAMETRIC_REPRESENTATION_CONTEXT() REPRESENTATION_CONTEXT('2D SPACE',''
  ) );
#6404 = PCURVE('',#6405,#6410);
#6405 = PLANE('',#6406);
#6406 = AXIS2_PLACEMENT_3D('',#6407,#6408,#6409);
#6407 = CARTESIAN_POINT('',(-45.,22.5,0.));
#6408 = DIRECTION('',(-0.,1.,0.));
#6409 = DIRECTION('',(0.,0.,1.));
#6410 = DEFINITIONAL_REPRESENTATION('',(#6411),#6415);
#6411 = LINE('',#6412,#6413);
#6412 = CARTESIAN_POINT('',(0.,0.));
#6413 = VECTOR('',#6414,1.);
#6414 = DIRECTION('',(1.,0.));
#6415 = ( GEOMETRIC_REPRESENTATION_CONTEXT(2) 
PARAMETRIC_REPRESENTATION_CONTEXT() REPRESENTATION_CONTEXT('2D SPACE',''
  ) );
#6416 = ORIENTED_EDGE('',*,*,#6417,.F.);
#6417 = EDGE_CURVE('',#6329,#6390,#6418,.T.);
#6418 = SURFACE_CURVE('',#6419,(#6423,#6430),.PCURVE_S1.);
#6419 = LINE('',#6420,#6421);
#6420 = CARTESIAN_POINT('',(-45.,-22.5,60.));
#6421 = VECTOR('',#6422,1.);
#6422 = DIRECTION('',(-0.,1.,0.));
#6423 = PCURVE('',#6337,#6424);
#6424 = DEFINITIONAL_REPRESENTATION('',(#6425),#6429);
#6425 = LINE('',#6426,#6427);
#6426 = CARTESIAN_POINT('',(60.,0.));
#6427 = VECTOR('',#6428,1.);
#6428 = DIRECTION('',(0.,-1.));
#6429 = ( GEOMETRIC_REPRESENTATION_CONTEXT(2) 
PARAMETRIC_REPRESENTATION_CONTEXT() REPRESENTATION_CONTEXT('2D SPACE',''
  ) );
#6430 = PCURVE('',#6431,#6436);
#6431 = PLANE('',#6432);
#6432 = AXIS2_PLACEMENT_3D('',#6433,#6434,#6435);
#6433 = CARTESIAN_POINT('',(-45.,-22.5,60.));
#6434 = DIRECTION('',(0.,0.,1.));
#6435 = DIRECTION('',(1.,0.,-0.));
#6436 = DEFINITIONAL_REPRESENTATION('',(#6437),#6441);
#6437 = LINE('',#6438,#6439);
#6438 = CARTESIAN_POINT('',(0.,0.));
#6439 = VECTOR('',#6440,1.);
#6440 = DIRECTION('',(0.,1.));
#6441 = ( GEOMETRIC_REPRESENTATION_CONTEXT(2) 
PARAMETRIC_REPRESENTATION_CONTEXT() REPRESENTATION_CONTEXT('2D SPACE',''
  ) );
#6442 = ADVANCED_FACE('',(#6443),#6457,.T.);
#6443 = FACE_BOUND('',#6444,.T.);
#6444 = EDGE_LOOP('',(#6445,#6475,#6498,#6521));
#6445 = ORIENTED_EDGE('',*,*,#6446,.F.);
#6446 = EDGE_CURVE('',#6447,#6449,#6451,.T.);
#6447 = VERTEX_POINT('',#6448);
#6448 = CARTESIAN_POINT('',(45.,-22.5,0.));
#6449 = VERTEX_POINT('',#6450);
#6450 = CARTESIAN_POINT('',(45.,-22.5,60.));
#6451 = SURFACE_CURVE('',#6452,(#6456,#6468),.PCURVE_S1.);
#6452 = LINE('',#6453,#6454);
#6453 = CARTESIAN_POINT('',(45.,-22.5,0.));
#6454 = VECTOR('',#6455,1.);
#6455 = DIRECTION('',(0.,0.,1.));
#6456 = PCURVE('',#6457,#6462);
#6457 = PLANE('',#6458);
#6458 = AXIS2_PLACEMENT_3D('',#6459,#6460,#6461);
#6459 = CARTESIAN_POINT('',(45.,-22.5,0.));
#6460 = DIRECTION('',(1.,0.,-0.));
#6461 = DIRECTION('',(0.,0.,1.));
#6462 = DEFINITIONAL_REPRESENTATION('',(#6463),#6467);
#6463 = LINE('',#6464,#6465);
#6464 = CARTESIAN_POINT('',(0.,0.));
#6465 = VECTOR('',#6466,1.);
#6466 = DIRECTION('',(1.,0.));
#6467 = ( GEOMETRIC_REPRESENTATION_CONTEXT(2) 
PARAMETRIC_REPRESENTATION_CONTEXT() REPRESENTATION_CONTEXT('2D SPACE',''
  ) );
#6468 = PCURVE('',#6349,#6469);
#6469 = DEFINITIONAL_REPRESENTATION('',(#6470),#6474);
#6470 = LINE('',#6471,#6472);
#6471 = CARTESIAN_POINT('',(0.,90.));
#6472 = VECTOR('',#6473,1.);
#6473 = DIRECTION('',(1.,0.));
#6474 = ( GEOMETRIC_REPRESENTATION_CONTEXT(2) 
PARAMETRIC_REPRESENTATION_CONTEXT() REPRESENTATION_CONTEXT('2D SPACE',''
  ) );
#6475 = ORIENTED_EDGE('',*,*,#6476,.T.);
#6476 = EDGE_CURVE('',#6447,#6477,#6479,.T.);
#6477 = VERTEX_POINT('',#6478);
#6478 = CARTESIAN_POINT('',(45.,22.5,0.));
#6479 = SURFACE_CURVE('',#6480,(#6484,#6491),.PCURVE_S1.);
#6480 = LINE('',#6481,#6482);
#6481 = CARTESIAN_POINT('',(45.,-22.5,0.));
#6482 = VECTOR('',#6483,1.);
#6483 = DIRECTION('',(-0.,1.,0.));
#6484 = PCURVE('',#6457,#6485);
#6485 = DEFINITIONAL_REPRESENTATION('',(#6486),#6490);
#6486 = LINE('',#6487,#6488);
#6487 = CARTESIAN_POINT('',(0.,0.));
#6488 = VECTOR('',#6489,1.);
#6489 = DIRECTION('',(0.,-1.));
#6490 = ( GEOMETRIC_REPRESENTATION_CONTEXT(2) 
PARAMETRIC_REPRESENTATION_CONTEXT() REPRESENTATION_CONTEXT('2D SPACE',''
  ) );
#6491 = PCURVE('',#6377,#6492);
#6492 = DEFINITIONAL_REPRESENTATION('',(#6493),#6497);
#6493 = LINE('',#6494,#6495);
#6494 = CARTESIAN_POINT('',(90.,0.));
#6495 = VECTOR('',#6496,1.);
#6496 = DIRECTION('',(0.,1.));
#6497 = ( GEOMETRIC_REPRESENTATION_CONTEXT(2) 
PARAMETRIC_REPRESENTATION_CONTEXT() REPRESENTATION_CONTEXT('2D SPACE',''
  ) );
#6498 = ORIENTED_EDGE('',*,*,#6499,.T.);
#6499 = EDGE_CURVE('',#6477,#6500,#6502,.T.);
#6500 = VERTEX_POINT('',#6501);
#6501 = CARTESIAN_POINT('',(45.,22.5,60.));
#6502 = SURFACE_CURVE('',#6503,(#6507,#6514),.PCURVE_S1.);
#6503 = LINE('',#6504,#6505);
#6504 = CARTESIAN_POINT('',(45.,22.5,0.));
#6505 = VECTOR('',#6506,1.);
#6506 = DIRECTION('',(0.,0.,1.));
#6507 = PCURVE('',#6457,#6508);
#6508 = DEFINITIONAL_REPRESENTATION('',(#6509),#6513);
#6509 = LINE('',#6510,#6511);
#6510 = CARTESIAN_POINT('',(0.,-45.));
#6511 = VECTOR('',#6512,1.);
#6512 = DIRECTION('',(1.,0.));
#6513 = ( GEOMETRIC_REPRESENTATION_CONTEXT(2) 
PARAMETRIC_REPRESENTATION_CONTEXT() REPRESENTATION_CONTEXT('2D SPACE',''
  ) );
#6514 = PCURVE('',#6405,#6515);
#6515 = DEFINITIONAL_REPRESENTATION('',(#6516),#6520);
#6516 = LINE('',#6517,#6518);
#6517 = CARTESIAN_POINT('',(0.,90.));
#6518 = VECTOR('',#6519,1.);
#6519 = DIRECTION('',(1.,0.));
#6520 = ( GEOMETRIC_REPRESENTATION_CONTEXT(2) 
PARAMETRIC_REPRESENTATION_CONTEXT() REPRESENTATION_CONTEXT('2D SPACE',''
  ) );
#6521 = ORIENTED_EDGE('',*,*,#6522,.F.);
#6522 = EDGE_CURVE('',#6449,#6500,#6523,.T.);
#6523 = SURFACE_CURVE('',#6524,(#6528,#6535),.PCURVE_S1.);
#6524 = LINE('',#6525,#6526);
#6525 = CARTESIAN_POINT('',(45.,-22.5,60.));
#6526 = VECTOR('',#6527,1.);
#6527 = DIRECTION('',(-0.,1.,0.));
#6528 = PCURVE('',#6457,#6529);
#6529 = DEFINITIONAL_REPRESENTATION('',(#6530),#6534);
#6530 = LINE('',#6531,#6532);
#6531 = CARTESIAN_POINT('',(60.,0.));
#6532 = VECTOR('',#6533,1.);
#6533 = DIRECTION('',(0.,-1.));
#6534 = ( GEOMETRIC_REPRESENTATION_CONTEXT(2) 
PARAMETRIC_REPRESENTATION_CONTEXT() REPRESENTATION_CONTEXT('2D SPACE',''
  ) );
#6535 = PCURVE('',#6431,#6536);
#6536 = DEFINITIONAL_REPRESENTATION('',(#6537),#6541);
#6537 = LINE('',#6538,#6539);
#6538 = CARTESIAN_POINT('',(90.,0.));
#6539 = VECTOR('',#6540,1.);
#6540 = DIRECTION('',(0.,1.));
#6541 = ( GEOMETRIC_REPRESENTATION_CONTEXT(2) 
PARAMETRIC_REPRESENTATION_CONTEXT() REPRESENTATION_CONTEXT('2D SPACE',''
  ) );
#6542 = ADVANCED_FACE('',(#6543),#6349,.F.);
#6543 = FACE_BOUND('',#6544,.F.);
#6544 = EDGE_LOOP('',(#6545,#6566,#6567,#6588));
#6545 = ORIENTED_EDGE('',*,*,#6546,.F.);
#6546 = EDGE_CURVE('',#6327,#6447,#6547,.T.);
#6547 = SURFACE_CURVE('',#6548,(#6552,#6559),.PCURVE_S1.);
#6548 = LINE('',#6549,#6550);
#6549 = CARTESIAN_POINT('',(-45.,-22.5,0.));
#6550 = VECTOR('',#6551,1.);
#6551 = DIRECTION('',(1.,0.,-0.));
#6552 = PCURVE('',#6349,#6553);
#6553 = DEFINITIONAL_REPRESENTATION('',(#6554),#6558);
#6554 = LINE('',#6555,#6556);
#6555 = CARTESIAN_POINT('',(0.,0.));
#6556 = VECTOR('',#6557,1.);
#6557 = DIRECTION('',(0.,1.));
#6558 = ( GEOMETRIC_REPRESENTATION_CONTEXT(2) 
PARAMETRIC_REPRESENTATION_CONTEXT() REPRESENTATION_CONTEXT('2D SPACE',''
  ) );
#6559 = PCURVE('',#6377,#6560);
#6560 = DEFINITIONAL_REPRESENTATION('',(#6561),#6565);
#6561 = LINE('',#6562,#6563);
#6562 = CARTESIAN_POINT('',(0.,0.));
#6563 = VECTOR('',#6564,1.);
#6564 = DIRECTION('',(1.,0.));
#6565 = ( GEOMETRIC_REPRESENTATION_CONTEXT(2) 
PARAMETRIC_REPRESENTATION_CONTEXT() REPRESENTATION_CONTEXT('2D SPACE',''
  ) );
#6566 = ORIENTED_EDGE('',*,*,#6326,.T.);
#6567 = ORIENTED_EDGE('',*,*,#6568,.T.);
#6568 = EDGE_CURVE('',#6329,#6449,#6569,.T.);
#6569 = SURFACE_CURVE('',#6570,(#6574,#6581),.PCURVE_S1.);
#6570 = LINE('',#6571,#6572);
#6571 = CARTESIAN_POINT('',(-45.,-22.5,60.));
#6572 = VECTOR('',#6573,1.);
#6573 = DIRECTION('',(1.,0.,-0.));
#6574 = PCURVE('',#6349,#6575);
#6575 = DEFINITIONAL_REPRESENTATION('',(#6576),#6580);
#6576 = LINE('',#6577,#6578);
#6577 = CARTESIAN_POINT('',(60.,0.));
#6578 = VECTOR('',#6579,1.);
#6579 = DIRECTION('',(0.,1.));
#6580 = ( GEOMETRIC_REPRESENTATION_CONTEXT(2) 
PARAMETRIC_REPRESENTATION_CONTEXT() REPRESENTATION_CONTEXT('2D SPACE',''
  ) );
#6581 = PCURVE('',#6431,#6582);
#6582 = DEFINITIONAL_REPRESENTATION('',(#6583),#6587);
#6583 = LINE('',#6584,#6585);
#6584 = CARTESIAN_POINT('',(0.,0.));
#6585 = VECTOR('',#6586,1.);
#6586 = DIRECTION('',(1.,0.));
#6587 = ( GEOMETRIC_REPRESENTATION_CONTEXT(2) 
PARAMETRIC_REPRESENTATION_CONTEXT() REPRESENTATION_CONTEXT('2D SPACE',''
  ) );
#6588 = ORIENTED_EDGE('',*,*,#6446,.F.);
#6589 = ADVANCED_FACE('',(#6590),#6405,.T.);
#6590 = FACE_BOUND('',#6591,.T.);
#6591 = EDGE_LOOP('',(#6592,#6613,#6614,#6635));
#6592 = ORIENTED_EDGE('',*,*,#6593,.F.);
#6593 = EDGE_CURVE('',#6362,#6477,#6594,.T.);
#6594 = SURFACE_CURVE('',#6595,(#6599,#6606),.PCURVE_S1.);
#6595 = LINE('',#6596,#6597);
#6596 = CARTESIAN_POINT('',(-45.,22.5,0.));
#6597 = VECTOR('',#6598,1.);
#6598 = DIRECTION('',(1.,0.,-0.));
#6599 = PCURVE('',#6405,#6600);
#6600 = DEFINITIONAL_REPRESENTATION('',(#6601),#6605);
#6601 = LINE('',#6602,#6603);
#6602 = CARTESIAN_POINT('',(0.,0.));
#6603 = VECTOR('',#6604,1.);
#6604 = DIRECTION('',(0.,1.));
#6605 = ( GEOMETRIC_REPRESENTATION_CONTEXT(2) 
PARAMETRIC_REPRESENTATION_CONTEXT() REPRESENTATION_CONTEXT('2D SPACE',''
  ) );
#6606 = PCURVE('',#6377,#6607);
#6607 = DEFINITIONAL_REPRESENTATION('',(#6608),#6612);
#6608 = LINE('',#6609,#6610);
#6609 = CARTESIAN_POINT('',(0.,45.));
#6610 = VECTOR('',#6611,1.);
#6611 = DIRECTION('',(1.,0.));
#6612 = ( GEOMETRIC_REPRESENTATION_CONTEXT(2) 
PARAMETRIC_REPRESENTATION_CONTEXT() REPRESENTATION_CONTEXT('2D SPACE',''
  ) );
#6613 = ORIENTED_EDGE('',*,*,#6389,.T.);
#6614 = ORIENTED_EDGE('',*,*,#6615,.T.);
#6615 = EDGE_CURVE('',#6390,#6500,#6616,.T.);
#6616 = SURFACE_CURVE('',#6617,(#6621,#6628),.PCURVE_S1.);
#6617 = LINE('',#6618,#6619);
#6618 = CARTESIAN_POINT('',(-45.,22.5,60.));
#6619 = VECTOR('',#6620,1.);
#6620 = DIRECTION('',(1.,0.,-0.));
#6621 = PCURVE('',#6405,#6622);
#6622 = DEFINITIONAL_REPRESENTATION('',(#6623),#6627);
#6623 = LINE('',#6624,#6625);
#6624 = CARTESIAN_POINT('',(60.,0.));
#6625 = VECTOR('',#6626,1.);
#6626 = DIRECTION('',(0.,1.));
#6627 = ( GEOMETRIC_REPRESENTATION_CONTEXT(2) 
PARAMETRIC_REPRESENTATION_CONTEXT() REPRESENTATION_CONTEXT('2D SPACE',''
  ) );
#6628 = PCURVE('',#6431,#6629);
#6629 = DEFINITIONAL_REPRESENTATION('',(#6630),#6634);
#6630 = LINE('',#6631,#6632);
#6631 = CARTESIAN_POINT('',(0.,45.));
#6632 = VECTOR('',#6633,1.);
#6633 = DIRECTION('',(1.,0.));
#6634 = ( GEOMETRIC_REPRESENTATION_CONTEXT(2) 
PARAMETRIC_REPRESENTATION_CONTEXT() REPRESENTATION_CONTEXT('2D SPACE',''
  ) );
#6635 = ORIENTED_EDGE('',*,*,#6499,.F.);
#6636 = ADVANCED_FACE('',(#6637),#6377,.F.);
#6637 = FACE_BOUND('',#6638,.F.);
#6638 = EDGE_LOOP('',(#6639,#6640,#6641,#6642));
#6639 = ORIENTED_EDGE('',*,*,#6361,.F.);
#6640 = ORIENTED_EDGE('',*,*,#6546,.T.);
#6641 = ORIENTED_EDGE('',*,*,#6476,.T.);
#6642 = ORIENTED_EDGE('',*,*,#6593,.F.);
#6643 = ADVANCED_FACE('',(#6644),#6431,.T.);
#6644 = FACE_BOUND('',#6645,.T.);
#6645 = EDGE_LOOP('',(#6646,#6647,#6648,#6649));
#6646 = ORIENTED_EDGE('',*,*,#6417,.F.);
#6647 = ORIENTED_EDGE('',*,*,#6568,.T.);
#6648 = ORIENTED_EDGE('',*,*,#6522,.T.);
#6649 = ORIENTED_EDGE('',*,*,#6615,.F.);
#6650 = ( GEOMETRIC_REPRESENTATION_CONTEXT(3) 
GLOBAL_UNCERTAINTY_ASSIGNED_CONTEXT((#6654)) 
GLOBAL_UNIT_ASSIGNED_CONTEXT((#6651,#6652,#6653)) REPRESENTATION_CONTEXT
('Context #1','3D Context with UNIT and UNCERTAINTY') );
#6651 = ( LENGTH_UNIT() NAMED_UNIT(*) SI_UNIT(.MILLI.,.METRE.) );
#6652 = ( NAMED_UNIT(*) PLANE_ANGLE_UNIT() SI_UNIT($,.RADIAN.) );
#6653 = ( NAMED_UNIT(*) SI_UNIT($,.STERADIAN.) SOLID_ANGLE_UNIT() );
#6654 = UNCERTAINTY_MEASURE_WITH_UNIT(LENGTH_MEASURE(1.E-07),#6651,
  'distance_accuracy_value','confusion accuracy');
#6655 = CONTEXT_DEPENDENT_SHAPE_REPRESENTATION(#6656,#6658);
#6656 = ( REPRESENTATION_RELATIONSHIP('','',#6319,#10) 
REPRESENTATION_RELATIONSHIP_WITH_TRANSFORMATION(#6657) 
SHAPE_REPRESENTATION_RELATIONSHIP() );
#6657 = ITEM_DEFINED_TRANSFORMATION('','',#11,#35);
#6658 = PRODUCT_DEFINITION_SHAPE('Placement','Placement of an item',
  #6659);
#6659 = NEXT_ASSEMBLY_USAGE_OCCURRENCE('13','=>[0:1:1:7]','',#5,#6314,$
  );
#6660 = PRODUCT_RELATED_PRODUCT_CATEGORY('part',$,(#6316));
#6661 = SHAPE_DEFINITION_REPRESENTATION(#6662,#6668);
#6662 = PRODUCT_DEFINITION_SHAPE('','',#6663);
#6663 = PRODUCT_DEFINITION('design','',#6664,#6667);
#6664 = PRODUCT_DEFINITION_FORMATION('','',#6665);
#6665 = PRODUCT('COMPOUND','COMPOUND','',(#6666));
#6666 = PRODUCT_CONTEXT('',#2,'mechanical');
#6667 = PRODUCT_DEFINITION_CONTEXT('part definition',#2,'design');
#6668 = ADVANCED_BREP_SHAPE_REPRESENTATION('',(#11,#6669),#6999);
#6669 = MANIFOLD_SOLID_BREP('',#6670);
#6670 = CLOSED_SHELL('',(#6671,#6791,#6891,#6938,#6985,#6992));
#6671 = ADVANCED_FACE('',(#6672),#6686,.F.);
#6672 = FACE_BOUND('',#6673,.F.);
#6673 = EDGE_LOOP('',(#6674,#6709,#6737,#6765));
#6674 = ORIENTED_EDGE('',*,*,#6675,.F.);
#6675 = EDGE_CURVE('',#6676,#6678,#6680,.T.);
#6676 = VERTEX_POINT('',#6677);
#6677 = CARTESIAN_POINT('',(-45.,-22.5,0.));
#6678 = VERTEX_POINT('',#6679);
#6679 = CARTESIAN_POINT('',(-45.,-22.5,60.));
#6680 = SURFACE_CURVE('',#6681,(#6685,#6697),.PCURVE_S1.);
#6681 = LINE('',#6682,#6683);
#6682 = CARTESIAN_POINT('',(-45.,-22.5,0.));
#6683 = VECTOR('',#6684,1.);
#6684 = DIRECTION('',(0.,0.,1.));
#6685 = PCURVE('',#6686,#6691);
#6686 = PLANE('',#6687);
#6687 = AXIS2_PLACEMENT_3D('',#6688,#6689,#6690);
#6688 = CARTESIAN_POINT('',(-45.,-22.5,0.));
#6689 = DIRECTION('',(1.,0.,-0.));
#6690 = DIRECTION('',(0.,0.,1.));
#6691 = DEFINITIONAL_REPRESENTATION('',(#6692),#6696);
#6692 = LINE('',#6693,#6694);
#6693 = CARTESIAN_POINT('',(0.,0.));
#6694 = VECTOR('',#6695,1.);
#6695 = DIRECTION('',(1.,0.));
#6696 = ( GEOMETRIC_REPRESENTATION_CONTEXT(2) 
PARAMETRIC_REPRESENTATION_CONTEXT() REPRESENTATION_CONTEXT('2D SPACE',''
  ) );
#6697 = PCURVE('',#6698,#6703);
#6698 = PLANE('',#6699);
#6699 = AXIS2_PLACEMENT_3D('',#6700,#6701,#6702);
#6700 = CARTESIAN_POINT('',(-45.,-22.5,0.));
#6701 = DIRECTION('',(-0.,1.,0.));
#6702 = DIRECTION('',(0.,0.,1.));
#6703 = DEFINITIONAL_REPRESENTATION('',(#6704),#6708);
#6704 = LINE('',#6705,#6706);
#6705 = CARTESIAN_POINT('',(0.,0.));
#6706 = VECTOR('',#6707,1.);
#6707 = DIRECTION('',(1.,0.));
#6708 = ( GEOMETRIC_REPRESENTATION_CONTEXT(2) 
PARAMETRIC_REPRESENTATION_CONTEXT() REPRESENTATION_CONTEXT('2D SPACE',''
  ) );
#6709 = ORIENTED_EDGE('',*,*,#6710,.T.);
#6710 = EDGE_CURVE('',#6676,#6711,#6713,.T.);
#6711 = VERTEX_POINT('',#6712);
#6712 = CARTESIAN_POINT('',(-45.,22.5,0.));
#6713 = SURFACE_CURVE('',#6714,(#6718,#6725),.PCURVE_S1.);
#6714 = LINE('',#6715,#6716);
#6715 = CARTESIAN_POINT('',(-45.,-22.5,0.));
#6716 = VECTOR('',#6717,1.);
#6717 = DIRECTION('',(-0.,1.,0.));
#6718 = PCURVE('',#6686,#6719);
#6719 = DEFINITIONAL_REPRESENTATION('',(#6720),#6724);
#6720 = LINE('',#6721,#6722);
#6721 = CARTESIAN_POINT('',(0.,0.));
#6722 = VECTOR('',#6723,1.);
#6723 = DIRECTION('',(0.,-1.));
#6724 = ( GEOMETRIC_REPRESENTATION_CONTEXT(2) 
PARAMETRIC_REPRESENTATION_CONTEXT() REPRESENTATION_CONTEXT('2D SPACE',''
  ) );
#6725 = PCURVE('',#6726,#6731);
#6726 = PLANE('',#6727);
#6727 = AXIS2_PLACEMENT_3D('',#6728,#6729,#6730);
#6728 = CARTESIAN_POINT('',(-45.,-22.5,0.));
#6729 = DIRECTION('',(0.,0.,1.));
#6730 = DIRECTION('',(1.,0.,-0.));
#6731 = DEFINITIONAL_REPRESENTATION('',(#6732),#6736);
#6732 = LINE('',#6733,#6734);
#6733 = CARTESIAN_POINT('',(0.,0.));
#6734 = VECTOR('',#6735,1.);
#6735 = DIRECTION('',(0.,1.));
#6736 = ( GEOMETRIC_REPRESENTATION_CONTEXT(2) 
PARAMETRIC_REPRESENTATION_CONTEXT() REPRESENTATION_CONTEXT('2D SPACE',''
  ) );
#6737 = ORIENTED_EDGE('',*,*,#6738,.T.);
#6738 = EDGE_CURVE('',#6711,#6739,#6741,.T.);
#6739 = VERTEX_POINT('',#6740);
#6740 = CARTESIAN_POINT('',(-45.,22.5,60.));
#6741 = SURFACE_CURVE('',#6742,(#6746,#6753),.PCURVE_S1.);
#6742 = LINE('',#6743,#6744);
#6743 = CARTESIAN_POINT('',(-45.,22.5,0.));
#6744 = VECTOR('',#6745,1.);
#6745 = DIRECTION('',(0.,0.,1.));
#6746 = PCURVE('',#6686,#6747);
#6747 = DEFINITIONAL_REPRESENTATION('',(#6748),#6752);
#6748 = LINE('',#6749,#6750);
#6749 = CARTESIAN_POINT('',(0.,-45.));
#6750 = VECTOR('',#6751,1.);
#6751 = DIRECTION('',(1.,0.));
#6752 = ( GEOMETRIC_REPRESENTATION_CONTEXT(2) 
PARAMETRIC_REPRESENTATION_CONTEXT() REPRESENTATION_CONTEXT('2D SPACE',''
  ) );
#6753 = PCURVE('',#6754,#6759);
#6754 = PLANE('',#6755);
#6755 = AXIS2_PLACEMENT_3D('',#6756,#6757,#6758);
#6756 = CARTESIAN_POINT('',(-45.,22.5,0.));
#6757 = DIRECTION('',(-0.,1.,0.));
#6758 = DIRECTION('',(0.,0.,1.));
#6759 = DEFINITIONAL_REPRESENTATION('',(#6760),#6764);
#6760 = LINE('',#6761,#6762);
#6761 = CARTESIAN_POINT('',(0.,0.));
#6762 = VECTOR('',#6763,1.);
#6763 = DIRECTION('',(1.,0.));
#6764 = ( GEOMETRIC_REPRESENTATION_CONTEXT(2) 
PARAMETRIC_REPRESENTATION_CONTEXT() REPRESENTATION_CONTEXT('2D SPACE',''
  ) );
#6765 = ORIENTED_EDGE('',*,*,#6766,.F.);
#6766 = EDGE_CURVE('',#6678,#6739,#6767,.T.);
#6767 = SURFACE_CURVE('',#6768,(#6772,#6779),.PCURVE_S1.);
#6768 = LINE('',#6769,#6770);
#6769 = CARTESIAN_POINT('',(-45.,-22.5,60.));
#6770 = VECTOR('',#6771,1.);
#6771 = DIRECTION('',(-0.,1.,0.));
#6772 = PCURVE('',#6686,#6773);
#6773 = DEFINITIONAL_REPRESENTATION('',(#6774),#6778);
#6774 = LINE('',#6775,#6776);
#6775 = CARTESIAN_POINT('',(60.,0.));
#6776 = VECTOR('',#6777,1.);
#6777 = DIRECTION('',(0.,-1.));
#6778 = ( GEOMETRIC_REPRESENTATION_CONTEXT(2) 
PARAMETRIC_REPRESENTATION_CONTEXT() REPRESENTATION_CONTEXT('2D SPACE',''
  ) );
#6779 = PCURVE('',#6780,#6785);
#6780 = PLANE('',#6781);
#6781 = AXIS2_PLACEMENT_3D('',#6782,#6783,#6784);
#6782 = CARTESIAN_POINT('',(-45.,-22.5,60.));
#6783 = DIRECTION('',(0.,0.,1.));
#6784 = DIRECTION('',(1.,0.,-0.));
#6785 = DEFINITIONAL_REPRESENTATION('',(#6786),#6790);
#6786 = LINE('',#6787,#6788);
#6787 = CARTESIAN_POINT('',(0.,0.));
#6788 = VECTOR('',#6789,1.);
#6789 = DIRECTION('',(0.,1.));
#6790 = ( GEOMETRIC_REPRESENTATION_CONTEXT(2) 
PARAMETRIC_REPRESENTATION_CONTEXT() REPRESENTATION_CONTEXT('2D SPACE',''
  ) );
#6791 = ADVANCED_FACE('',(#6792),#6806,.T.);
#6792 = FACE_BOUND('',#6793,.T.);
#6793 = EDGE_LOOP('',(#6794,#6824,#6847,#6870));
#6794 = ORIENTED_EDGE('',*,*,#6795,.F.);
#6795 = EDGE_CURVE('',#6796,#6798,#6800,.T.);
#6796 = VERTEX_POINT('',#6797);
#6797 = CARTESIAN_POINT('',(45.,-22.5,0.));
#6798 = VERTEX_POINT('',#6799);
#6799 = CARTESIAN_POINT('',(45.,-22.5,60.));
#6800 = SURFACE_CURVE('',#6801,(#6805,#6817),.PCURVE_S1.);
#6801 = LINE('',#6802,#6803);
#6802 = CARTESIAN_POINT('',(45.,-22.5,0.));
#6803 = VECTOR('',#6804,1.);
#6804 = DIRECTION('',(0.,0.,1.));
#6805 = PCURVE('',#6806,#6811);
#6806 = PLANE('',#6807);
#6807 = AXIS2_PLACEMENT_3D('',#6808,#6809,#6810);
#6808 = CARTESIAN_POINT('',(45.,-22.5,0.));
#6809 = DIRECTION('',(1.,0.,-0.));
#6810 = DIRECTION('',(0.,0.,1.));
#6811 = DEFINITIONAL_REPRESENTATION('',(#6812),#6816);
#6812 = LINE('',#6813,#6814);
#6813 = CARTESIAN_POINT('',(0.,0.));
#6814 = VECTOR('',#6815,1.);
#6815 = DIRECTION('',(1.,0.));
#6816 = ( GEOMETRIC_REPRESENTATION_CONTEXT(2) 
PARAMETRIC_REPRESENTATION_CONTEXT() REPRESENTATION_CONTEXT('2D SPACE',''
  ) );
#6817 = PCURVE('',#6698,#6818);
#6818 = DEFINITIONAL_REPRESENTATION('',(#6819),#6823);
#6819 = LINE('',#6820,#6821);
#6820 = CARTESIAN_POINT('',(0.,90.));
#6821 = VECTOR('',#6822,1.);
#6822 = DIRECTION('',(1.,0.));
#6823 = ( GEOMETRIC_REPRESENTATION_CONTEXT(2) 
PARAMETRIC_REPRESENTATION_CONTEXT() REPRESENTATION_CONTEXT('2D SPACE',''
  ) );
#6824 = ORIENTED_EDGE('',*,*,#6825,.T.);
#6825 = EDGE_CURVE('',#6796,#6826,#6828,.T.);
#6826 = VERTEX_POINT('',#6827);
#6827 = CARTESIAN_POINT('',(45.,22.5,0.));
#6828 = SURFACE_CURVE('',#6829,(#6833,#6840),.PCURVE_S1.);
#6829 = LINE('',#6830,#6831);
#6830 = CARTESIAN_POINT('',(45.,-22.5,0.));
#6831 = VECTOR('',#6832,1.);
#6832 = DIRECTION('',(-0.,1.,0.));
#6833 = PCURVE('',#6806,#6834);
#6834 = DEFINITIONAL_REPRESENTATION('',(#6835),#6839);
#6835 = LINE('',#6836,#6837);
#6836 = CARTESIAN_POINT('',(0.,0.));
#6837 = VECTOR('',#6838,1.);
#6838 = DIRECTION('',(0.,-1.));
#6839 = ( GEOMETRIC_REPRESENTATION_CONTEXT(2) 
PARAMETRIC_REPRESENTATION_CONTEXT() REPRESENTATION_CONTEXT('2D SPACE',''
  ) );
#6840 = PCURVE('',#6726,#6841);
#6841 = DEFINITIONAL_REPRESENTATION('',(#6842),#6846);
#6842 = LINE('',#6843,#6844);
#6843 = CARTESIAN_POINT('',(90.,0.));
#6844 = VECTOR('',#6845,1.);
#6845 = DIRECTION('',(0.,1.));
#6846 = ( GEOMETRIC_REPRESENTATION_CONTEXT(2) 
PARAMETRIC_REPRESENTATION_CONTEXT() REPRESENTATION_CONTEXT('2D SPACE',''
  ) );
#6847 = ORIENTED_EDGE('',*,*,#6848,.T.);
#6848 = EDGE_CURVE('',#6826,#6849,#6851,.T.);
#6849 = VERTEX_POINT('',#6850);
#6850 = CARTESIAN_POINT('',(45.,22.5,60.));
#6851 = SURFACE_CURVE('',#6852,(#6856,#6863),.PCURVE_S1.);
#6852 = LINE('',#6853,#6854);
#6853 = CARTESIAN_POINT('',(45.,22.5,0.));
#6854 = VECTOR('',#6855,1.);
#6855 = DIRECTION('',(0.,0.,1.));
#6856 = PCURVE('',#6806,#6857);
#6857 = DEFINITIONAL_REPRESENTATION('',(#6858),#6862);
#6858 = LINE('',#6859,#6860);
#6859 = CARTESIAN_POINT('',(0.,-45.));
#6860 = VECTOR('',#6861,1.);
#6861 = DIRECTION('',(1.,0.));
#6862 = ( GEOMETRIC_REPRESENTATION_CONTEXT(2) 
PARAMETRIC_REPRESENTATION_CONTEXT() REPRESENTATION_CONTEXT('2D SPACE',''
  ) );
#6863 = PCURVE('',#6754,#6864);
#6864 = DEFINITIONAL_REPRESENTATION('',(#6865),#6869);
#6865 = LINE('',#6866,#6867);
#6866 = CARTESIAN_POINT('',(0.,90.));
#6867 = VECTOR('',#6868,1.);
#6868 = DIRECTION('',(1.,0.));
#6869 = ( GEOMETRIC_REPRESENTATION_CONTEXT(2) 
PARAMETRIC_REPRESENTATION_CONTEXT() REPRESENTATION_CONTEXT('2D SPACE',''
  ) );
#6870 = ORIENTED_EDGE('',*,*,#6871,.F.);
#6871 = EDGE_CURVE('',#6798,#6849,#6872,.T.);
#6872 = SURFACE_CURVE('',#6873,(#6877,#6884),.PCURVE_S1.);
#6873 = LINE('',#6874,#6875);
#6874 = CARTESIAN_POINT('',(45.,-22.5,60.));
#6875 = VECTOR('',#6876,1.);
#6876 = DIRECTION('',(-0.,1.,0.));
#6877 = PCURVE('',#6806,#6878);
#6878 = DEFINITIONAL_REPRESENTATION('',(#6879),#6883);
#6879 = LINE('',#6880,#6881);
#6880 = CARTESIAN_POINT('',(60.,0.));
#6881 = VECTOR('',#6882,1.);
#6882 = DIRECTION('',(0.,-1.));
#6883 = ( GEOMETRIC_REPRESENTATION_CONTEXT(2) 
PARAMETRIC_REPRESENTATION_CONTEXT() REPRESENTATION_CONTEXT('2D SPACE',''
  ) );
#6884 = PCURVE('',#6780,#6885);
#6885 = DEFINITIONAL_REPRESENTATION('',(#6886),#6890);
#6886 = LINE('',#6887,#6888);
#6887 = CARTESIAN_POINT('',(90.,0.));
#6888 = VECTOR('',#6889,1.);
#6889 = DIRECTION('',(0.,1.));
#6890 = ( GEOMETRIC_REPRESENTATION_CONTEXT(2) 
PARAMETRIC_REPRESENTATION_CONTEXT() REPRESENTATION_CONTEXT('2D SPACE',''
  ) );
#6891 = ADVANCED_FACE('',(#6892),#6698,.F.);
#6892 = FACE_BOUND('',#6893,.F.);
#6893 = EDGE_LOOP('',(#6894,#6915,#6916,#6937));
#6894 = ORIENTED_EDGE('',*,*,#6895,.F.);
#6895 = EDGE_CURVE('',#6676,#6796,#6896,.T.);
#6896 = SURFACE_CURVE('',#6897,(#6901,#6908),.PCURVE_S1.);
#6897 = LINE('',#6898,#6899);
#6898 = CARTESIAN_POINT('',(-45.,-22.5,0.));
#6899 = VECTOR('',#6900,1.);
#6900 = DIRECTION('',(1.,0.,-0.));
#6901 = PCURVE('',#6698,#6902);
#6902 = DEFINITIONAL_REPRESENTATION('',(#6903),#6907);
#6903 = LINE('',#6904,#6905);
#6904 = CARTESIAN_POINT('',(0.,0.));
#6905 = VECTOR('',#6906,1.);
#6906 = DIRECTION('',(0.,1.));
#6907 = ( GEOMETRIC_REPRESENTATION_CONTEXT(2) 
PARAMETRIC_REPRESENTATION_CONTEXT() REPRESENTATION_CONTEXT('2D SPACE',''
  ) );
#6908 = PCURVE('',#6726,#6909);
#6909 = DEFINITIONAL_REPRESENTATION('',(#6910),#6914);
#6910 = LINE('',#6911,#6912);
#6911 = CARTESIAN_POINT('',(0.,0.));
#6912 = VECTOR('',#6913,1.);
#6913 = DIRECTION('',(1.,0.));
#6914 = ( GEOMETRIC_REPRESENTATION_CONTEXT(2) 
PARAMETRIC_REPRESENTATION_CONTEXT() REPRESENTATION_CONTEXT('2D SPACE',''
  ) );
#6915 = ORIENTED_EDGE('',*,*,#6675,.T.);
#6916 = ORIENTED_EDGE('',*,*,#6917,.T.);
#6917 = EDGE_CURVE('',#6678,#6798,#6918,.T.);
#6918 = SURFACE_CURVE('',#6919,(#6923,#6930),.PCURVE_S1.);
#6919 = LINE('',#6920,#6921);
#6920 = CARTESIAN_POINT('',(-45.,-22.5,60.));
#6921 = VECTOR('',#6922,1.);
#6922 = DIRECTION('',(1.,0.,-0.));
#6923 = PCURVE('',#6698,#6924);
#6924 = DEFINITIONAL_REPRESENTATION('',(#6925),#6929);
#6925 = LINE('',#6926,#6927);
#6926 = CARTESIAN_POINT('',(60.,0.));
#6927 = VECTOR('',#6928,1.);
#6928 = DIRECTION('',(0.,1.));
#6929 = ( GEOMETRIC_REPRESENTATION_CONTEXT(2) 
PARAMETRIC_REPRESENTATION_CONTEXT() REPRESENTATION_CONTEXT('2D SPACE',''
  ) );
#6930 = PCURVE('',#6780,#6931);
#6931 = DEFINITIONAL_REPRESENTATION('',(#6932),#6936);
#6932 = LINE('',#6933,#6934);
#6933 = CARTESIAN_POINT('',(0.,0.));
#6934 = VECTOR('',#6935,1.);
#6935 = DIRECTION('',(1.,0.));
#6936 = ( GEOMETRIC_REPRESENTATION_CONTEXT(2) 
PARAMETRIC_REPRESENTATION_CONTEXT() REPRESENTATION_CONTEXT('2D SPACE',''
  ) );
#6937 = ORIENTED_EDGE('',*,*,#6795,.F.);
#6938 = ADVANCED_FACE('',(#6939),#6754,.T.);
#6939 = FACE_BOUND('',#6940,.T.);
#6940 = EDGE_LOOP('',(#6941,#6962,#6963,#6984));
#6941 = ORIENTED_EDGE('',*,*,#6942,.F.);
#6942 = EDGE_CURVE('',#6711,#6826,#6943,.T.);
#6943 = SURFACE_CURVE('',#6944,(#6948,#6955),.PCURVE_S1.);
#6944 = LINE('',#6945,#6946);
#6945 = CARTESIAN_POINT('',(-45.,22.5,0.));
#6946 = VECTOR('',#6947,1.);
#6947 = DIRECTION('',(1.,0.,-0.));
#6948 = PCURVE('',#6754,#6949);
#6949 = DEFINITIONAL_REPRESENTATION('',(#6950),#6954);
#6950 = LINE('',#6951,#6952);
#6951 = CARTESIAN_POINT('',(0.,0.));
#6952 = VECTOR('',#6953,1.);
#6953 = DIRECTION('',(0.,1.));
#6954 = ( GEOMETRIC_REPRESENTATION_CONTEXT(2) 
PARAMETRIC_REPRESENTATION_CONTEXT() REPRESENTATION_CONTEXT('2D SPACE',''
  ) );
#6955 = PCURVE('',#6726,#6956);
#6956 = DEFINITIONAL_REPRESENTATION('',(#6957),#6961);
#6957 = LINE('',#6958,#6959);
#6958 = CARTESIAN_POINT('',(0.,45.));
#6959 = VECTOR('',#6960,1.);
#6960 = DIRECTION('',(1.,0.));
#6961 = ( GEOMETRIC_REPRESENTATION_CONTEXT(2) 
PARAMETRIC_REPRESENTATION_CONTEXT() REPRESENTATION_CONTEXT('2D SPACE',''
  ) );
#6962 = ORIENTED_EDGE('',*,*,#6738,.T.);
#6963 = ORIENTED_EDGE('',*,*,#6964,.T.);
#6964 = EDGE_CURVE('',#6739,#6849,#6965,.T.);
#6965 = SURFACE_CURVE('',#6966,(#6970,#6977),.PCURVE_S1.);
#6966 = LINE('',#6967,#6968);
#6967 = CARTESIAN_POINT('',(-45.,22.5,60.));
#6968 = VECTOR('',#6969,1.);
#6969 = DIRECTION('',(1.,0.,-0.));
#6970 = PCURVE('',#6754,#6971);
#6971 = DEFINITIONAL_REPRESENTATION('',(#6972),#6976);
#6972 = LINE('',#6973,#6974);
#6973 = CARTESIAN_POINT('',(60.,0.));
#6974 = VECTOR('',#6975,1.);
#6975 = DIRECTION('',(0.,1.));
#6976 = ( GEOMETRIC_REPRESENTATION_CONTEXT(2) 
PARAMETRIC_REPRESENTATION_CONTEXT() REPRESENTATION_CONTEXT('2D SPACE',''
  ) );
#6977 = PCURVE('',#6780,#6978);
#6978 = DEFINITIONAL_REPRESENTATION('',(#6979),#6983);
#6979 = LINE('',#6980,#6981);
#6980 = CARTESIAN_POINT('',(0.,45.));
#6981 = VECTOR('',#6982,1.);
#6982 = DIRECTION('',(1.,0.));
#6983 = ( GEOMETRIC_REPRESENTATION_CONTEXT(2) 
PARAMETRIC_REPRESENTATION_CONTEXT() REPRESENTATION_CONTEXT('2D SPACE',''
  ) );
#6984 = ORIENTED_EDGE('',*,*,#6848,.F.);
#6985 = ADVANCED_FACE('',(#6986),#6726,.F.);
#6986 = FACE_BOUND('',#6987,.F.);
#6987 = EDGE_LOOP('',(#6988,#6989,#6990,#6991));
#6988 = ORIENTED_EDGE('',*,*,#6710,.F.);
#6989 = ORIENTED_EDGE('',*,*,#6895,.T.);
#6990 = ORIENTED_EDGE('',*,*,#6825,.T.);
#6991 = ORIENTED_EDGE('',*,*,#6942,.F.);
#6992 = ADVANCED_FACE('',(#6993),#6780,.T.);
#6993 = FACE_BOUND('',#6994,.T.);
#6994 = EDGE_LOOP('',(#6995,#6996,#6997,#6998));
#6995 = ORIENTED_EDGE('',*,*,#6766,.F.);
#6996 = ORIENTED_EDGE('',*,*,#6917,.T.);
#6997 = ORIENTED_EDGE('',*,*,#6871,.T.);
#6998 = ORIENTED_EDGE('',*,*,#6964,.F.);
#6999 = ( GEOMETRIC_REPRESENTATION_CONTEXT(3) 
GLOBAL_UNCERTAINTY_ASSIGNED_CONTEXT((#7003)) 
GLOBAL_UNIT_ASSIGNED_CONTEXT((#7000,#7001,#7002)) REPRESENTATION_CONTEXT
('Context #1','3D Context with UNIT and UNCERTAINTY') );
#7000 = ( LENGTH_UNIT() NAMED_UNIT(*) SI_UNIT(.MILLI.,.METRE.) );
#7001 = ( NAMED_UNIT(*) PLANE_ANGLE_UNIT() SI_UNIT($,.RADIAN.) );
#7002 = ( NAMED_UNIT(*) SI_UNIT($,.STERADIAN.) SOLID_ANGLE_UNIT() );
#7003 = UNCERTAINTY_MEASURE_WITH_UNIT(LENGTH_MEASURE(1.E-07),#7000,
  'distance_accuracy_value','confusion accuracy');
#7004 = CONTEXT_DEPENDENT_SHAPE_REPRESENTATION(#7005,#7007);
#7005 = ( REPRESENTATION_RELATIONSHIP('','',#6668,#10) 
REPRESENTATION_RELATIONSHIP_WITH_TRANSFORMATION(#7006) 
SHAPE_REPRESENTATION_RELATIONSHIP() );
#7006 = ITEM_DEFINED_TRANSFORMATION('','',#11,#39);
#7007 = PRODUCT_DEFINITION_SHAPE('Placement','Placement of an item',
  #7008);
#7008 = NEXT_ASSEMBLY_USAGE_OCCURRENCE('14','=>[0:1:1:8]','',#5,#6663,$
  );
#7009 = PRODUCT_RELATED_PRODUCT_CATEGORY('part',$,(#6665));
#7010 = SHAPE_DEFINITION_REPRESENTATION(#7011,#7017);
#7011 = PRODUCT_DEFINITION_SHAPE('','',#7012);
#7012 = PRODUCT_DEFINITION('design','',#7013,#7016);
#7013 = PRODUCT_DEFINITION_FORMATION('','',#7014);
#7014 = PRODUCT('COMPOUND','COMPOUND','',(#7015));
#7015 = PRODUCT_CONTEXT('',#2,'mechanical');
#7016 = PRODUCT_DEFINITION_CONTEXT('part definition',#2,'design');
#7017 = SHAPE_REPRESENTATION('',(#11,#7018,#7528,#8038,#8548,#9058,#9568
    ,#10078,#10588,#11098,#11608,#12118,#12628,#13138,#13648,#14158,
    #14668,#15178,#15688,#16198,#16708,#17218,#17728,#18238,#18748,
    #19258,#19768),#20278);
#7018 = MANIFOLD_SOLID_BREP('',#7019);
#7019 = CLOSED_SHELL('',(#7020,#7140,#7216,#7327,#7376,#7403,#7410,#7465
    ,#7520,#7524));
#7020 = ADVANCED_FACE('',(#7021),#7035,.F.);
#7021 = FACE_BOUND('',#7022,.F.);
#7022 = EDGE_LOOP('',(#7023,#7058,#7086,#7114));
#7023 = ORIENTED_EDGE('',*,*,#7024,.F.);
#7024 = EDGE_CURVE('',#7025,#7027,#7029,.T.);
#7025 = VERTEX_POINT('',#7026);
#7026 = CARTESIAN_POINT('',(-226.12,-114.34,0.));
#7027 = VERTEX_POINT('',#7028);
#7028 = CARTESIAN_POINT('',(-226.12,-114.34,102.8));
#7029 = SURFACE_CURVE('',#7030,(#7034,#7046),.PCURVE_S1.);
#7030 = LINE('',#7031,#7032);
#7031 = CARTESIAN_POINT('',(-226.12,-114.34,0.));
#7032 = VECTOR('',#7033,1.);
#7033 = DIRECTION('',(0.,0.,1.));
#7034 = PCURVE('',#7035,#7040);
#7035 = PLANE('',#7036);
#7036 = AXIS2_PLACEMENT_3D('',#7037,#7038,#7039);
#7037 = CARTESIAN_POINT('',(-226.12,-114.34,0.));
#7038 = DIRECTION('',(1.,0.,0.));
#7039 = DIRECTION('',(0.,0.,1.));
#7040 = DEFINITIONAL_REPRESENTATION('',(#7041),#7045);
#7041 = LINE('',#7042,#7043);
#7042 = CARTESIAN_POINT('',(0.,0.));
#7043 = VECTOR('',#7044,1.);
#7044 = DIRECTION('',(1.,0.));
#7045 = ( GEOMETRIC_REPRESENTATION_CONTEXT(2) 
PARAMETRIC_REPRESENTATION_CONTEXT() REPRESENTATION_CONTEXT('2D SPACE',''
  ) );
#7046 = PCURVE('',#7047,#7052);
#7047 = PLANE('',#7048);
#7048 = AXIS2_PLACEMENT_3D('',#7049,#7050,#7051);
#7049 = CARTESIAN_POINT('',(-226.12,-114.34,0.));
#7050 = DIRECTION('',(0.,1.,0.));
#7051 = DIRECTION('',(0.,0.,1.));
#7052 = DEFINITIONAL_REPRESENTATION('',(#7053),#7057);
#7053 = LINE('',#7054,#7055);
#7054 = CARTESIAN_POINT('',(0.,0.));
#7055 = VECTOR('',#7056,1.);
#7056 = DIRECTION('',(1.,0.));
#7057 = ( GEOMETRIC_REPRESENTATION_CONTEXT(2) 
PARAMETRIC_REPRESENTATION_CONTEXT() REPRESENTATION_CONTEXT('2D SPACE',''
  ) );
#7058 = ORIENTED_EDGE('',*,*,#7059,.T.);
#7059 = EDGE_CURVE('',#7025,#7060,#7062,.T.);
#7060 = VERTEX_POINT('',#7061);
#7061 = CARTESIAN_POINT('',(-226.12,-87.68,0.));
#7062 = SURFACE_CURVE('',#7063,(#7067,#7074),.PCURVE_S1.);
#7063 = LINE('',#7064,#7065);
#7064 = CARTESIAN_POINT('',(-226.12,-114.34,0.));
#7065 = VECTOR('',#7066,1.);
#7066 = DIRECTION('',(0.,1.,0.));
#7067 = PCURVE('',#7035,#7068);
#7068 = DEFINITIONAL_REPRESENTATION('',(#7069),#7073);
#7069 = LINE('',#7070,#7071);
#7070 = CARTESIAN_POINT('',(0.,0.));
#7071 = VECTOR('',#7072,1.);
#7072 = DIRECTION('',(0.,-1.));
#7073 = ( GEOMETRIC_REPRESENTATION_CONTEXT(2) 
PARAMETRIC_REPRESENTATION_CONTEXT() REPRESENTATION_CONTEXT('2D SPACE',''
  ) );
#7074 = PCURVE('',#7075,#7080);
#7075 = PLANE('',#7076);
#7076 = AXIS2_PLACEMENT_3D('',#7077,#7078,#7079);
#7077 = CARTESIAN_POINT('',(-226.12,-114.34,0.));
#7078 = DIRECTION('',(0.,0.,1.));
#7079 = DIRECTION('',(1.,0.,0.));
#7080 = DEFINITIONAL_REPRESENTATION('',(#7081),#7085);
#7081 = LINE('',#7082,#7083);
#7082 = CARTESIAN_POINT('',(0.,0.));
#7083 = VECTOR('',#7084,1.);
#7084 = DIRECTION('',(0.,1.));
#7085 = ( GEOMETRIC_REPRESENTATION_CONTEXT(2) 
PARAMETRIC_REPRESENTATION_CONTEXT() REPRESENTATION_CONTEXT('2D SPACE',''
  ) );
#7086 = ORIENTED_EDGE('',*,*,#7087,.T.);
#7087 = EDGE_CURVE('',#7060,#7088,#7090,.T.);
#7088 = VERTEX_POINT('',#7089);
#7089 = CARTESIAN_POINT('',(-226.12,-87.68,102.8));
#7090 = SURFACE_CURVE('',#7091,(#7095,#7102),.PCURVE_S1.);
#7091 = LINE('',#7092,#7093);
#7092 = CARTESIAN_POINT('',(-226.12,-87.68,0.));
#7093 = VECTOR('',#7094,1.);
#7094 = DIRECTION('',(0.,0.,1.));
#7095 = PCURVE('',#7035,#7096);
#7096 = DEFINITIONAL_REPRESENTATION('',(#7097),#7101);
#7097 = LINE('',#7098,#7099);
#7098 = CARTESIAN_POINT('',(0.,-26.66));
#7099 = VECTOR('',#7100,1.);
#7100 = DIRECTION('',(1.,0.));
#7101 = ( GEOMETRIC_REPRESENTATION_CONTEXT(2) 
PARAMETRIC_REPRESENTATION_CONTEXT() REPRESENTATION_CONTEXT('2D SPACE',''
  ) );
#7102 = PCURVE('',#7103,#7108);
#7103 = PLANE('',#7104);
#7104 = AXIS2_PLACEMENT_3D('',#7105,#7106,#7107);
#7105 = CARTESIAN_POINT('',(-226.12,-87.68,0.));
#7106 = DIRECTION('',(0.,1.,0.));
#7107 = DIRECTION('',(0.,0.,1.));
#7108 = DEFINITIONAL_REPRESENTATION('',(#7109),#7113);
#7109 = LINE('',#7110,#7111);
#7110 = CARTESIAN_POINT('',(0.,0.));
#7111 = VECTOR('',#7112,1.);
#7112 = DIRECTION('',(1.,0.));
#7113 = ( GEOMETRIC_REPRESENTATION_CONTEXT(2) 
PARAMETRIC_REPRESENTATION_CONTEXT() REPRESENTATION_CONTEXT('2D SPACE',''
  ) );
#7114 = ORIENTED_EDGE('',*,*,#7115,.F.);
#7115 = EDGE_CURVE('',#7027,#7088,#7116,.T.);
#7116 = SURFACE_CURVE('',#7117,(#7121,#7128),.PCURVE_S1.);
#7117 = LINE('',#7118,#7119);
#7118 = CARTESIAN_POINT('',(-226.12,-114.34,102.8));
#7119 = VECTOR('',#7120,1.);
#7120 = DIRECTION('',(0.,1.,0.));
#7121 = PCURVE('',#7035,#7122);
#7122 = DEFINITIONAL_REPRESENTATION('',(#7123),#7127);
#7123 = LINE('',#7124,#7125);
#7124 = CARTESIAN_POINT('',(102.8,0.));
#7125 = VECTOR('',#7126,1.);
#7126 = DIRECTION('',(0.,-1.));
#7127 = ( GEOMETRIC_REPRESENTATION_CONTEXT(2) 
PARAMETRIC_REPRESENTATION_CONTEXT() REPRESENTATION_CONTEXT('2D SPACE',''
  ) );
#7128 = PCURVE('',#7129,#7134);
#7129 = PLANE('',#7130);
#7130 = AXIS2_PLACEMENT_3D('',#7131,#7132,#7133);
#7131 = CARTESIAN_POINT('',(-226.12,-114.34,102.8));
#7132 = DIRECTION('',(0.,0.,1.));
#7133 = DIRECTION('',(1.,0.,0.));
#7134 = DEFINITIONAL_REPRESENTATION('',(#7135),#7139);
#7135 = LINE('',#7136,#7137);
#7136 = CARTESIAN_POINT('',(0.,0.));
#7137 = VECTOR('',#7138,1.);
#7138 = DIRECTION('',(0.,1.));
#7139 = ( GEOMETRIC_REPRESENTATION_CONTEXT(2) 
PARAMETRIC_REPRESENTATION_CONTEXT() REPRESENTATION_CONTEXT('2D SPACE',''
  ) );
#7140 = ADVANCED_FACE('',(#7141),#7047,.F.);
#7141 = FACE_BOUND('',#7142,.F.);
#7142 = EDGE_LOOP('',(#7143,#7166,#7167,#7190));
#7143 = ORIENTED_EDGE('',*,*,#7144,.F.);
#7144 = EDGE_CURVE('',#7025,#7145,#7147,.T.);
#7145 = VERTEX_POINT('',#7146);
#7146 = CARTESIAN_POINT('',(-77.88,-114.34,0.));
#7147 = SURFACE_CURVE('',#7148,(#7152,#7159),.PCURVE_S1.);
#7148 = LINE('',#7149,#7150);
#7149 = CARTESIAN_POINT('',(-226.12,-114.34,0.));
#7150 = VECTOR('',#7151,1.);
#7151 = DIRECTION('',(1.,0.,0.));
#7152 = PCURVE('',#7047,#7153);
#7153 = DEFINITIONAL_REPRESENTATION('',(#7154),#7158);
#7154 = LINE('',#7155,#7156);
#7155 = CARTESIAN_POINT('',(0.,0.));
#7156 = VECTOR('',#7157,1.);
#7157 = DIRECTION('',(0.,1.));
#7158 = ( GEOMETRIC_REPRESENTATION_CONTEXT(2) 
PARAMETRIC_REPRESENTATION_CONTEXT() REPRESENTATION_CONTEXT('2D SPACE',''
  ) );
#7159 = PCURVE('',#7075,#7160);
#7160 = DEFINITIONAL_REPRESENTATION('',(#7161),#7165);
#7161 = LINE('',#7162,#7163);
#7162 = CARTESIAN_POINT('',(0.,0.));
#7163 = VECTOR('',#7164,1.);
#7164 = DIRECTION('',(1.,0.));
#7165 = ( GEOMETRIC_REPRESENTATION_CONTEXT(2) 
PARAMETRIC_REPRESENTATION_CONTEXT() REPRESENTATION_CONTEXT('2D SPACE',''
  ) );
#7166 = ORIENTED_EDGE('',*,*,#7024,.T.);
#7167 = ORIENTED_EDGE('',*,*,#7168,.T.);
#7168 = EDGE_CURVE('',#7027,#7169,#7171,.T.);
#7169 = VERTEX_POINT('',#7170);
#7170 = CARTESIAN_POINT('',(-77.88,-114.34,102.8));
#7171 = SURFACE_CURVE('',#7172,(#7176,#7183),.PCURVE_S1.);
#7172 = LINE('',#7173,#7174);
#7173 = CARTESIAN_POINT('',(-226.12,-114.34,102.8));
#7174 = VECTOR('',#7175,1.);
#7175 = DIRECTION('',(1.,0.,0.));
#7176 = PCURVE('',#7047,#7177);
#7177 = DEFINITIONAL_REPRESENTATION('',(#7178),#7182);
#7178 = LINE('',#7179,#7180);
#7179 = CARTESIAN_POINT('',(102.8,0.));
#7180 = VECTOR('',#7181,1.);
#7181 = DIRECTION('',(0.,1.));
#7182 = ( GEOMETRIC_REPRESENTATION_CONTEXT(2) 
PARAMETRIC_REPRESENTATION_CONTEXT() REPRESENTATION_CONTEXT('2D SPACE',''
  ) );
#7183 = PCURVE('',#7129,#7184);
#7184 = DEFINITIONAL_REPRESENTATION('',(#7185),#7189);
#7185 = LINE('',#7186,#7187);
#7186 = CARTESIAN_POINT('',(0.,0.));
#7187 = VECTOR('',#7188,1.);
#7188 = DIRECTION('',(1.,0.));
#7189 = ( GEOMETRIC_REPRESENTATION_CONTEXT(2) 
PARAMETRIC_REPRESENTATION_CONTEXT() REPRESENTATION_CONTEXT('2D SPACE',''
  ) );
#7190 = ORIENTED_EDGE('',*,*,#7191,.F.);
#7191 = EDGE_CURVE('',#7145,#7169,#7192,.T.);
#7192 = SURFACE_CURVE('',#7193,(#7197,#7204),.PCURVE_S1.);
#7193 = LINE('',#7194,#7195);
#7194 = CARTESIAN_POINT('',(-77.88,-114.34,0.));
#7195 = VECTOR('',#7196,1.);
#7196 = DIRECTION('',(0.,0.,1.));
#7197 = PCURVE('',#7047,#7198);
#7198 = DEFINITIONAL_REPRESENTATION('',(#7199),#7203);
#7199 = LINE('',#7200,#7201);
#7200 = CARTESIAN_POINT('',(0.,148.24));
#7201 = VECTOR('',#7202,1.);
#7202 = DIRECTION('',(1.,0.));
#7203 = ( GEOMETRIC_REPRESENTATION_CONTEXT(2) 
PARAMETRIC_REPRESENTATION_CONTEXT() REPRESENTATION_CONTEXT('2D SPACE',''
  ) );
#7204 = PCURVE('',#7205,#7210);
#7205 = PLANE('',#7206);
#7206 = AXIS2_PLACEMENT_3D('',#7207,#7208,#7209);
#7207 = CARTESIAN_POINT('',(-77.88,-114.34,0.));
#7208 = DIRECTION('',(1.,0.,0.));
#7209 = DIRECTION('',(0.,0.,1.));
#7210 = DEFINITIONAL_REPRESENTATION('',(#7211),#7215);
#7211 = LINE('',#7212,#7213);
#7212 = CARTESIAN_POINT('',(0.,0.));
#7213 = VECTOR('',#7214,1.);
#7214 = DIRECTION('',(1.,0.));
#7215 = ( GEOMETRIC_REPRESENTATION_CONTEXT(2) 
PARAMETRIC_REPRESENTATION_CONTEXT() REPRESENTATION_CONTEXT('2D SPACE',''
  ) );
#7216 = ADVANCED_FACE('',(#7217,#7265,#7296),#7129,.T.);
#7217 = FACE_BOUND('',#7218,.T.);
#7218 = EDGE_LOOP('',(#7219,#7220,#7221,#7244));
#7219 = ORIENTED_EDGE('',*,*,#7115,.F.);
#7220 = ORIENTED_EDGE('',*,*,#7168,.T.);
#7221 = ORIENTED_EDGE('',*,*,#7222,.T.);
#7222 = EDGE_CURVE('',#7169,#7223,#7225,.T.);
#7223 = VERTEX_POINT('',#7224);
#7224 = CARTESIAN_POINT('',(-77.88,-87.68,102.8));
#7225 = SURFACE_CURVE('',#7226,(#7230,#7237),.PCURVE_S1.);
#7226 = LINE('',#7227,#7228);
#7227 = CARTESIAN_POINT('',(-77.88,-114.34,102.8));
#7228 = VECTOR('',#7229,1.);
#7229 = DIRECTION('',(0.,1.,0.));
#7230 = PCURVE('',#7129,#7231);
#7231 = DEFINITIONAL_REPRESENTATION('',(#7232),#7236);
#7232 = LINE('',#7233,#7234);
#7233 = CARTESIAN_POINT('',(148.24,0.));
#7234 = VECTOR('',#7235,1.);
#7235 = DIRECTION('',(0.,1.));
#7236 = ( GEOMETRIC_REPRESENTATION_CONTEXT(2) 
PARAMETRIC_REPRESENTATION_CONTEXT() REPRESENTATION_CONTEXT('2D SPACE',''
  ) );
#7237 = PCURVE('',#7205,#7238);
#7238 = DEFINITIONAL_REPRESENTATION('',(#7239),#7243);
#7239 = LINE('',#7240,#7241);
#7240 = CARTESIAN_POINT('',(102.8,0.));
#7241 = VECTOR('',#7242,1.);
#7242 = DIRECTION('',(0.,-1.));
#7243 = ( GEOMETRIC_REPRESENTATION_CONTEXT(2) 
PARAMETRIC_REPRESENTATION_CONTEXT() REPRESENTATION_CONTEXT('2D SPACE',''
  ) );
#7244 = ORIENTED_EDGE('',*,*,#7245,.F.);
#7245 = EDGE_CURVE('',#7088,#7223,#7246,.T.);
#7246 = SURFACE_CURVE('',#7247,(#7251,#7258),.PCURVE_S1.);
#7247 = LINE('',#7248,#7249);
#7248 = CARTESIAN_POINT('',(-226.12,-87.68,102.8));
#7249 = VECTOR('',#7250,1.);
#7250 = DIRECTION('',(1.,0.,0.));
#7251 = PCURVE('',#7129,#7252);
#7252 = DEFINITIONAL_REPRESENTATION('',(#7253),#7257);
#7253 = LINE('',#7254,#7255);
#7254 = CARTESIAN_POINT('',(0.,26.66));
#7255 = VECTOR('',#7256,1.);
#7256 = DIRECTION('',(1.,0.));
#7257 = ( GEOMETRIC_REPRESENTATION_CONTEXT(2) 
PARAMETRIC_REPRESENTATION_CONTEXT() REPRESENTATION_CONTEXT('2D SPACE',''
  ) );
#7258 = PCURVE('',#7103,#7259);
#7259 = DEFINITIONAL_REPRESENTATION('',(#7260),#7264);
#7260 = LINE('',#7261,#7262);
#7261 = CARTESIAN_POINT('',(102.8,0.));
#7262 = VECTOR('',#7263,1.);
#7263 = DIRECTION('',(0.,1.));
#7264 = ( GEOMETRIC_REPRESENTATION_CONTEXT(2) 
PARAMETRIC_REPRESENTATION_CONTEXT() REPRESENTATION_CONTEXT('2D SPACE',''
  ) );
#7265 = FACE_BOUND('',#7266,.T.);
#7266 = EDGE_LOOP('',(#7267));
#7267 = ORIENTED_EDGE('',*,*,#7268,.F.);
#7268 = EDGE_CURVE('',#7269,#7269,#7271,.T.);
#7269 = VERTEX_POINT('',#7270);
#7270 = CARTESIAN_POINT('',(-91.26,-101.01,102.8));
#7271 = SURFACE_CURVE('',#7272,(#7277,#7284),.PCURVE_S1.);
#7272 = CIRCLE('',#7273,5.44);
#7273 = AXIS2_PLACEMENT_3D('',#7274,#7275,#7276);
#7274 = CARTESIAN_POINT('',(-96.7,-101.01,102.8));
#7275 = DIRECTION('',(0.,0.,1.));
#7276 = DIRECTION('',(1.,0.,0.));
#7277 = PCURVE('',#7129,#7278);
#7278 = DEFINITIONAL_REPRESENTATION('',(#7279),#7283);
#7279 = CIRCLE('',#7280,5.44);
#7280 = AXIS2_PLACEMENT_2D('',#7281,#7282);
#7281 = CARTESIAN_POINT('',(129.42,13.33));
#7282 = DIRECTION('',(1.,0.));
#7283 = ( GEOMETRIC_REPRESENTATION_CONTEXT(2) 
PARAMETRIC_REPRESENTATION_CONTEXT() REPRESENTATION_CONTEXT('2D SPACE',''
  ) );
#7284 = PCURVE('',#7285,#7290);
#7285 = CYLINDRICAL_SURFACE('',#7286,5.44);
#7286 = AXIS2_PLACEMENT_3D('',#7287,#7288,#7289);
#7287 = CARTESIAN_POINT('',(-96.7,-101.01,102.8));
#7288 = DIRECTION('',(0.,0.,1.));
#7289 = DIRECTION('',(1.,0.,0.));
#7290 = DEFINITIONAL_REPRESENTATION('',(#7291),#7295);
#7291 = LINE('',#7292,#7293);
#7292 = CARTESIAN_POINT('',(0.,0.));
#7293 = VECTOR('',#7294,1.);
#7294 = DIRECTION('',(1.,0.));
#7295 = ( GEOMETRIC_REPRESENTATION_CONTEXT(2) 
PARAMETRIC_REPRESENTATION_CONTEXT() REPRESENTATION_CONTEXT('2D SPACE',''
  ) );
#7296 = FACE_BOUND('',#7297,.T.);
#7297 = EDGE_LOOP('',(#7298));
#7298 = ORIENTED_EDGE('',*,*,#7299,.F.);
#7299 = EDGE_CURVE('',#7300,#7300,#7302,.T.);
#7300 = VERTEX_POINT('',#7301);
#7301 = CARTESIAN_POINT('',(-201.86,-101.01,102.8));
#7302 = SURFACE_CURVE('',#7303,(#7308,#7315),.PCURVE_S1.);
#7303 = CIRCLE('',#7304,5.44);
#7304 = AXIS2_PLACEMENT_3D('',#7305,#7306,#7307);
#7305 = CARTESIAN_POINT('',(-207.3,-101.01,102.8));
#7306 = DIRECTION('',(0.,0.,1.));
#7307 = DIRECTION('',(1.,0.,0.));
#7308 = PCURVE('',#7129,#7309);
#7309 = DEFINITIONAL_REPRESENTATION('',(#7310),#7314);
#7310 = CIRCLE('',#7311,5.44);
#7311 = AXIS2_PLACEMENT_2D('',#7312,#7313);
#7312 = CARTESIAN_POINT('',(18.82,13.33));
#7313 = DIRECTION('',(1.,0.));
#7314 = ( GEOMETRIC_REPRESENTATION_CONTEXT(2) 
PARAMETRIC_REPRESENTATION_CONTEXT() REPRESENTATION_CONTEXT('2D SPACE',''
  ) );
#7315 = PCURVE('',#7316,#7321);
#7316 = CYLINDRICAL_SURFACE('',#7317,5.44);
#7317 = AXIS2_PLACEMENT_3D('',#7318,#7319,#7320);
#7318 = CARTESIAN_POINT('',(-207.3,-101.01,102.8));
#7319 = DIRECTION('',(0.,0.,1.));
#7320 = DIRECTION('',(1.,0.,0.));
#7321 = DEFINITIONAL_REPRESENTATION('',(#7322),#7326);
#7322 = LINE('',#7323,#7324);
#7323 = CARTESIAN_POINT('',(0.,0.));
#7324 = VECTOR('',#7325,1.);
#7325 = DIRECTION('',(1.,0.));
#7326 = ( GEOMETRIC_REPRESENTATION_CONTEXT(2) 
PARAMETRIC_REPRESENTATION_CONTEXT() REPRESENTATION_CONTEXT('2D SPACE',''
  ) );
#7327 = ADVANCED_FACE('',(#7328),#7103,.T.);
#7328 = FACE_BOUND('',#7329,.T.);
#7329 = EDGE_LOOP('',(#7330,#7353,#7354,#7355));
#7330 = ORIENTED_EDGE('',*,*,#7331,.F.);
#7331 = EDGE_CURVE('',#7060,#7332,#7334,.T.);
#7332 = VERTEX_POINT('',#7333);
#7333 = CARTESIAN_POINT('',(-77.88,-87.68,0.));
#7334 = SURFACE_CURVE('',#7335,(#7339,#7346),.PCURVE_S1.);
#7335 = LINE('',#7336,#7337);
#7336 = CARTESIAN_POINT('',(-226.12,-87.68,0.));
#7337 = VECTOR('',#7338,1.);
#7338 = DIRECTION('',(1.,0.,0.));
#7339 = PCURVE('',#7103,#7340);
#7340 = DEFINITIONAL_REPRESENTATION('',(#7341),#7345);
#7341 = LINE('',#7342,#7343);
#7342 = CARTESIAN_POINT('',(0.,0.));
#7343 = VECTOR('',#7344,1.);
#7344 = DIRECTION('',(0.,1.));
#7345 = ( GEOMETRIC_REPRESENTATION_CONTEXT(2) 
PARAMETRIC_REPRESENTATION_CONTEXT() REPRESENTATION_CONTEXT('2D SPACE',''
  ) );
#7346 = PCURVE('',#7075,#7347);
#7347 = DEFINITIONAL_REPRESENTATION('',(#7348),#7352);
#7348 = LINE('',#7349,#7350);
#7349 = CARTESIAN_POINT('',(0.,26.66));
#7350 = VECTOR('',#7351,1.);
#7351 = DIRECTION('',(1.,0.));
#7352 = ( GEOMETRIC_REPRESENTATION_CONTEXT(2) 
PARAMETRIC_REPRESENTATION_CONTEXT() REPRESENTATION_CONTEXT('2D SPACE',''
  ) );
#7353 = ORIENTED_EDGE('',*,*,#7087,.T.);
#7354 = ORIENTED_EDGE('',*,*,#7245,.T.);
#7355 = ORIENTED_EDGE('',*,*,#7356,.F.);
#7356 = EDGE_CURVE('',#7332,#7223,#7357,.T.);
#7357 = SURFACE_CURVE('',#7358,(#7362,#7369),.PCURVE_S1.);
#7358 = LINE('',#7359,#7360);
#7359 = CARTESIAN_POINT('',(-77.88,-87.68,0.));
#7360 = VECTOR('',#7361,1.);
#7361 = DIRECTION('',(0.,0.,1.));
#7362 = PCURVE('',#7103,#7363);
#7363 = DEFINITIONAL_REPRESENTATION('',(#7364),#7368);
#7364 = LINE('',#7365,#7366);
#7365 = CARTESIAN_POINT('',(0.,148.24));
#7366 = VECTOR('',#7367,1.);
#7367 = DIRECTION('',(1.,0.));
#7368 = ( GEOMETRIC_REPRESENTATION_CONTEXT(2) 
PARAMETRIC_REPRESENTATION_CONTEXT() REPRESENTATION_CONTEXT('2D SPACE',''
  ) );
#7369 = PCURVE('',#7205,#7370);
#7370 = DEFINITIONAL_REPRESENTATION('',(#7371),#7375);
#7371 = LINE('',#7372,#7373);
#7372 = CARTESIAN_POINT('',(0.,-26.66));
#7373 = VECTOR('',#7374,1.);
#7374 = DIRECTION('',(1.,0.));
#7375 = ( GEOMETRIC_REPRESENTATION_CONTEXT(2) 
PARAMETRIC_REPRESENTATION_CONTEXT() REPRESENTATION_CONTEXT('2D SPACE',''
  ) );
#7376 = ADVANCED_FACE('',(#7377),#7075,.F.);
#7377 = FACE_BOUND('',#7378,.F.);
#7378 = EDGE_LOOP('',(#7379,#7380,#7381,#7402));
#7379 = ORIENTED_EDGE('',*,*,#7059,.F.);
#7380 = ORIENTED_EDGE('',*,*,#7144,.T.);
#7381 = ORIENTED_EDGE('',*,*,#7382,.T.);
#7382 = EDGE_CURVE('',#7145,#7332,#7383,.T.);
#7383 = SURFACE_CURVE('',#7384,(#7388,#7395),.PCURVE_S1.);
#7384 = LINE('',#7385,#7386);
#7385 = CARTESIAN_POINT('',(-77.88,-114.34,0.));
#7386 = VECTOR('',#7387,1.);
#7387 = DIRECTION('',(0.,1.,0.));
#7388 = PCURVE('',#7075,#7389);
#7389 = DEFINITIONAL_REPRESENTATION('',(#7390),#7394);
#7390 = LINE('',#7391,#7392);
#7391 = CARTESIAN_POINT('',(148.24,0.));
#7392 = VECTOR('',#7393,1.);
#7393 = DIRECTION('',(0.,1.));
#7394 = ( GEOMETRIC_REPRESENTATION_CONTEXT(2) 
PARAMETRIC_REPRESENTATION_CONTEXT() REPRESENTATION_CONTEXT('2D SPACE',''
  ) );
#7395 = PCURVE('',#7205,#7396);
#7396 = DEFINITIONAL_REPRESENTATION('',(#7397),#7401);
#7397 = LINE('',#7398,#7399);
#7398 = CARTESIAN_POINT('',(0.,0.));
#7399 = VECTOR('',#7400,1.);
#7400 = DIRECTION('',(0.,-1.));
#7401 = ( GEOMETRIC_REPRESENTATION_CONTEXT(2) 
PARAMETRIC_REPRESENTATION_CONTEXT() REPRESENTATION_CONTEXT('2D SPACE',''
  ) );
#7402 = ORIENTED_EDGE('',*,*,#7331,.F.);
#7403 = ADVANCED_FACE('',(#7404),#7205,.T.);
#7404 = FACE_BOUND('',#7405,.T.);
#7405 = EDGE_LOOP('',(#7406,#7407,#7408,#7409));
#7406 = ORIENTED_EDGE('',*,*,#7191,.F.);
#7407 = ORIENTED_EDGE('',*,*,#7382,.T.);
#7408 = ORIENTED_EDGE('',*,*,#7356,.T.);
#7409 = ORIENTED_EDGE('',*,*,#7222,.F.);
#7410 = ADVANCED_FACE('',(#7411),#7285,.T.);
#7411 = FACE_BOUND('',#7412,.T.);
#7412 = EDGE_LOOP('',(#7413,#7442,#7463,#7464));
#7413 = ORIENTED_EDGE('',*,*,#7414,.F.);
#7414 = EDGE_CURVE('',#7415,#7415,#7417,.T.);
#7415 = VERTEX_POINT('',#7416);
#7416 = CARTESIAN_POINT('',(-91.26,-101.01,105.9));
#7417 = SURFACE_CURVE('',#7418,(#7423,#7430),.PCURVE_S1.);
#7418 = CIRCLE('',#7419,5.44);
#7419 = AXIS2_PLACEMENT_3D('',#7420,#7421,#7422);
#7420 = CARTESIAN_POINT('',(-96.7,-101.01,105.9));
#7421 = DIRECTION('',(0.,0.,1.));
#7422 = DIRECTION('',(1.,0.,0.));
#7423 = PCURVE('',#7285,#7424);
#7424 = DEFINITIONAL_REPRESENTATION('',(#7425),#7429);
#7425 = LINE('',#7426,#7427);
#7426 = CARTESIAN_POINT('',(0.,3.1));
#7427 = VECTOR('',#7428,1.);
#7428 = DIRECTION('',(1.,0.));
#7429 = ( GEOMETRIC_REPRESENTATION_CONTEXT(2) 
PARAMETRIC_REPRESENTATION_CONTEXT() REPRESENTATION_CONTEXT('2D SPACE',''
  ) );
#7430 = PCURVE('',#7431,#7436);
#7431 = PLANE('',#7432);
#7432 = AXIS2_PLACEMENT_3D('',#7433,#7434,#7435);
#7433 = CARTESIAN_POINT('',(-96.7,-101.01,105.9));
#7434 = DIRECTION('',(0.,0.,1.));
#7435 = DIRECTION('',(1.,0.,0.));
#7436 = DEFINITIONAL_REPRESENTATION('',(#7437),#7441);
#7437 = CIRCLE('',#7438,5.44);
#7438 = AXIS2_PLACEMENT_2D('',#7439,#7440);
#7439 = CARTESIAN_POINT('',(0.,0.));
#7440 = DIRECTION('',(1.,0.));
#7441 = ( GEOMETRIC_REPRESENTATION_CONTEXT(2) 
PARAMETRIC_REPRESENTATION_CONTEXT() REPRESENTATION_CONTEXT('2D SPACE',''
  ) );
#7442 = ORIENTED_EDGE('',*,*,#7443,.F.);
#7443 = EDGE_CURVE('',#7269,#7415,#7444,.T.);
#7444 = SEAM_CURVE('',#7445,(#7449,#7456),.PCURVE_S1.);
#7445 = LINE('',#7446,#7447);
#7446 = CARTESIAN_POINT('',(-91.26,-101.01,102.8));
#7447 = VECTOR('',#7448,1.);
#7448 = DIRECTION('',(0.,0.,1.));
#7449 = PCURVE('',#7285,#7450);
#7450 = DEFINITIONAL_REPRESENTATION('',(#7451),#7455);
#7451 = LINE('',#7452,#7453);
#7452 = CARTESIAN_POINT('',(6.28318530718,-0.));
#7453 = VECTOR('',#7454,1.);
#7454 = DIRECTION('',(0.,1.));
#7455 = ( GEOMETRIC_REPRESENTATION_CONTEXT(2) 
PARAMETRIC_REPRESENTATION_CONTEXT() REPRESENTATION_CONTEXT('2D SPACE',''
  ) );
#7456 = PCURVE('',#7285,#7457);
#7457 = DEFINITIONAL_REPRESENTATION('',(#7458),#7462);
#7458 = LINE('',#7459,#7460);
#7459 = CARTESIAN_POINT('',(0.,-0.));
#7460 = VECTOR('',#7461,1.);
#7461 = DIRECTION('',(0.,1.));
#7462 = ( GEOMETRIC_REPRESENTATION_CONTEXT(2) 
PARAMETRIC_REPRESENTATION_CONTEXT() REPRESENTATION_CONTEXT('2D SPACE',''
  ) );
#7463 = ORIENTED_EDGE('',*,*,#7268,.T.);
#7464 = ORIENTED_EDGE('',*,*,#7443,.T.);
#7465 = ADVANCED_FACE('',(#7466),#7316,.T.);
#7466 = FACE_BOUND('',#7467,.T.);
#7467 = EDGE_LOOP('',(#7468,#7497,#7518,#7519));
#7468 = ORIENTED_EDGE('',*,*,#7469,.F.);
#7469 = EDGE_CURVE('',#7470,#7470,#7472,.T.);
#7470 = VERTEX_POINT('',#7471);
#7471 = CARTESIAN_POINT('',(-201.86,-101.01,105.9));
#7472 = SURFACE_CURVE('',#7473,(#7478,#7485),.PCURVE_S1.);
#7473 = CIRCLE('',#7474,5.44);
#7474 = AXIS2_PLACEMENT_3D('',#7475,#7476,#7477);
#7475 = CARTESIAN_POINT('',(-207.3,-101.01,105.9));
#7476 = DIRECTION('',(0.,0.,1.));
#7477 = DIRECTION('',(1.,0.,0.));
#7478 = PCURVE('',#7316,#7479);
#7479 = DEFINITIONAL_REPRESENTATION('',(#7480),#7484);
#7480 = LINE('',#7481,#7482);
#7481 = CARTESIAN_POINT('',(0.,3.1));
#7482 = VECTOR('',#7483,1.);
#7483 = DIRECTION('',(1.,0.));
#7484 = ( GEOMETRIC_REPRESENTATION_CONTEXT(2) 
PARAMETRIC_REPRESENTATION_CONTEXT() REPRESENTATION_CONTEXT('2D SPACE',''
  ) );
#7485 = PCURVE('',#7486,#7491);
#7486 = PLANE('',#7487);
#7487 = AXIS2_PLACEMENT_3D('',#7488,#7489,#7490);
#7488 = CARTESIAN_POINT('',(-207.3,-101.01,105.9));
#7489 = DIRECTION('',(0.,0.,1.));
#7490 = DIRECTION('',(1.,0.,0.));
#7491 = DEFINITIONAL_REPRESENTATION('',(#7492),#7496);
#7492 = CIRCLE('',#7493,5.44);
#7493 = AXIS2_PLACEMENT_2D('',#7494,#7495);
#7494 = CARTESIAN_POINT('',(0.,0.));
#7495 = DIRECTION('',(1.,0.));
#7496 = ( GEOMETRIC_REPRESENTATION_CONTEXT(2) 
PARAMETRIC_REPRESENTATION_CONTEXT() REPRESENTATION_CONTEXT('2D SPACE',''
  ) );
#7497 = ORIENTED_EDGE('',*,*,#7498,.F.);
#7498 = EDGE_CURVE('',#7300,#7470,#7499,.T.);
#7499 = SEAM_CURVE('',#7500,(#7504,#7511),.PCURVE_S1.);
#7500 = LINE('',#7501,#7502);
#7501 = CARTESIAN_POINT('',(-201.86,-101.01,102.8));
#7502 = VECTOR('',#7503,1.);
#7503 = DIRECTION('',(0.,0.,1.));
#7504 = PCURVE('',#7316,#7505);
#7505 = DEFINITIONAL_REPRESENTATION('',(#7506),#7510);
#7506 = LINE('',#7507,#7508);
#7507 = CARTESIAN_POINT('',(6.28318530718,-0.));
#7508 = VECTOR('',#7509,1.);
#7509 = DIRECTION('',(0.,1.));
#7510 = ( GEOMETRIC_REPRESENTATION_CONTEXT(2) 
PARAMETRIC_REPRESENTATION_CONTEXT() REPRESENTATION_CONTEXT('2D SPACE',''
  ) );
#7511 = PCURVE('',#7316,#7512);
#7512 = DEFINITIONAL_REPRESENTATION('',(#7513),#7517);
#7513 = LINE('',#7514,#7515);
#7514 = CARTESIAN_POINT('',(0.,-0.));
#7515 = VECTOR('',#7516,1.);
#7516 = DIRECTION('',(0.,1.));
#7517 = ( GEOMETRIC_REPRESENTATION_CONTEXT(2) 
PARAMETRIC_REPRESENTATION_CONTEXT() REPRESENTATION_CONTEXT('2D SPACE',''
  ) );
#7518 = ORIENTED_EDGE('',*,*,#7299,.T.);
#7519 = ORIENTED_EDGE('',*,*,#7498,.T.);
#7520 = ADVANCED_FACE('',(#7521),#7431,.T.);
#7521 = FACE_BOUND('',#7522,.T.);
#7522 = EDGE_LOOP('',(#7523));
#7523 = ORIENTED_EDGE('',*,*,#7414,.T.);
#7524 = ADVANCED_FACE('',(#7525),#7486,.T.);
#7525 = FACE_BOUND('',#7526,.T.);
#7526 = EDGE_LOOP('',(#7527));
#7527 = ORIENTED_EDGE('',*,*,#7469,.T.);
#7528 = MANIFOLD_SOLID_BREP('',#7529);
#7529 = CLOSED_SHELL('',(#7530,#7650,#7726,#7837,#7886,#7913,#7920,#7975
    ,#8030,#8034));
#7530 = ADVANCED_FACE('',(#7531),#7545,.F.);
#7531 = FACE_BOUND('',#7532,.F.);
#7532 = EDGE_LOOP('',(#7533,#7568,#7596,#7624));
#7533 = ORIENTED_EDGE('',*,*,#7534,.F.);
#7534 = EDGE_CURVE('',#7535,#7537,#7539,.T.);
#7535 = VERTEX_POINT('',#7536);
#7536 = CARTESIAN_POINT('',(-77.88,-58.02,0.));
#7537 = VERTEX_POINT('',#7538);
#7538 = CARTESIAN_POINT('',(-77.88,-58.02,102.8));
#7539 = SURFACE_CURVE('',#7540,(#7544,#7556),.PCURVE_S1.);
#7540 = LINE('',#7541,#7542);
#7541 = CARTESIAN_POINT('',(-77.88,-58.02,0.));
#7542 = VECTOR('',#7543,1.);
#7543 = DIRECTION('',(0.,0.,1.));
#7544 = PCURVE('',#7545,#7550);
#7545 = PLANE('',#7546);
#7546 = AXIS2_PLACEMENT_3D('',#7547,#7548,#7549);
#7547 = CARTESIAN_POINT('',(-77.88,-58.02,0.));
#7548 = DIRECTION('',(-1.,1.224646799147E-16,0.));
#7549 = DIRECTION('',(0.,0.,1.));
#7550 = DEFINITIONAL_REPRESENTATION('',(#7551),#7555);
#7551 = LINE('',#7552,#7553);
#7552 = CARTESIAN_POINT('',(0.,0.));
#7553 = VECTOR('',#7554,1.);
#7554 = DIRECTION('',(1.,0.));
#7555 = ( GEOMETRIC_REPRESENTATION_CONTEXT(2) 
PARAMETRIC_REPRESENTATION_CONTEXT() REPRESENTATION_CONTEXT('2D SPACE',''
  ) );
#7556 = PCURVE('',#7557,#7562);
#7557 = PLANE('',#7558);
#7558 = AXIS2_PLACEMENT_3D('',#7559,#7560,#7561);
#7559 = CARTESIAN_POINT('',(-77.88,-58.02,0.));
#7560 = DIRECTION('',(-1.224646799147E-16,-1.,0.));
#7561 = DIRECTION('',(0.,0.,1.));
#7562 = DEFINITIONAL_REPRESENTATION('',(#7563),#7567);
#7563 = LINE('',#7564,#7565);
#7564 = CARTESIAN_POINT('',(0.,0.));
#7565 = VECTOR('',#7566,1.);
#7566 = DIRECTION('',(1.,0.));
#7567 = ( GEOMETRIC_REPRESENTATION_CONTEXT(2) 
PARAMETRIC_REPRESENTATION_CONTEXT() REPRESENTATION_CONTEXT('2D SPACE',''
  ) );
#7568 = ORIENTED_EDGE('',*,*,#7569,.T.);
#7569 = EDGE_CURVE('',#7535,#7570,#7572,.T.);
#7570 = VERTEX_POINT('',#7571);
#7571 = CARTESIAN_POINT('',(-77.88,-84.68,0.));
#7572 = SURFACE_CURVE('',#7573,(#7577,#7584),.PCURVE_S1.);
#7573 = LINE('',#7574,#7575);
#7574 = CARTESIAN_POINT('',(-77.88,-58.02,0.));
#7575 = VECTOR('',#7576,1.);
#7576 = DIRECTION('',(-1.224646799147E-16,-1.,0.));
#7577 = PCURVE('',#7545,#7578);
#7578 = DEFINITIONAL_REPRESENTATION('',(#7579),#7583);
#7579 = LINE('',#7580,#7581);
#7580 = CARTESIAN_POINT('',(0.,0.));
#7581 = VECTOR('',#7582,1.);
#7582 = DIRECTION('',(0.,-1.));
#7583 = ( GEOMETRIC_REPRESENTATION_CONTEXT(2) 
PARAMETRIC_REPRESENTATION_CONTEXT() REPRESENTATION_CONTEXT('2D SPACE',''
  ) );
#7584 = PCURVE('',#7585,#7590);
#7585 = PLANE('',#7586);
#7586 = AXIS2_PLACEMENT_3D('',#7587,#7588,#7589);
#7587 = CARTESIAN_POINT('',(-77.88,-58.02,0.));
#7588 = DIRECTION('',(0.,0.,1.));
#7589 = DIRECTION('',(-1.,1.224646799147E-16,0.));
#7590 = DEFINITIONAL_REPRESENTATION('',(#7591),#7595);
#7591 = LINE('',#7592,#7593);
#7592 = CARTESIAN_POINT('',(0.,0.));
#7593 = VECTOR('',#7594,1.);
#7594 = DIRECTION('',(0.,1.));
#7595 = ( GEOMETRIC_REPRESENTATION_CONTEXT(2) 
PARAMETRIC_REPRESENTATION_CONTEXT() REPRESENTATION_CONTEXT('2D SPACE',''
  ) );
#7596 = ORIENTED_EDGE('',*,*,#7597,.T.);
#7597 = EDGE_CURVE('',#7570,#7598,#7600,.T.);
#7598 = VERTEX_POINT('',#7599);
#7599 = CARTESIAN_POINT('',(-77.88,-84.68,102.8));
#7600 = SURFACE_CURVE('',#7601,(#7605,#7612),.PCURVE_S1.);
#7601 = LINE('',#7602,#7603);
#7602 = CARTESIAN_POINT('',(-77.88,-84.68,0.));
#7603 = VECTOR('',#7604,1.);
#7604 = DIRECTION('',(0.,0.,1.));
#7605 = PCURVE('',#7545,#7606);
#7606 = DEFINITIONAL_REPRESENTATION('',(#7607),#7611);
#7607 = LINE('',#7608,#7609);
#7608 = CARTESIAN_POINT('',(0.,-26.66));
#7609 = VECTOR('',#7610,1.);
#7610 = DIRECTION('',(1.,0.));
#7611 = ( GEOMETRIC_REPRESENTATION_CONTEXT(2) 
PARAMETRIC_REPRESENTATION_CONTEXT() REPRESENTATION_CONTEXT('2D SPACE',''
  ) );
#7612 = PCURVE('',#7613,#7618);
#7613 = PLANE('',#7614);
#7614 = AXIS2_PLACEMENT_3D('',#7615,#7616,#7617);
#7615 = CARTESIAN_POINT('',(-77.88,-84.68,0.));
#7616 = DIRECTION('',(-1.224646799147E-16,-1.,0.));
#7617 = DIRECTION('',(0.,0.,1.));
#7618 = DEFINITIONAL_REPRESENTATION('',(#7619),#7623);
#7619 = LINE('',#7620,#7621);
#7620 = CARTESIAN_POINT('',(0.,0.));
#7621 = VECTOR('',#7622,1.);
#7622 = DIRECTION('',(1.,0.));
#7623 = ( GEOMETRIC_REPRESENTATION_CONTEXT(2) 
PARAMETRIC_REPRESENTATION_CONTEXT() REPRESENTATION_CONTEXT('2D SPACE',''
  ) );
#7624 = ORIENTED_EDGE('',*,*,#7625,.F.);
#7625 = EDGE_CURVE('',#7537,#7598,#7626,.T.);
#7626 = SURFACE_CURVE('',#7627,(#7631,#7638),.PCURVE_S1.);
#7627 = LINE('',#7628,#7629);
#7628 = CARTESIAN_POINT('',(-77.88,-58.02,102.8));
#7629 = VECTOR('',#7630,1.);
#7630 = DIRECTION('',(-1.224646799147E-16,-1.,0.));
#7631 = PCURVE('',#7545,#7632);
#7632 = DEFINITIONAL_REPRESENTATION('',(#7633),#7637);
#7633 = LINE('',#7634,#7635);
#7634 = CARTESIAN_POINT('',(102.8,0.));
#7635 = VECTOR('',#7636,1.);
#7636 = DIRECTION('',(0.,-1.));
#7637 = ( GEOMETRIC_REPRESENTATION_CONTEXT(2) 
PARAMETRIC_REPRESENTATION_CONTEXT() REPRESENTATION_CONTEXT('2D SPACE',''
  ) );
#7638 = PCURVE('',#7639,#7644);
#7639 = PLANE('',#7640);
#7640 = AXIS2_PLACEMENT_3D('',#7641,#7642,#7643);
#7641 = CARTESIAN_POINT('',(-77.88,-58.02,102.8));
#7642 = DIRECTION('',(0.,0.,1.));
#7643 = DIRECTION('',(-1.,1.224646799147E-16,0.));
#7644 = DEFINITIONAL_REPRESENTATION('',(#7645),#7649);
#7645 = LINE('',#7646,#7647);
#7646 = CARTESIAN_POINT('',(0.,0.));
#7647 = VECTOR('',#7648,1.);
#7648 = DIRECTION('',(0.,1.));
#7649 = ( GEOMETRIC_REPRESENTATION_CONTEXT(2) 
PARAMETRIC_REPRESENTATION_CONTEXT() REPRESENTATION_CONTEXT('2D SPACE',''
  ) );
#7650 = ADVANCED_FACE('',(#7651),#7557,.F.);
#7651 = FACE_BOUND('',#7652,.F.);
#7652 = EDGE_LOOP('',(#7653,#7676,#7677,#7700));
#7653 = ORIENTED_EDGE('',*,*,#7654,.F.);
#7654 = EDGE_CURVE('',#7535,#7655,#7657,.T.);
#7655 = VERTEX_POINT('',#7656);
#7656 = CARTESIAN_POINT('',(-226.12,-58.02,0.));
#7657 = SURFACE_CURVE('',#7658,(#7662,#7669),.PCURVE_S1.);
#7658 = LINE('',#7659,#7660);
#7659 = CARTESIAN_POINT('',(-77.88,-58.02,0.));
#7660 = VECTOR('',#7661,1.);
#7661 = DIRECTION('',(-1.,1.224646799147E-16,0.));
#7662 = PCURVE('',#7557,#7663);
#7663 = DEFINITIONAL_REPRESENTATION('',(#7664),#7668);
#7664 = LINE('',#7665,#7666);
#7665 = CARTESIAN_POINT('',(0.,0.));
#7666 = VECTOR('',#7667,1.);
#7667 = DIRECTION('',(0.,1.));
#7668 = ( GEOMETRIC_REPRESENTATION_CONTEXT(2) 
PARAMETRIC_REPRESENTATION_CONTEXT() REPRESENTATION_CONTEXT('2D SPACE',''
  ) );
#7669 = PCURVE('',#7585,#7670);
#7670 = DEFINITIONAL_REPRESENTATION('',(#7671),#7675);
#7671 = LINE('',#7672,#7673);
#7672 = CARTESIAN_POINT('',(0.,0.));
#7673 = VECTOR('',#7674,1.);
#7674 = DIRECTION('',(1.,0.));
#7675 = ( GEOMETRIC_REPRESENTATION_CONTEXT(2) 
PARAMETRIC_REPRESENTATION_CONTEXT() REPRESENTATION_CONTEXT('2D SPACE',''
  ) );
#7676 = ORIENTED_EDGE('',*,*,#7534,.T.);
#7677 = ORIENTED_EDGE('',*,*,#7678,.T.);
#7678 = EDGE_CURVE('',#7537,#7679,#7681,.T.);
#7679 = VERTEX_POINT('',#7680);
#7680 = CARTESIAN_POINT('',(-226.12,-58.02,102.8));
#7681 = SURFACE_CURVE('',#7682,(#7686,#7693),.PCURVE_S1.);
#7682 = LINE('',#7683,#7684);
#7683 = CARTESIAN_POINT('',(-77.88,-58.02,102.8));
#7684 = VECTOR('',#7685,1.);
#7685 = DIRECTION('',(-1.,1.224646799147E-16,0.));
#7686 = PCURVE('',#7557,#7687);
#7687 = DEFINITIONAL_REPRESENTATION('',(#7688),#7692);
#7688 = LINE('',#7689,#7690);
#7689 = CARTESIAN_POINT('',(102.8,0.));
#7690 = VECTOR('',#7691,1.);
#7691 = DIRECTION('',(0.,1.));
#7692 = ( GEOMETRIC_REPRESENTATION_CONTEXT(2) 
PARAMETRIC_REPRESENTATION_CONTEXT() REPRESENTATION_CONTEXT('2D SPACE',''
  ) );
#7693 = PCURVE('',#7639,#7694);
#7694 = DEFINITIONAL_REPRESENTATION('',(#7695),#7699);
#7695 = LINE('',#7696,#7697);
#7696 = CARTESIAN_POINT('',(0.,0.));
#7697 = VECTOR('',#7698,1.);
#7698 = DIRECTION('',(1.,0.));
#7699 = ( GEOMETRIC_REPRESENTATION_CONTEXT(2) 
PARAMETRIC_REPRESENTATION_CONTEXT() REPRESENTATION_CONTEXT('2D SPACE',''
  ) );
#7700 = ORIENTED_EDGE('',*,*,#7701,.F.);
#7701 = EDGE_CURVE('',#7655,#7679,#7702,.T.);
#7702 = SURFACE_CURVE('',#7703,(#7707,#7714),.PCURVE_S1.);
#7703 = LINE('',#7704,#7705);
#7704 = CARTESIAN_POINT('',(-226.12,-58.02,0.));
#7705 = VECTOR('',#7706,1.);
#7706 = DIRECTION('',(0.,0.,1.));
#7707 = PCURVE('',#7557,#7708);
#7708 = DEFINITIONAL_REPRESENTATION('',(#7709),#7713);
#7709 = LINE('',#7710,#7711);
#7710 = CARTESIAN_POINT('',(0.,148.24));
#7711 = VECTOR('',#7712,1.);
#7712 = DIRECTION('',(1.,0.));
#7713 = ( GEOMETRIC_REPRESENTATION_CONTEXT(2) 
PARAMETRIC_REPRESENTATION_CONTEXT() REPRESENTATION_CONTEXT('2D SPACE',''
  ) );
#7714 = PCURVE('',#7715,#7720);
#7715 = PLANE('',#7716);
#7716 = AXIS2_PLACEMENT_3D('',#7717,#7718,#7719);
#7717 = CARTESIAN_POINT('',(-226.12,-58.02,0.));
#7718 = DIRECTION('',(-1.,1.224646799147E-16,0.));
#7719 = DIRECTION('',(0.,0.,1.));
#7720 = DEFINITIONAL_REPRESENTATION('',(#7721),#7725);
#7721 = LINE('',#7722,#7723);
#7722 = CARTESIAN_POINT('',(0.,0.));
#7723 = VECTOR('',#7724,1.);
#7724 = DIRECTION('',(1.,0.));
#7725 = ( GEOMETRIC_REPRESENTATION_CONTEXT(2) 
PARAMETRIC_REPRESENTATION_CONTEXT() REPRESENTATION_CONTEXT('2D SPACE',''
  ) );
#7726 = ADVANCED_FACE('',(#7727,#7775,#7806),#7639,.T.);
#7727 = FACE_BOUND('',#7728,.T.);
#7728 = EDGE_LOOP('',(#7729,#7730,#7731,#7754));
#7729 = ORIENTED_EDGE('',*,*,#7625,.F.);
#7730 = ORIENTED_EDGE('',*,*,#7678,.T.);
#7731 = ORIENTED_EDGE('',*,*,#7732,.T.);
#7732 = EDGE_CURVE('',#7679,#7733,#7735,.T.);
#7733 = VERTEX_POINT('',#7734);
#7734 = CARTESIAN_POINT('',(-226.12,-84.68,102.8));
#7735 = SURFACE_CURVE('',#7736,(#7740,#7747),.PCURVE_S1.);
#7736 = LINE('',#7737,#7738);
#7737 = CARTESIAN_POINT('',(-226.12,-58.02,102.8));
#7738 = VECTOR('',#7739,1.);
#7739 = DIRECTION('',(-1.224646799147E-16,-1.,0.));
#7740 = PCURVE('',#7639,#7741);
#7741 = DEFINITIONAL_REPRESENTATION('',(#7742),#7746);
#7742 = LINE('',#7743,#7744);
#7743 = CARTESIAN_POINT('',(148.24,0.));
#7744 = VECTOR('',#7745,1.);
#7745 = DIRECTION('',(0.,1.));
#7746 = ( GEOMETRIC_REPRESENTATION_CONTEXT(2) 
PARAMETRIC_REPRESENTATION_CONTEXT() REPRESENTATION_CONTEXT('2D SPACE',''
  ) );
#7747 = PCURVE('',#7715,#7748);
#7748 = DEFINITIONAL_REPRESENTATION('',(#7749),#7753);
#7749 = LINE('',#7750,#7751);
#7750 = CARTESIAN_POINT('',(102.8,0.));
#7751 = VECTOR('',#7752,1.);
#7752 = DIRECTION('',(0.,-1.));
#7753 = ( GEOMETRIC_REPRESENTATION_CONTEXT(2) 
PARAMETRIC_REPRESENTATION_CONTEXT() REPRESENTATION_CONTEXT('2D SPACE',''
  ) );
#7754 = ORIENTED_EDGE('',*,*,#7755,.F.);
#7755 = EDGE_CURVE('',#7598,#7733,#7756,.T.);
#7756 = SURFACE_CURVE('',#7757,(#7761,#7768),.PCURVE_S1.);
#7757 = LINE('',#7758,#7759);
#7758 = CARTESIAN_POINT('',(-77.88,-84.68,102.8));
#7759 = VECTOR('',#7760,1.);
#7760 = DIRECTION('',(-1.,1.224646799147E-16,0.));
#7761 = PCURVE('',#7639,#7762);
#7762 = DEFINITIONAL_REPRESENTATION('',(#7763),#7767);
#7763 = LINE('',#7764,#7765);
#7764 = CARTESIAN_POINT('',(0.,26.66));
#7765 = VECTOR('',#7766,1.);
#7766 = DIRECTION('',(1.,0.));
#7767 = ( GEOMETRIC_REPRESENTATION_CONTEXT(2) 
PARAMETRIC_REPRESENTATION_CONTEXT() REPRESENTATION_CONTEXT('2D SPACE',''
  ) );
#7768 = PCURVE('',#7613,#7769);
#7769 = DEFINITIONAL_REPRESENTATION('',(#7770),#7774);
#7770 = LINE('',#7771,#7772);
#7771 = CARTESIAN_POINT('',(102.8,0.));
#7772 = VECTOR('',#7773,1.);
#7773 = DIRECTION('',(0.,1.));
#7774 = ( GEOMETRIC_REPRESENTATION_CONTEXT(2) 
PARAMETRIC_REPRESENTATION_CONTEXT() REPRESENTATION_CONTEXT('2D SPACE',''
  ) );
#7775 = FACE_BOUND('',#7776,.T.);
#7776 = EDGE_LOOP('',(#7777));
#7777 = ORIENTED_EDGE('',*,*,#7778,.F.);
#7778 = EDGE_CURVE('',#7779,#7779,#7781,.T.);
#7779 = VERTEX_POINT('',#7780);
#7780 = CARTESIAN_POINT('',(-212.74,-71.35,102.8));
#7781 = SURFACE_CURVE('',#7782,(#7787,#7794),.PCURVE_S1.);
#7782 = CIRCLE('',#7783,5.44);
#7783 = AXIS2_PLACEMENT_3D('',#7784,#7785,#7786);
#7784 = CARTESIAN_POINT('',(-207.3,-71.35,102.8));
#7785 = DIRECTION('',(0.,0.,1.));
#7786 = DIRECTION('',(-1.,1.224646799147E-16,0.));
#7787 = PCURVE('',#7639,#7788);
#7788 = DEFINITIONAL_REPRESENTATION('',(#7789),#7793);
#7789 = CIRCLE('',#7790,5.44);
#7790 = AXIS2_PLACEMENT_2D('',#7791,#7792);
#7791 = CARTESIAN_POINT('',(129.42,13.33));
#7792 = DIRECTION('',(1.,0.));
#7793 = ( GEOMETRIC_REPRESENTATION_CONTEXT(2) 
PARAMETRIC_REPRESENTATION_CONTEXT() REPRESENTATION_CONTEXT('2D SPACE',''
  ) );
#7794 = PCURVE('',#7795,#7800);
#7795 = CYLINDRICAL_SURFACE('',#7796,5.44);
#7796 = AXIS2_PLACEMENT_3D('',#7797,#7798,#7799);
#7797 = CARTESIAN_POINT('',(-207.3,-71.35,102.8));
#7798 = DIRECTION('',(0.,0.,1.));
#7799 = DIRECTION('',(-1.,1.224646799147E-16,0.));
#7800 = DEFINITIONAL_REPRESENTATION('',(#7801),#7805);
#7801 = LINE('',#7802,#7803);
#7802 = CARTESIAN_POINT('',(0.,0.));
#7803 = VECTOR('',#7804,1.);
#7804 = DIRECTION('',(1.,0.));
#7805 = ( GEOMETRIC_REPRESENTATION_CONTEXT(2) 
PARAMETRIC_REPRESENTATION_CONTEXT() REPRESENTATION_CONTEXT('2D SPACE',''
  ) );
#7806 = FACE_BOUND('',#7807,.T.);
#7807 = EDGE_LOOP('',(#7808));
#7808 = ORIENTED_EDGE('',*,*,#7809,.F.);
#7809 = EDGE_CURVE('',#7810,#7810,#7812,.T.);
#7810 = VERTEX_POINT('',#7811);
#7811 = CARTESIAN_POINT('',(-102.14,-71.35,102.8));
#7812 = SURFACE_CURVE('',#7813,(#7818,#7825),.PCURVE_S1.);
#7813 = CIRCLE('',#7814,5.44);
#7814 = AXIS2_PLACEMENT_3D('',#7815,#7816,#7817);
#7815 = CARTESIAN_POINT('',(-96.7,-71.35,102.8));
#7816 = DIRECTION('',(0.,0.,1.));
#7817 = DIRECTION('',(-1.,1.224646799147E-16,0.));
#7818 = PCURVE('',#7639,#7819);
#7819 = DEFINITIONAL_REPRESENTATION('',(#7820),#7824);
#7820 = CIRCLE('',#7821,5.44);
#7821 = AXIS2_PLACEMENT_2D('',#7822,#7823);
#7822 = CARTESIAN_POINT('',(18.82,13.33));
#7823 = DIRECTION('',(1.,0.));
#7824 = ( GEOMETRIC_REPRESENTATION_CONTEXT(2) 
PARAMETRIC_REPRESENTATION_CONTEXT() REPRESENTATION_CONTEXT('2D SPACE',''
  ) );
#7825 = PCURVE('',#7826,#7831);
#7826 = CYLINDRICAL_SURFACE('',#7827,5.44);
#7827 = AXIS2_PLACEMENT_3D('',#7828,#7829,#7830);
#7828 = CARTESIAN_POINT('',(-96.7,-71.35,102.8));
#7829 = DIRECTION('',(0.,0.,1.));
#7830 = DIRECTION('',(-1.,1.224646799147E-16,0.));
#7831 = DEFINITIONAL_REPRESENTATION('',(#7832),#7836);
#7832 = LINE('',#7833,#7834);
#7833 = CARTESIAN_POINT('',(0.,0.));
#7834 = VECTOR('',#7835,1.);
#7835 = DIRECTION('',(1.,0.));
#7836 = ( GEOMETRIC_REPRESENTATION_CONTEXT(2) 
PARAMETRIC_REPRESENTATION_CONTEXT() REPRESENTATION_CONTEXT('2D SPACE',''
  ) );
#7837 = ADVANCED_FACE('',(#7838),#7613,.T.);
#7838 = FACE_BOUND('',#7839,.T.);
#7839 = EDGE_LOOP('',(#7840,#7863,#7864,#7865));
#7840 = ORIENTED_EDGE('',*,*,#7841,.F.);
#7841 = EDGE_CURVE('',#7570,#7842,#7844,.T.);
#7842 = VERTEX_POINT('',#7843);
#7843 = CARTESIAN_POINT('',(-226.12,-84.68,0.));
#7844 = SURFACE_CURVE('',#7845,(#7849,#7856),.PCURVE_S1.);
#7845 = LINE('',#7846,#7847);
#7846 = CARTESIAN_POINT('',(-77.88,-84.68,0.));
#7847 = VECTOR('',#7848,1.);
#7848 = DIRECTION('',(-1.,1.224646799147E-16,0.));
#7849 = PCURVE('',#7613,#7850);
#7850 = DEFINITIONAL_REPRESENTATION('',(#7851),#7855);
#7851 = LINE('',#7852,#7853);
#7852 = CARTESIAN_POINT('',(0.,0.));
#7853 = VECTOR('',#7854,1.);
#7854 = DIRECTION('',(0.,1.));
#7855 = ( GEOMETRIC_REPRESENTATION_CONTEXT(2) 
PARAMETRIC_REPRESENTATION_CONTEXT() REPRESENTATION_CONTEXT('2D SPACE',''
  ) );
#7856 = PCURVE('',#7585,#7857);
#7857 = DEFINITIONAL_REPRESENTATION('',(#7858),#7862);
#7858 = LINE('',#7859,#7860);
#7859 = CARTESIAN_POINT('',(0.,26.66));
#7860 = VECTOR('',#7861,1.);
#7861 = DIRECTION('',(1.,0.));
#7862 = ( GEOMETRIC_REPRESENTATION_CONTEXT(2) 
PARAMETRIC_REPRESENTATION_CONTEXT() REPRESENTATION_CONTEXT('2D SPACE',''
  ) );
#7863 = ORIENTED_EDGE('',*,*,#7597,.T.);
#7864 = ORIENTED_EDGE('',*,*,#7755,.T.);
#7865 = ORIENTED_EDGE('',*,*,#7866,.F.);
#7866 = EDGE_CURVE('',#7842,#7733,#7867,.T.);
#7867 = SURFACE_CURVE('',#7868,(#7872,#7879),.PCURVE_S1.);
#7868 = LINE('',#7869,#7870);
#7869 = CARTESIAN_POINT('',(-226.12,-84.68,0.));
#7870 = VECTOR('',#7871,1.);
#7871 = DIRECTION('',(0.,0.,1.));
#7872 = PCURVE('',#7613,#7873);
#7873 = DEFINITIONAL_REPRESENTATION('',(#7874),#7878);
#7874 = LINE('',#7875,#7876);
#7875 = CARTESIAN_POINT('',(0.,148.24));
#7876 = VECTOR('',#7877,1.);
#7877 = DIRECTION('',(1.,0.));
#7878 = ( GEOMETRIC_REPRESENTATION_CONTEXT(2) 
PARAMETRIC_REPRESENTATION_CONTEXT() REPRESENTATION_CONTEXT('2D SPACE',''
  ) );
#7879 = PCURVE('',#7715,#7880);
#7880 = DEFINITIONAL_REPRESENTATION('',(#7881),#7885);
#7881 = LINE('',#7882,#7883);
#7882 = CARTESIAN_POINT('',(0.,-26.66));
#7883 = VECTOR('',#7884,1.);
#7884 = DIRECTION('',(1.,0.));
#7885 = ( GEOMETRIC_REPRESENTATION_CONTEXT(2) 
PARAMETRIC_REPRESENTATION_CONTEXT() REPRESENTATION_CONTEXT('2D SPACE',''
  ) );
#7886 = ADVANCED_FACE('',(#7887),#7585,.F.);
#7887 = FACE_BOUND('',#7888,.F.);
#7888 = EDGE_LOOP('',(#7889,#7890,#7891,#7912));
#7889 = ORIENTED_EDGE('',*,*,#7569,.F.);
#7890 = ORIENTED_EDGE('',*,*,#7654,.T.);
#7891 = ORIENTED_EDGE('',*,*,#7892,.T.);
#7892 = EDGE_CURVE('',#7655,#7842,#7893,.T.);
#7893 = SURFACE_CURVE('',#7894,(#7898,#7905),.PCURVE_S1.);
#7894 = LINE('',#7895,#7896);
#7895 = CARTESIAN_POINT('',(-226.12,-58.02,0.));
#7896 = VECTOR('',#7897,1.);
#7897 = DIRECTION('',(-1.224646799147E-16,-1.,0.));
#7898 = PCURVE('',#7585,#7899);
#7899 = DEFINITIONAL_REPRESENTATION('',(#7900),#7904);
#7900 = LINE('',#7901,#7902);
#7901 = CARTESIAN_POINT('',(148.24,0.));
#7902 = VECTOR('',#7903,1.);
#7903 = DIRECTION('',(0.,1.));
#7904 = ( GEOMETRIC_REPRESENTATION_CONTEXT(2) 
PARAMETRIC_REPRESENTATION_CONTEXT() REPRESENTATION_CONTEXT('2D SPACE',''
  ) );
#7905 = PCURVE('',#7715,#7906);
#7906 = DEFINITIONAL_REPRESENTATION('',(#7907),#7911);
#7907 = LINE('',#7908,#7909);
#7908 = CARTESIAN_POINT('',(0.,0.));
#7909 = VECTOR('',#7910,1.);
#7910 = DIRECTION('',(0.,-1.));
#7911 = ( GEOMETRIC_REPRESENTATION_CONTEXT(2) 
PARAMETRIC_REPRESENTATION_CONTEXT() REPRESENTATION_CONTEXT('2D SPACE',''
  ) );
#7912 = ORIENTED_EDGE('',*,*,#7841,.F.);
#7913 = ADVANCED_FACE('',(#7914),#7715,.T.);
#7914 = FACE_BOUND('',#7915,.T.);
#7915 = EDGE_LOOP('',(#7916,#7917,#7918,#7919));
#7916 = ORIENTED_EDGE('',*,*,#7701,.F.);
#7917 = ORIENTED_EDGE('',*,*,#7892,.T.);
#7918 = ORIENTED_EDGE('',*,*,#7866,.T.);
#7919 = ORIENTED_EDGE('',*,*,#7732,.F.);
#7920 = ADVANCED_FACE('',(#7921),#7795,.T.);
#7921 = FACE_BOUND('',#7922,.T.);
#7922 = EDGE_LOOP('',(#7923,#7952,#7973,#7974));
#7923 = ORIENTED_EDGE('',*,*,#7924,.F.);
#7924 = EDGE_CURVE('',#7925,#7925,#7927,.T.);
#7925 = VERTEX_POINT('',#7926);
#7926 = CARTESIAN_POINT('',(-212.74,-71.35,105.9));
#7927 = SURFACE_CURVE('',#7928,(#7933,#7940),.PCURVE_S1.);
#7928 = CIRCLE('',#7929,5.44);
#7929 = AXIS2_PLACEMENT_3D('',#7930,#7931,#7932);
#7930 = CARTESIAN_POINT('',(-207.3,-71.35,105.9));
#7931 = DIRECTION('',(0.,0.,1.));
#7932 = DIRECTION('',(-1.,1.224646799147E-16,0.));
#7933 = PCURVE('',#7795,#7934);
#7934 = DEFINITIONAL_REPRESENTATION('',(#7935),#7939);
#7935 = LINE('',#7936,#7937);
#7936 = CARTESIAN_POINT('',(0.,3.1));
#7937 = VECTOR('',#7938,1.);
#7938 = DIRECTION('',(1.,0.));
#7939 = ( GEOMETRIC_REPRESENTATION_CONTEXT(2) 
PARAMETRIC_REPRESENTATION_CONTEXT() REPRESENTATION_CONTEXT('2D SPACE',''
  ) );
#7940 = PCURVE('',#7941,#7946);
#7941 = PLANE('',#7942);
#7942 = AXIS2_PLACEMENT_3D('',#7943,#7944,#7945);
#7943 = CARTESIAN_POINT('',(-207.3,-71.35,105.9));
#7944 = DIRECTION('',(0.,0.,1.));
#7945 = DIRECTION('',(-1.,1.224646799147E-16,0.));
#7946 = DEFINITIONAL_REPRESENTATION('',(#7947),#7951);
#7947 = CIRCLE('',#7948,5.44);
#7948 = AXIS2_PLACEMENT_2D('',#7949,#7950);
#7949 = CARTESIAN_POINT('',(0.,0.));
#7950 = DIRECTION('',(1.,0.));
#7951 = ( GEOMETRIC_REPRESENTATION_CONTEXT(2) 
PARAMETRIC_REPRESENTATION_CONTEXT() REPRESENTATION_CONTEXT('2D SPACE',''
  ) );
#7952 = ORIENTED_EDGE('',*,*,#7953,.F.);
#7953 = EDGE_CURVE('',#7779,#7925,#7954,.T.);
#7954 = SEAM_CURVE('',#7955,(#7959,#7966),.PCURVE_S1.);
#7955 = LINE('',#7956,#7957);
#7956 = CARTESIAN_POINT('',(-212.74,-71.35,102.8));
#7957 = VECTOR('',#7958,1.);
#7958 = DIRECTION('',(0.,0.,1.));
#7959 = PCURVE('',#7795,#7960);
#7960 = DEFINITIONAL_REPRESENTATION('',(#7961),#7965);
#7961 = LINE('',#7962,#7963);
#7962 = CARTESIAN_POINT('',(6.28318530718,-0.));
#7963 = VECTOR('',#7964,1.);
#7964 = DIRECTION('',(0.,1.));
#7965 = ( GEOMETRIC_REPRESENTATION_CONTEXT(2) 
PARAMETRIC_REPRESENTATION_CONTEXT() REPRESENTATION_CONTEXT('2D SPACE',''
  ) );
#7966 = PCURVE('',#7795,#7967);
#7967 = DEFINITIONAL_REPRESENTATION('',(#7968),#7972);
#7968 = LINE('',#7969,#7970);
#7969 = CARTESIAN_POINT('',(0.,-0.));
#7970 = VECTOR('',#7971,1.);
#7971 = DIRECTION('',(0.,1.));
#7972 = ( GEOMETRIC_REPRESENTATION_CONTEXT(2) 
PARAMETRIC_REPRESENTATION_CONTEXT() REPRESENTATION_CONTEXT('2D SPACE',''
  ) );
#7973 = ORIENTED_EDGE('',*,*,#7778,.T.);
#7974 = ORIENTED_EDGE('',*,*,#7953,.T.);
#7975 = ADVANCED_FACE('',(#7976),#7826,.T.);
#7976 = FACE_BOUND('',#7977,.T.);
#7977 = EDGE_LOOP('',(#7978,#8007,#8028,#8029));
#7978 = ORIENTED_EDGE('',*,*,#7979,.F.);
#7979 = EDGE_CURVE('',#7980,#7980,#7982,.T.);
#7980 = VERTEX_POINT('',#7981);
#7981 = CARTESIAN_POINT('',(-102.14,-71.35,105.9));
#7982 = SURFACE_CURVE('',#7983,(#7988,#7995),.PCURVE_S1.);
#7983 = CIRCLE('',#7984,5.44);
#7984 = AXIS2_PLACEMENT_3D('',#7985,#7986,#7987);
#7985 = CARTESIAN_POINT('',(-96.7,-71.35,105.9));
#7986 = DIRECTION('',(0.,0.,1.));
#7987 = DIRECTION('',(-1.,1.224646799147E-16,0.));
#7988 = PCURVE('',#7826,#7989);
#7989 = DEFINITIONAL_REPRESENTATION('',(#7990),#7994);
#7990 = LINE('',#7991,#7992);
#7991 = CARTESIAN_POINT('',(0.,3.1));
#7992 = VECTOR('',#7993,1.);
#7993 = DIRECTION('',(1.,0.));
#7994 = ( GEOMETRIC_REPRESENTATION_CONTEXT(2) 
PARAMETRIC_REPRESENTATION_CONTEXT() REPRESENTATION_CONTEXT('2D SPACE',''
  ) );
#7995 = PCURVE('',#7996,#8001);
#7996 = PLANE('',#7997);
#7997 = AXIS2_PLACEMENT_3D('',#7998,#7999,#8000);
#7998 = CARTESIAN_POINT('',(-96.7,-71.35,105.9));
#7999 = DIRECTION('',(0.,0.,1.));
#8000 = DIRECTION('',(-1.,1.224646799147E-16,0.));
#8001 = DEFINITIONAL_REPRESENTATION('',(#8002),#8006);
#8002 = CIRCLE('',#8003,5.44);
#8003 = AXIS2_PLACEMENT_2D('',#8004,#8005);
#8004 = CARTESIAN_POINT('',(0.,0.));
#8005 = DIRECTION('',(1.,0.));
#8006 = ( GEOMETRIC_REPRESENTATION_CONTEXT(2) 
PARAMETRIC_REPRESENTATION_CONTEXT() REPRESENTATION_CONTEXT('2D SPACE',''
  ) );
#8007 = ORIENTED_EDGE('',*,*,#8008,.F.);
#8008 = EDGE_CURVE('',#7810,#7980,#8009,.T.);
#8009 = SEAM_CURVE('',#8010,(#8014,#8021),.PCURVE_S1.);
#8010 = LINE('',#8011,#8012);
#8011 = CARTESIAN_POINT('',(-102.14,-71.35,102.8));
#8012 = VECTOR('',#8013,1.);
#8013 = DIRECTION('',(0.,0.,1.));
#8014 = PCURVE('',#7826,#8015);
#8015 = DEFINITIONAL_REPRESENTATION('',(#8016),#8020);
#8016 = LINE('',#8017,#8018);
#8017 = CARTESIAN_POINT('',(6.28318530718,-0.));
#8018 = VECTOR('',#8019,1.);
#8019 = DIRECTION('',(0.,1.));
#8020 = ( GEOMETRIC_REPRESENTATION_CONTEXT(2) 
PARAMETRIC_REPRESENTATION_CONTEXT() REPRESENTATION_CONTEXT('2D SPACE',''
  ) );
#8021 = PCURVE('',#7826,#8022);
#8022 = DEFINITIONAL_REPRESENTATION('',(#8023),#8027);
#8023 = LINE('',#8024,#8025);
#8024 = CARTESIAN_POINT('',(0.,-0.));
#8025 = VECTOR('',#8026,1.);
#8026 = DIRECTION('',(0.,1.));
#8027 = ( GEOMETRIC_REPRESENTATION_CONTEXT(2) 
PARAMETRIC_REPRESENTATION_CONTEXT() REPRESENTATION_CONTEXT('2D SPACE',''
  ) );
#8028 = ORIENTED_EDGE('',*,*,#7809,.T.);
#8029 = ORIENTED_EDGE('',*,*,#8008,.T.);
#8030 = ADVANCED_FACE('',(#8031),#7941,.T.);
#8031 = FACE_BOUND('',#8032,.T.);
#8032 = EDGE_LOOP('',(#8033));
#8033 = ORIENTED_EDGE('',*,*,#7924,.T.);
#8034 = ADVANCED_FACE('',(#8035),#7996,.T.);
#8035 = FACE_BOUND('',#8036,.T.);
#8036 = EDGE_LOOP('',(#8037));
#8037 = ORIENTED_EDGE('',*,*,#7979,.T.);
#8038 = MANIFOLD_SOLID_BREP('',#8039);
#8039 = CLOSED_SHELL('',(#8040,#8160,#8236,#8347,#8396,#8423,#8430,#8485
    ,#8540,#8544));
#8040 = ADVANCED_FACE('',(#8041),#8055,.F.);
#8041 = FACE_BOUND('',#8042,.F.);
#8042 = EDGE_LOOP('',(#8043,#8078,#8106,#8134));
#8043 = ORIENTED_EDGE('',*,*,#8044,.F.);
#8044 = EDGE_CURVE('',#8045,#8047,#8049,.T.);
#8045 = VERTEX_POINT('',#8046);
#8046 = CARTESIAN_POINT('',(-226.12,-55.02,0.));
#8047 = VERTEX_POINT('',#8048);
#8048 = CARTESIAN_POINT('',(-226.12,-55.02,102.8));
#8049 = SURFACE_CURVE('',#8050,(#8054,#8066),.PCURVE_S1.);
#8050 = LINE('',#8051,#8052);
#8051 = CARTESIAN_POINT('',(-226.12,-55.02,0.));
#8052 = VECTOR('',#8053,1.);
#8053 = DIRECTION('',(0.,0.,1.));
#8054 = PCURVE('',#8055,#8060);
#8055 = PLANE('',#8056);
#8056 = AXIS2_PLACEMENT_3D('',#8057,#8058,#8059);
#8057 = CARTESIAN_POINT('',(-226.12,-55.02,0.));
#8058 = DIRECTION('',(1.,0.,0.));
#8059 = DIRECTION('',(0.,0.,1.));
#8060 = DEFINITIONAL_REPRESENTATION('',(#8061),#8065);
#8061 = LINE('',#8062,#8063);
#8062 = CARTESIAN_POINT('',(0.,0.));
#8063 = VECTOR('',#8064,1.);
#8064 = DIRECTION('',(1.,0.));
#8065 = ( GEOMETRIC_REPRESENTATION_CONTEXT(2) 
PARAMETRIC_REPRESENTATION_CONTEXT() REPRESENTATION_CONTEXT('2D SPACE',''
  ) );
#8066 = PCURVE('',#8067,#8072);
#8067 = PLANE('',#8068);
#8068 = AXIS2_PLACEMENT_3D('',#8069,#8070,#8071);
#8069 = CARTESIAN_POINT('',(-226.12,-55.02,0.));
#8070 = DIRECTION('',(0.,1.,0.));
#8071 = DIRECTION('',(0.,0.,1.));
#8072 = DEFINITIONAL_REPRESENTATION('',(#8073),#8077);
#8073 = LINE('',#8074,#8075);
#8074 = CARTESIAN_POINT('',(0.,0.));
#8075 = VECTOR('',#8076,1.);
#8076 = DIRECTION('',(1.,0.));
#8077 = ( GEOMETRIC_REPRESENTATION_CONTEXT(2) 
PARAMETRIC_REPRESENTATION_CONTEXT() REPRESENTATION_CONTEXT('2D SPACE',''
  ) );
#8078 = ORIENTED_EDGE('',*,*,#8079,.T.);
#8079 = EDGE_CURVE('',#8045,#8080,#8082,.T.);
#8080 = VERTEX_POINT('',#8081);
#8081 = CARTESIAN_POINT('',(-226.12,-28.36,0.));
#8082 = SURFACE_CURVE('',#8083,(#8087,#8094),.PCURVE_S1.);
#8083 = LINE('',#8084,#8085);
#8084 = CARTESIAN_POINT('',(-226.12,-55.02,0.));
#8085 = VECTOR('',#8086,1.);
#8086 = DIRECTION('',(0.,1.,0.));
#8087 = PCURVE('',#8055,#8088);
#8088 = DEFINITIONAL_REPRESENTATION('',(#8089),#8093);
#8089 = LINE('',#8090,#8091);
#8090 = CARTESIAN_POINT('',(0.,0.));
#8091 = VECTOR('',#8092,1.);
#8092 = DIRECTION('',(0.,-1.));
#8093 = ( GEOMETRIC_REPRESENTATION_CONTEXT(2) 
PARAMETRIC_REPRESENTATION_CONTEXT() REPRESENTATION_CONTEXT('2D SPACE',''
  ) );
#8094 = PCURVE('',#8095,#8100);
#8095 = PLANE('',#8096);
#8096 = AXIS2_PLACEMENT_3D('',#8097,#8098,#8099);
#8097 = CARTESIAN_POINT('',(-226.12,-55.02,0.));
#8098 = DIRECTION('',(0.,0.,1.));
#8099 = DIRECTION('',(1.,0.,0.));
#8100 = DEFINITIONAL_REPRESENTATION('',(#8101),#8105);
#8101 = LINE('',#8102,#8103);
#8102 = CARTESIAN_POINT('',(0.,0.));
#8103 = VECTOR('',#8104,1.);
#8104 = DIRECTION('',(0.,1.));
#8105 = ( GEOMETRIC_REPRESENTATION_CONTEXT(2) 
PARAMETRIC_REPRESENTATION_CONTEXT() REPRESENTATION_CONTEXT('2D SPACE',''
  ) );
#8106 = ORIENTED_EDGE('',*,*,#8107,.T.);
#8107 = EDGE_CURVE('',#8080,#8108,#8110,.T.);
#8108 = VERTEX_POINT('',#8109);
#8109 = CARTESIAN_POINT('',(-226.12,-28.36,102.8));
#8110 = SURFACE_CURVE('',#8111,(#8115,#8122),.PCURVE_S1.);
#8111 = LINE('',#8112,#8113);
#8112 = CARTESIAN_POINT('',(-226.12,-28.36,0.));
#8113 = VECTOR('',#8114,1.);
#8114 = DIRECTION('',(0.,0.,1.));
#8115 = PCURVE('',#8055,#8116);
#8116 = DEFINITIONAL_REPRESENTATION('',(#8117),#8121);
#8117 = LINE('',#8118,#8119);
#8118 = CARTESIAN_POINT('',(0.,-26.66));
#8119 = VECTOR('',#8120,1.);
#8120 = DIRECTION('',(1.,0.));
#8121 = ( GEOMETRIC_REPRESENTATION_CONTEXT(2) 
PARAMETRIC_REPRESENTATION_CONTEXT() REPRESENTATION_CONTEXT('2D SPACE',''
  ) );
#8122 = PCURVE('',#8123,#8128);
#8123 = PLANE('',#8124);
#8124 = AXIS2_PLACEMENT_3D('',#8125,#8126,#8127);
#8125 = CARTESIAN_POINT('',(-226.12,-28.36,0.));
#8126 = DIRECTION('',(0.,1.,0.));
#8127 = DIRECTION('',(0.,0.,1.));
#8128 = DEFINITIONAL_REPRESENTATION('',(#8129),#8133);
#8129 = LINE('',#8130,#8131);
#8130 = CARTESIAN_POINT('',(0.,0.));
#8131 = VECTOR('',#8132,1.);
#8132 = DIRECTION('',(1.,0.));
#8133 = ( GEOMETRIC_REPRESENTATION_CONTEXT(2) 
PARAMETRIC_REPRESENTATION_CONTEXT() REPRESENTATION_CONTEXT('2D SPACE',''
  ) );
#8134 = ORIENTED_EDGE('',*,*,#8135,.F.);
#8135 = EDGE_CURVE('',#8047,#8108,#8136,.T.);
#8136 = SURFACE_CURVE('',#8137,(#8141,#8148),.PCURVE_S1.);
#8137 = LINE('',#8138,#8139);
#8138 = CARTESIAN_POINT('',(-226.12,-55.02,102.8));
#8139 = VECTOR('',#8140,1.);
#8140 = DIRECTION('',(0.,1.,0.));
#8141 = PCURVE('',#8055,#8142);
#8142 = DEFINITIONAL_REPRESENTATION('',(#8143),#8147);
#8143 = LINE('',#8144,#8145);
#8144 = CARTESIAN_POINT('',(102.8,0.));
#8145 = VECTOR('',#8146,1.);
#8146 = DIRECTION('',(0.,-1.));
#8147 = ( GEOMETRIC_REPRESENTATION_CONTEXT(2) 
PARAMETRIC_REPRESENTATION_CONTEXT() REPRESENTATION_CONTEXT('2D SPACE',''
  ) );
#8148 = PCURVE('',#8149,#8154);
#8149 = PLANE('',#8150);
#8150 = AXIS2_PLACEMENT_3D('',#8151,#8152,#8153);
#8151 = CARTESIAN_POINT('',(-226.12,-55.02,102.8));
#8152 = DIRECTION('',(0.,0.,1.));
#8153 = DIRECTION('',(1.,0.,0.));
#8154 = DEFINITIONAL_REPRESENTATION('',(#8155),#8159);
#8155 = LINE('',#8156,#8157);
#8156 = CARTESIAN_POINT('',(0.,0.));
#8157 = VECTOR('',#8158,1.);
#8158 = DIRECTION('',(0.,1.));
#8159 = ( GEOMETRIC_REPRESENTATION_CONTEXT(2) 
PARAMETRIC_REPRESENTATION_CONTEXT() REPRESENTATION_CONTEXT('2D SPACE',''
  ) );
#8160 = ADVANCED_FACE('',(#8161),#8067,.F.);
#8161 = FACE_BOUND('',#8162,.F.);
#8162 = EDGE_LOOP('',(#8163,#8186,#8187,#8210));
#8163 = ORIENTED_EDGE('',*,*,#8164,.F.);
#8164 = EDGE_CURVE('',#8045,#8165,#8167,.T.);
#8165 = VERTEX_POINT('',#8166);
#8166 = CARTESIAN_POINT('',(-77.88,-55.02,0.));
#8167 = SURFACE_CURVE('',#8168,(#8172,#8179),.PCURVE_S1.);
#8168 = LINE('',#8169,#8170);
#8169 = CARTESIAN_POINT('',(-226.12,-55.02,0.));
#8170 = VECTOR('',#8171,1.);
#8171 = DIRECTION('',(1.,0.,0.));
#8172 = PCURVE('',#8067,#8173);
#8173 = DEFINITIONAL_REPRESENTATION('',(#8174),#8178);
#8174 = LINE('',#8175,#8176);
#8175 = CARTESIAN_POINT('',(0.,0.));
#8176 = VECTOR('',#8177,1.);
#8177 = DIRECTION('',(0.,1.));
#8178 = ( GEOMETRIC_REPRESENTATION_CONTEXT(2) 
PARAMETRIC_REPRESENTATION_CONTEXT() REPRESENTATION_CONTEXT('2D SPACE',''
  ) );
#8179 = PCURVE('',#8095,#8180);
#8180 = DEFINITIONAL_REPRESENTATION('',(#8181),#8185);
#8181 = LINE('',#8182,#8183);
#8182 = CARTESIAN_POINT('',(0.,0.));
#8183 = VECTOR('',#8184,1.);
#8184 = DIRECTION('',(1.,0.));
#8185 = ( GEOMETRIC_REPRESENTATION_CONTEXT(2) 
PARAMETRIC_REPRESENTATION_CONTEXT() REPRESENTATION_CONTEXT('2D SPACE',''
  ) );
#8186 = ORIENTED_EDGE('',*,*,#8044,.T.);
#8187 = ORIENTED_EDGE('',*,*,#8188,.T.);
#8188 = EDGE_CURVE('',#8047,#8189,#8191,.T.);
#8189 = VERTEX_POINT('',#8190);
#8190 = CARTESIAN_POINT('',(-77.88,-55.02,102.8));
#8191 = SURFACE_CURVE('',#8192,(#8196,#8203),.PCURVE_S1.);
#8192 = LINE('',#8193,#8194);
#8193 = CARTESIAN_POINT('',(-226.12,-55.02,102.8));
#8194 = VECTOR('',#8195,1.);
#8195 = DIRECTION('',(1.,0.,0.));
#8196 = PCURVE('',#8067,#8197);
#8197 = DEFINITIONAL_REPRESENTATION('',(#8198),#8202);
#8198 = LINE('',#8199,#8200);
#8199 = CARTESIAN_POINT('',(102.8,0.));
#8200 = VECTOR('',#8201,1.);
#8201 = DIRECTION('',(0.,1.));
#8202 = ( GEOMETRIC_REPRESENTATION_CONTEXT(2) 
PARAMETRIC_REPRESENTATION_CONTEXT() REPRESENTATION_CONTEXT('2D SPACE',''
  ) );
#8203 = PCURVE('',#8149,#8204);
#8204 = DEFINITIONAL_REPRESENTATION('',(#8205),#8209);
#8205 = LINE('',#8206,#8207);
#8206 = CARTESIAN_POINT('',(0.,0.));
#8207 = VECTOR('',#8208,1.);
#8208 = DIRECTION('',(1.,0.));
#8209 = ( GEOMETRIC_REPRESENTATION_CONTEXT(2) 
PARAMETRIC_REPRESENTATION_CONTEXT() REPRESENTATION_CONTEXT('2D SPACE',''
  ) );
#8210 = ORIENTED_EDGE('',*,*,#8211,.F.);
#8211 = EDGE_CURVE('',#8165,#8189,#8212,.T.);
#8212 = SURFACE_CURVE('',#8213,(#8217,#8224),.PCURVE_S1.);
#8213 = LINE('',#8214,#8215);
#8214 = CARTESIAN_POINT('',(-77.88,-55.02,0.));
#8215 = VECTOR('',#8216,1.);
#8216 = DIRECTION('',(0.,0.,1.));
#8217 = PCURVE('',#8067,#8218);
#8218 = DEFINITIONAL_REPRESENTATION('',(#8219),#8223);
#8219 = LINE('',#8220,#8221);
#8220 = CARTESIAN_POINT('',(0.,148.24));
#8221 = VECTOR('',#8222,1.);
#8222 = DIRECTION('',(1.,0.));
#8223 = ( GEOMETRIC_REPRESENTATION_CONTEXT(2) 
PARAMETRIC_REPRESENTATION_CONTEXT() REPRESENTATION_CONTEXT('2D SPACE',''
  ) );
#8224 = PCURVE('',#8225,#8230);
#8225 = PLANE('',#8226);
#8226 = AXIS2_PLACEMENT_3D('',#8227,#8228,#8229);
#8227 = CARTESIAN_POINT('',(-77.88,-55.02,0.));
#8228 = DIRECTION('',(1.,0.,0.));
#8229 = DIRECTION('',(0.,0.,1.));
#8230 = DEFINITIONAL_REPRESENTATION('',(#8231),#8235);
#8231 = LINE('',#8232,#8233);
#8232 = CARTESIAN_POINT('',(0.,0.));
#8233 = VECTOR('',#8234,1.);
#8234 = DIRECTION('',(1.,0.));
#8235 = ( GEOMETRIC_REPRESENTATION_CONTEXT(2) 
PARAMETRIC_REPRESENTATION_CONTEXT() REPRESENTATION_CONTEXT('2D SPACE',''
  ) );
#8236 = ADVANCED_FACE('',(#8237,#8285,#8316),#8149,.T.);
#8237 = FACE_BOUND('',#8238,.T.);
#8238 = EDGE_LOOP('',(#8239,#8240,#8241,#8264));
#8239 = ORIENTED_EDGE('',*,*,#8135,.F.);
#8240 = ORIENTED_EDGE('',*,*,#8188,.T.);
#8241 = ORIENTED_EDGE('',*,*,#8242,.T.);
#8242 = EDGE_CURVE('',#8189,#8243,#8245,.T.);
#8243 = VERTEX_POINT('',#8244);
#8244 = CARTESIAN_POINT('',(-77.88,-28.36,102.8));
#8245 = SURFACE_CURVE('',#8246,(#8250,#8257),.PCURVE_S1.);
#8246 = LINE('',#8247,#8248);
#8247 = CARTESIAN_POINT('',(-77.88,-55.02,102.8));
#8248 = VECTOR('',#8249,1.);
#8249 = DIRECTION('',(0.,1.,0.));
#8250 = PCURVE('',#8149,#8251);
#8251 = DEFINITIONAL_REPRESENTATION('',(#8252),#8256);
#8252 = LINE('',#8253,#8254);
#8253 = CARTESIAN_POINT('',(148.24,0.));
#8254 = VECTOR('',#8255,1.);
#8255 = DIRECTION('',(0.,1.));
#8256 = ( GEOMETRIC_REPRESENTATION_CONTEXT(2) 
PARAMETRIC_REPRESENTATION_CONTEXT() REPRESENTATION_CONTEXT('2D SPACE',''
  ) );
#8257 = PCURVE('',#8225,#8258);
#8258 = DEFINITIONAL_REPRESENTATION('',(#8259),#8263);
#8259 = LINE('',#8260,#8261);
#8260 = CARTESIAN_POINT('',(102.8,0.));
#8261 = VECTOR('',#8262,1.);
#8262 = DIRECTION('',(0.,-1.));
#8263 = ( GEOMETRIC_REPRESENTATION_CONTEXT(2) 
PARAMETRIC_REPRESENTATION_CONTEXT() REPRESENTATION_CONTEXT('2D SPACE',''
  ) );
#8264 = ORIENTED_EDGE('',*,*,#8265,.F.);
#8265 = EDGE_CURVE('',#8108,#8243,#8266,.T.);
#8266 = SURFACE_CURVE('',#8267,(#8271,#8278),.PCURVE_S1.);
#8267 = LINE('',#8268,#8269);
#8268 = CARTESIAN_POINT('',(-226.12,-28.36,102.8));
#8269 = VECTOR('',#8270,1.);
#8270 = DIRECTION('',(1.,0.,0.));
#8271 = PCURVE('',#8149,#8272);
#8272 = DEFINITIONAL_REPRESENTATION('',(#8273),#8277);
#8273 = LINE('',#8274,#8275);
#8274 = CARTESIAN_POINT('',(0.,26.66));
#8275 = VECTOR('',#8276,1.);
#8276 = DIRECTION('',(1.,0.));
#8277 = ( GEOMETRIC_REPRESENTATION_CONTEXT(2) 
PARAMETRIC_REPRESENTATION_CONTEXT() REPRESENTATION_CONTEXT('2D SPACE',''
  ) );
#8278 = PCURVE('',#8123,#8279);
#8279 = DEFINITIONAL_REPRESENTATION('',(#8280),#8284);
#8280 = LINE('',#8281,#8282);
#8281 = CARTESIAN_POINT('',(102.8,0.));
#8282 = VECTOR('',#8283,1.);
#8283 = DIRECTION('',(0.,1.));
#8284 = ( GEOMETRIC_REPRESENTATION_CONTEXT(2) 
PARAMETRIC_REPRESENTATION_CONTEXT() REPRESENTATION_CONTEXT('2D SPACE',''
  ) );
#8285 = FACE_BOUND('',#8286,.T.);
#8286 = EDGE_LOOP('',(#8287));
#8287 = ORIENTED_EDGE('',*,*,#8288,.F.);
#8288 = EDGE_CURVE('',#8289,#8289,#8291,.T.);
#8289 = VERTEX_POINT('',#8290);
#8290 = CARTESIAN_POINT('',(-91.26,-41.69,102.8));
#8291 = SURFACE_CURVE('',#8292,(#8297,#8304),.PCURVE_S1.);
#8292 = CIRCLE('',#8293,5.44);
#8293 = AXIS2_PLACEMENT_3D('',#8294,#8295,#8296);
#8294 = CARTESIAN_POINT('',(-96.7,-41.69,102.8));
#8295 = DIRECTION('',(0.,0.,1.));
#8296 = DIRECTION('',(1.,0.,0.));
#8297 = PCURVE('',#8149,#8298);
#8298 = DEFINITIONAL_REPRESENTATION('',(#8299),#8303);
#8299 = CIRCLE('',#8300,5.44);
#8300 = AXIS2_PLACEMENT_2D('',#8301,#8302);
#8301 = CARTESIAN_POINT('',(129.42,13.33));
#8302 = DIRECTION('',(1.,0.));
#8303 = ( GEOMETRIC_REPRESENTATION_CONTEXT(2) 
PARAMETRIC_REPRESENTATION_CONTEXT() REPRESENTATION_CONTEXT('2D SPACE',''
  ) );
#8304 = PCURVE('',#8305,#8310);
#8305 = CYLINDRICAL_SURFACE('',#8306,5.44);
#8306 = AXIS2_PLACEMENT_3D('',#8307,#8308,#8309);
#8307 = CARTESIAN_POINT('',(-96.7,-41.69,102.8));
#8308 = DIRECTION('',(0.,0.,1.));
#8309 = DIRECTION('',(1.,0.,0.));
#8310 = DEFINITIONAL_REPRESENTATION('',(#8311),#8315);
#8311 = LINE('',#8312,#8313);
#8312 = CARTESIAN_POINT('',(0.,0.));
#8313 = VECTOR('',#8314,1.);
#8314 = DIRECTION('',(1.,0.));
#8315 = ( GEOMETRIC_REPRESENTATION_CONTEXT(2) 
PARAMETRIC_REPRESENTATION_CONTEXT() REPRESENTATION_CONTEXT('2D SPACE',''
  ) );
#8316 = FACE_BOUND('',#8317,.T.);
#8317 = EDGE_LOOP('',(#8318));
#8318 = ORIENTED_EDGE('',*,*,#8319,.F.);
#8319 = EDGE_CURVE('',#8320,#8320,#8322,.T.);
#8320 = VERTEX_POINT('',#8321);
#8321 = CARTESIAN_POINT('',(-201.86,-41.69,102.8));
#8322 = SURFACE_CURVE('',#8323,(#8328,#8335),.PCURVE_S1.);
#8323 = CIRCLE('',#8324,5.44);
#8324 = AXIS2_PLACEMENT_3D('',#8325,#8326,#8327);
#8325 = CARTESIAN_POINT('',(-207.3,-41.69,102.8));
#8326 = DIRECTION('',(0.,0.,1.));
#8327 = DIRECTION('',(1.,0.,0.));
#8328 = PCURVE('',#8149,#8329);
#8329 = DEFINITIONAL_REPRESENTATION('',(#8330),#8334);
#8330 = CIRCLE('',#8331,5.44);
#8331 = AXIS2_PLACEMENT_2D('',#8332,#8333);
#8332 = CARTESIAN_POINT('',(18.82,13.33));
#8333 = DIRECTION('',(1.,0.));
#8334 = ( GEOMETRIC_REPRESENTATION_CONTEXT(2) 
PARAMETRIC_REPRESENTATION_CONTEXT() REPRESENTATION_CONTEXT('2D SPACE',''
  ) );
#8335 = PCURVE('',#8336,#8341);
#8336 = CYLINDRICAL_SURFACE('',#8337,5.44);
#8337 = AXIS2_PLACEMENT_3D('',#8338,#8339,#8340);
#8338 = CARTESIAN_POINT('',(-207.3,-41.69,102.8));
#8339 = DIRECTION('',(0.,0.,1.));
#8340 = DIRECTION('',(1.,0.,0.));
#8341 = DEFINITIONAL_REPRESENTATION('',(#8342),#8346);
#8342 = LINE('',#8343,#8344);
#8343 = CARTESIAN_POINT('',(0.,0.));
#8344 = VECTOR('',#8345,1.);
#8345 = DIRECTION('',(1.,0.));
#8346 = ( GEOMETRIC_REPRESENTATION_CONTEXT(2) 
PARAMETRIC_REPRESENTATION_CONTEXT() REPRESENTATION_CONTEXT('2D SPACE',''
  ) );
#8347 = ADVANCED_FACE('',(#8348),#8123,.T.);
#8348 = FACE_BOUND('',#8349,.T.);
#8349 = EDGE_LOOP('',(#8350,#8373,#8374,#8375));
#8350 = ORIENTED_EDGE('',*,*,#8351,.F.);
#8351 = EDGE_CURVE('',#8080,#8352,#8354,.T.);
#8352 = VERTEX_POINT('',#8353);
#8353 = CARTESIAN_POINT('',(-77.88,-28.36,0.));
#8354 = SURFACE_CURVE('',#8355,(#8359,#8366),.PCURVE_S1.);
#8355 = LINE('',#8356,#8357);
#8356 = CARTESIAN_POINT('',(-226.12,-28.36,0.));
#8357 = VECTOR('',#8358,1.);
#8358 = DIRECTION('',(1.,0.,0.));
#8359 = PCURVE('',#8123,#8360);
#8360 = DEFINITIONAL_REPRESENTATION('',(#8361),#8365);
#8361 = LINE('',#8362,#8363);
#8362 = CARTESIAN_POINT('',(0.,0.));
#8363 = VECTOR('',#8364,1.);
#8364 = DIRECTION('',(0.,1.));
#8365 = ( GEOMETRIC_REPRESENTATION_CONTEXT(2) 
PARAMETRIC_REPRESENTATION_CONTEXT() REPRESENTATION_CONTEXT('2D SPACE',''
  ) );
#8366 = PCURVE('',#8095,#8367);
#8367 = DEFINITIONAL_REPRESENTATION('',(#8368),#8372);
#8368 = LINE('',#8369,#8370);
#8369 = CARTESIAN_POINT('',(0.,26.66));
#8370 = VECTOR('',#8371,1.);
#8371 = DIRECTION('',(1.,0.));
#8372 = ( GEOMETRIC_REPRESENTATION_CONTEXT(2) 
PARAMETRIC_REPRESENTATION_CONTEXT() REPRESENTATION_CONTEXT('2D SPACE',''
  ) );
#8373 = ORIENTED_EDGE('',*,*,#8107,.T.);
#8374 = ORIENTED_EDGE('',*,*,#8265,.T.);
#8375 = ORIENTED_EDGE('',*,*,#8376,.F.);
#8376 = EDGE_CURVE('',#8352,#8243,#8377,.T.);
#8377 = SURFACE_CURVE('',#8378,(#8382,#8389),.PCURVE_S1.);
#8378 = LINE('',#8379,#8380);
#8379 = CARTESIAN_POINT('',(-77.88,-28.36,0.));
#8380 = VECTOR('',#8381,1.);
#8381 = DIRECTION('',(0.,0.,1.));
#8382 = PCURVE('',#8123,#8383);
#8383 = DEFINITIONAL_REPRESENTATION('',(#8384),#8388);
#8384 = LINE('',#8385,#8386);
#8385 = CARTESIAN_POINT('',(0.,148.24));
#8386 = VECTOR('',#8387,1.);
#8387 = DIRECTION('',(1.,0.));
#8388 = ( GEOMETRIC_REPRESENTATION_CONTEXT(2) 
PARAMETRIC_REPRESENTATION_CONTEXT() REPRESENTATION_CONTEXT('2D SPACE',''
  ) );
#8389 = PCURVE('',#8225,#8390);
#8390 = DEFINITIONAL_REPRESENTATION('',(#8391),#8395);
#8391 = LINE('',#8392,#8393);
#8392 = CARTESIAN_POINT('',(0.,-26.66));
#8393 = VECTOR('',#8394,1.);
#8394 = DIRECTION('',(1.,0.));
#8395 = ( GEOMETRIC_REPRESENTATION_CONTEXT(2) 
PARAMETRIC_REPRESENTATION_CONTEXT() REPRESENTATION_CONTEXT('2D SPACE',''
  ) );
#8396 = ADVANCED_FACE('',(#8397),#8095,.F.);
#8397 = FACE_BOUND('',#8398,.F.);
#8398 = EDGE_LOOP('',(#8399,#8400,#8401,#8422));
#8399 = ORIENTED_EDGE('',*,*,#8079,.F.);
#8400 = ORIENTED_EDGE('',*,*,#8164,.T.);
#8401 = ORIENTED_EDGE('',*,*,#8402,.T.);
#8402 = EDGE_CURVE('',#8165,#8352,#8403,.T.);
#8403 = SURFACE_CURVE('',#8404,(#8408,#8415),.PCURVE_S1.);
#8404 = LINE('',#8405,#8406);
#8405 = CARTESIAN_POINT('',(-77.88,-55.02,0.));
#8406 = VECTOR('',#8407,1.);
#8407 = DIRECTION('',(0.,1.,0.));
#8408 = PCURVE('',#8095,#8409);
#8409 = DEFINITIONAL_REPRESENTATION('',(#8410),#8414);
#8410 = LINE('',#8411,#8412);
#8411 = CARTESIAN_POINT('',(148.24,0.));
#8412 = VECTOR('',#8413,1.);
#8413 = DIRECTION('',(0.,1.));
#8414 = ( GEOMETRIC_REPRESENTATION_CONTEXT(2) 
PARAMETRIC_REPRESENTATION_CONTEXT() REPRESENTATION_CONTEXT('2D SPACE',''
  ) );
#8415 = PCURVE('',#8225,#8416);
#8416 = DEFINITIONAL_REPRESENTATION('',(#8417),#8421);
#8417 = LINE('',#8418,#8419);
#8418 = CARTESIAN_POINT('',(0.,0.));
#8419 = VECTOR('',#8420,1.);
#8420 = DIRECTION('',(0.,-1.));
#8421 = ( GEOMETRIC_REPRESENTATION_CONTEXT(2) 
PARAMETRIC_REPRESENTATION_CONTEXT() REPRESENTATION_CONTEXT('2D SPACE',''
  ) );
#8422 = ORIENTED_EDGE('',*,*,#8351,.F.);
#8423 = ADVANCED_FACE('',(#8424),#8225,.T.);
#8424 = FACE_BOUND('',#8425,.T.);
#8425 = EDGE_LOOP('',(#8426,#8427,#8428,#8429));
#8426 = ORIENTED_EDGE('',*,*,#8211,.F.);
#8427 = ORIENTED_EDGE('',*,*,#8402,.T.);
#8428 = ORIENTED_EDGE('',*,*,#8376,.T.);
#8429 = ORIENTED_EDGE('',*,*,#8242,.F.);
#8430 = ADVANCED_FACE('',(#8431),#8305,.T.);
#8431 = FACE_BOUND('',#8432,.T.);
#8432 = EDGE_LOOP('',(#8433,#8462,#8483,#8484));
#8433 = ORIENTED_EDGE('',*,*,#8434,.F.);
#8434 = EDGE_CURVE('',#8435,#8435,#8437,.T.);
#8435 = VERTEX_POINT('',#8436);
#8436 = CARTESIAN_POINT('',(-91.26,-41.69,105.9));
#8437 = SURFACE_CURVE('',#8438,(#8443,#8450),.PCURVE_S1.);
#8438 = CIRCLE('',#8439,5.44);
#8439 = AXIS2_PLACEMENT_3D('',#8440,#8441,#8442);
#8440 = CARTESIAN_POINT('',(-96.7,-41.69,105.9));
#8441 = DIRECTION('',(0.,0.,1.));
#8442 = DIRECTION('',(1.,0.,0.));
#8443 = PCURVE('',#8305,#8444);
#8444 = DEFINITIONAL_REPRESENTATION('',(#8445),#8449);
#8445 = LINE('',#8446,#8447);
#8446 = CARTESIAN_POINT('',(0.,3.1));
#8447 = VECTOR('',#8448,1.);
#8448 = DIRECTION('',(1.,0.));
#8449 = ( GEOMETRIC_REPRESENTATION_CONTEXT(2) 
PARAMETRIC_REPRESENTATION_CONTEXT() REPRESENTATION_CONTEXT('2D SPACE',''
  ) );
#8450 = PCURVE('',#8451,#8456);
#8451 = PLANE('',#8452);
#8452 = AXIS2_PLACEMENT_3D('',#8453,#8454,#8455);
#8453 = CARTESIAN_POINT('',(-96.7,-41.69,105.9));
#8454 = DIRECTION('',(0.,0.,1.));
#8455 = DIRECTION('',(1.,0.,0.));
#8456 = DEFINITIONAL_REPRESENTATION('',(#8457),#8461);
#8457 = CIRCLE('',#8458,5.44);
#8458 = AXIS2_PLACEMENT_2D('',#8459,#8460);
#8459 = CARTESIAN_POINT('',(0.,0.));
#8460 = DIRECTION('',(1.,0.));
#8461 = ( GEOMETRIC_REPRESENTATION_CONTEXT(2) 
PARAMETRIC_REPRESENTATION_CONTEXT() REPRESENTATION_CONTEXT('2D SPACE',''
  ) );
#8462 = ORIENTED_EDGE('',*,*,#8463,.F.);
#8463 = EDGE_CURVE('',#8289,#8435,#8464,.T.);
#8464 = SEAM_CURVE('',#8465,(#8469,#8476),.PCURVE_S1.);
#8465 = LINE('',#8466,#8467);
#8466 = CARTESIAN_POINT('',(-91.26,-41.69,102.8));
#8467 = VECTOR('',#8468,1.);
#8468 = DIRECTION('',(0.,0.,1.));
#8469 = PCURVE('',#8305,#8470);
#8470 = DEFINITIONAL_REPRESENTATION('',(#8471),#8475);
#8471 = LINE('',#8472,#8473);
#8472 = CARTESIAN_POINT('',(6.28318530718,-0.));
#8473 = VECTOR('',#8474,1.);
#8474 = DIRECTION('',(0.,1.));
#8475 = ( GEOMETRIC_REPRESENTATION_CONTEXT(2) 
PARAMETRIC_REPRESENTATION_CONTEXT() REPRESENTATION_CONTEXT('2D SPACE',''
  ) );
#8476 = PCURVE('',#8305,#8477);
#8477 = DEFINITIONAL_REPRESENTATION('',(#8478),#8482);
#8478 = LINE('',#8479,#8480);
#8479 = CARTESIAN_POINT('',(0.,-0.));
#8480 = VECTOR('',#8481,1.);
#8481 = DIRECTION('',(0.,1.));
#8482 = ( GEOMETRIC_REPRESENTATION_CONTEXT(2) 
PARAMETRIC_REPRESENTATION_CONTEXT() REPRESENTATION_CONTEXT('2D SPACE',''
  ) );
#8483 = ORIENTED_EDGE('',*,*,#8288,.T.);
#8484 = ORIENTED_EDGE('',*,*,#8463,.T.);
#8485 = ADVANCED_FACE('',(#8486),#8336,.T.);
#8486 = FACE_BOUND('',#8487,.T.);
#8487 = EDGE_LOOP('',(#8488,#8517,#8538,#8539));
#8488 = ORIENTED_EDGE('',*,*,#8489,.F.);
#8489 = EDGE_CURVE('',#8490,#8490,#8492,.T.);
#8490 = VERTEX_POINT('',#8491);
#8491 = CARTESIAN_POINT('',(-201.86,-41.69,105.9));
#8492 = SURFACE_CURVE('',#8493,(#8498,#8505),.PCURVE_S1.);
#8493 = CIRCLE('',#8494,5.44);
#8494 = AXIS2_PLACEMENT_3D('',#8495,#8496,#8497);
#8495 = CARTESIAN_POINT('',(-207.3,-41.69,105.9));
#8496 = DIRECTION('',(0.,0.,1.));
#8497 = DIRECTION('',(1.,0.,0.));
#8498 = PCURVE('',#8336,#8499);
#8499 = DEFINITIONAL_REPRESENTATION('',(#8500),#8504);
#8500 = LINE('',#8501,#8502);
#8501 = CARTESIAN_POINT('',(0.,3.1));
#8502 = VECTOR('',#8503,1.);
#8503 = DIRECTION('',(1.,0.));
#8504 = ( GEOMETRIC_REPRESENTATION_CONTEXT(2) 
PARAMETRIC_REPRESENTATION_CONTEXT() REPRESENTATION_CONTEXT('2D SPACE',''
  ) );
#8505 = PCURVE('',#8506,#8511);
#8506 = PLANE('',#8507);
#8507 = AXIS2_PLACEMENT_3D('',#8508,#8509,#8510);
#8508 = CARTESIAN_POINT('',(-207.3,-41.69,105.9));
#8509 = DIRECTION('',(0.,0.,1.));
#8510 = DIRECTION('',(1.,0.,0.));
#8511 = DEFINITIONAL_REPRESENTATION('',(#8512),#8516);
#8512 = CIRCLE('',#8513,5.44);
#8513 = AXIS2_PLACEMENT_2D('',#8514,#8515);
#8514 = CARTESIAN_POINT('',(0.,0.));
#8515 = DIRECTION('',(1.,0.));
#8516 = ( GEOMETRIC_REPRESENTATION_CONTEXT(2) 
PARAMETRIC_REPRESENTATION_CONTEXT() REPRESENTATION_CONTEXT('2D SPACE',''
  ) );
#8517 = ORIENTED_EDGE('',*,*,#8518,.F.);
#8518 = EDGE_CURVE('',#8320,#8490,#8519,.T.);
#8519 = SEAM_CURVE('',#8520,(#8524,#8531),.PCURVE_S1.);
#8520 = LINE('',#8521,#8522);
#8521 = CARTESIAN_POINT('',(-201.86,-41.69,102.8));
#8522 = VECTOR('',#8523,1.);
#8523 = DIRECTION('',(0.,0.,1.));
#8524 = PCURVE('',#8336,#8525);
#8525 = DEFINITIONAL_REPRESENTATION('',(#8526),#8530);
#8526 = LINE('',#8527,#8528);
#8527 = CARTESIAN_POINT('',(6.28318530718,-0.));
#8528 = VECTOR('',#8529,1.);
#8529 = DIRECTION('',(0.,1.));
#8530 = ( GEOMETRIC_REPRESENTATION_CONTEXT(2) 
PARAMETRIC_REPRESENTATION_CONTEXT() REPRESENTATION_CONTEXT('2D SPACE',''
  ) );
#8531 = PCURVE('',#8336,#8532);
#8532 = DEFINITIONAL_REPRESENTATION('',(#8533),#8537);
#8533 = LINE('',#8534,#8535);
#8534 = CARTESIAN_POINT('',(0.,-0.));
#8535 = VECTOR('',#8536,1.);
#8536 = DIRECTION('',(0.,1.));
#8537 = ( GEOMETRIC_REPRESENTATION_CONTEXT(2) 
PARAMETRIC_REPRESENTATION_CONTEXT() REPRESENTATION_CONTEXT('2D SPACE',''
  ) );
#8538 = ORIENTED_EDGE('',*,*,#8319,.T.);
#8539 = ORIENTED_EDGE('',*,*,#8518,.T.);
#8540 = ADVANCED_FACE('',(#8541),#8451,.T.);
#8541 = FACE_BOUND('',#8542,.T.);
#8542 = EDGE_LOOP('',(#8543));
#8543 = ORIENTED_EDGE('',*,*,#8434,.T.);
#8544 = ADVANCED_FACE('',(#8545),#8506,.T.);
#8545 = FACE_BOUND('',#8546,.T.);
#8546 = EDGE_LOOP('',(#8547));
#8547 = ORIENTED_EDGE('',*,*,#8489,.T.);
#8548 = MANIFOLD_SOLID_BREP('',#8549);
#8549 = CLOSED_SHELL('',(#8550,#8670,#8746,#8857,#8906,#8933,#8940,#8995
    ,#9050,#9054));
#8550 = ADVANCED_FACE('',(#8551),#8565,.F.);
#8551 = FACE_BOUND('',#8552,.F.);
#8552 = EDGE_LOOP('',(#8553,#8588,#8616,#8644));
#8553 = ORIENTED_EDGE('',*,*,#8554,.F.);
#8554 = EDGE_CURVE('',#8555,#8557,#8559,.T.);
#8555 = VERTEX_POINT('',#8556);
#8556 = CARTESIAN_POINT('',(-77.88,1.3,0.));
#8557 = VERTEX_POINT('',#8558);
#8558 = CARTESIAN_POINT('',(-77.88,1.3,102.8));
#8559 = SURFACE_CURVE('',#8560,(#8564,#8576),.PCURVE_S1.);
#8560 = LINE('',#8561,#8562);
#8561 = CARTESIAN_POINT('',(-77.88,1.3,0.));
#8562 = VECTOR('',#8563,1.);
#8563 = DIRECTION('',(0.,0.,1.));
#8564 = PCURVE('',#8565,#8570);
#8565 = PLANE('',#8566);
#8566 = AXIS2_PLACEMENT_3D('',#8567,#8568,#8569);
#8567 = CARTESIAN_POINT('',(-77.88,1.3,0.));
#8568 = DIRECTION('',(-1.,1.224646799147E-16,0.));
#8569 = DIRECTION('',(0.,0.,1.));
#8570 = DEFINITIONAL_REPRESENTATION('',(#8571),#8575);
#8571 = LINE('',#8572,#8573);
#8572 = CARTESIAN_POINT('',(0.,0.));
#8573 = VECTOR('',#8574,1.);
#8574 = DIRECTION('',(1.,0.));
#8575 = ( GEOMETRIC_REPRESENTATION_CONTEXT(2) 
PARAMETRIC_REPRESENTATION_CONTEXT() REPRESENTATION_CONTEXT('2D SPACE',''
  ) );
#8576 = PCURVE('',#8577,#8582);
#8577 = PLANE('',#8578);
#8578 = AXIS2_PLACEMENT_3D('',#8579,#8580,#8581);
#8579 = CARTESIAN_POINT('',(-77.88,1.3,0.));
#8580 = DIRECTION('',(-1.224646799147E-16,-1.,0.));
#8581 = DIRECTION('',(0.,0.,1.));
#8582 = DEFINITIONAL_REPRESENTATION('',(#8583),#8587);
#8583 = LINE('',#8584,#8585);
#8584 = CARTESIAN_POINT('',(0.,0.));
#8585 = VECTOR('',#8586,1.);
#8586 = DIRECTION('',(1.,0.));
#8587 = ( GEOMETRIC_REPRESENTATION_CONTEXT(2) 
PARAMETRIC_REPRESENTATION_CONTEXT() REPRESENTATION_CONTEXT('2D SPACE',''
  ) );
#8588 = ORIENTED_EDGE('',*,*,#8589,.T.);
#8589 = EDGE_CURVE('',#8555,#8590,#8592,.T.);
#8590 = VERTEX_POINT('',#8591);
#8591 = CARTESIAN_POINT('',(-77.88,-25.36,0.));
#8592 = SURFACE_CURVE('',#8593,(#8597,#8604),.PCURVE_S1.);
#8593 = LINE('',#8594,#8595);
#8594 = CARTESIAN_POINT('',(-77.88,1.3,0.));
#8595 = VECTOR('',#8596,1.);
#8596 = DIRECTION('',(-1.224646799147E-16,-1.,0.));
#8597 = PCURVE('',#8565,#8598);
#8598 = DEFINITIONAL_REPRESENTATION('',(#8599),#8603);
#8599 = LINE('',#8600,#8601);
#8600 = CARTESIAN_POINT('',(0.,0.));
#8601 = VECTOR('',#8602,1.);
#8602 = DIRECTION('',(0.,-1.));
#8603 = ( GEOMETRIC_REPRESENTATION_CONTEXT(2) 
PARAMETRIC_REPRESENTATION_CONTEXT() REPRESENTATION_CONTEXT('2D SPACE',''
  ) );
#8604 = PCURVE('',#8605,#8610);
#8605 = PLANE('',#8606);
#8606 = AXIS2_PLACEMENT_3D('',#8607,#8608,#8609);
#8607 = CARTESIAN_POINT('',(-77.88,1.3,0.));
#8608 = DIRECTION('',(0.,0.,1.));
#8609 = DIRECTION('',(-1.,1.224646799147E-16,0.));
#8610 = DEFINITIONAL_REPRESENTATION('',(#8611),#8615);
#8611 = LINE('',#8612,#8613);
#8612 = CARTESIAN_POINT('',(0.,0.));
#8613 = VECTOR('',#8614,1.);
#8614 = DIRECTION('',(0.,1.));
#8615 = ( GEOMETRIC_REPRESENTATION_CONTEXT(2) 
PARAMETRIC_REPRESENTATION_CONTEXT() REPRESENTATION_CONTEXT('2D SPACE',''
  ) );
#8616 = ORIENTED_EDGE('',*,*,#8617,.T.);
#8617 = EDGE_CURVE('',#8590,#8618,#8620,.T.);
#8618 = VERTEX_POINT('',#8619);
#8619 = CARTESIAN_POINT('',(-77.88,-25.36,102.8));
#8620 = SURFACE_CURVE('',#8621,(#8625,#8632),.PCURVE_S1.);
#8621 = LINE('',#8622,#8623);
#8622 = CARTESIAN_POINT('',(-77.88,-25.36,0.));
#8623 = VECTOR('',#8624,1.);
#8624 = DIRECTION('',(0.,0.,1.));
#8625 = PCURVE('',#8565,#8626);
#8626 = DEFINITIONAL_REPRESENTATION('',(#8627),#8631);
#8627 = LINE('',#8628,#8629);
#8628 = CARTESIAN_POINT('',(0.,-26.66));
#8629 = VECTOR('',#8630,1.);
#8630 = DIRECTION('',(1.,0.));
#8631 = ( GEOMETRIC_REPRESENTATION_CONTEXT(2) 
PARAMETRIC_REPRESENTATION_CONTEXT() REPRESENTATION_CONTEXT('2D SPACE',''
  ) );
#8632 = PCURVE('',#8633,#8638);
#8633 = PLANE('',#8634);
#8634 = AXIS2_PLACEMENT_3D('',#8635,#8636,#8637);
#8635 = CARTESIAN_POINT('',(-77.88,-25.36,0.));
#8636 = DIRECTION('',(-1.224646799147E-16,-1.,0.));
#8637 = DIRECTION('',(0.,0.,1.));
#8638 = DEFINITIONAL_REPRESENTATION('',(#8639),#8643);
#8639 = LINE('',#8640,#8641);
#8640 = CARTESIAN_POINT('',(0.,0.));
#8641 = VECTOR('',#8642,1.);
#8642 = DIRECTION('',(1.,0.));
#8643 = ( GEOMETRIC_REPRESENTATION_CONTEXT(2) 
PARAMETRIC_REPRESENTATION_CONTEXT() REPRESENTATION_CONTEXT('2D SPACE',''
  ) );
#8644 = ORIENTED_EDGE('',*,*,#8645,.F.);
#8645 = EDGE_CURVE('',#8557,#8618,#8646,.T.);
#8646 = SURFACE_CURVE('',#8647,(#8651,#8658),.PCURVE_S1.);
#8647 = LINE('',#8648,#8649);
#8648 = CARTESIAN_POINT('',(-77.88,1.3,102.8));
#8649 = VECTOR('',#8650,1.);
#8650 = DIRECTION('',(-1.224646799147E-16,-1.,0.));
#8651 = PCURVE('',#8565,#8652);
#8652 = DEFINITIONAL_REPRESENTATION('',(#8653),#8657);
#8653 = LINE('',#8654,#8655);
#8654 = CARTESIAN_POINT('',(102.8,0.));
#8655 = VECTOR('',#8656,1.);
#8656 = DIRECTION('',(0.,-1.));
#8657 = ( GEOMETRIC_REPRESENTATION_CONTEXT(2) 
PARAMETRIC_REPRESENTATION_CONTEXT() REPRESENTATION_CONTEXT('2D SPACE',''
  ) );
#8658 = PCURVE('',#8659,#8664);
#8659 = PLANE('',#8660);
#8660 = AXIS2_PLACEMENT_3D('',#8661,#8662,#8663);
#8661 = CARTESIAN_POINT('',(-77.88,1.3,102.8));
#8662 = DIRECTION('',(0.,0.,1.));
#8663 = DIRECTION('',(-1.,1.224646799147E-16,0.));
#8664 = DEFINITIONAL_REPRESENTATION('',(#8665),#8669);
#8665 = LINE('',#8666,#8667);
#8666 = CARTESIAN_POINT('',(0.,0.));
#8667 = VECTOR('',#8668,1.);
#8668 = DIRECTION('',(0.,1.));
#8669 = ( GEOMETRIC_REPRESENTATION_CONTEXT(2) 
PARAMETRIC_REPRESENTATION_CONTEXT() REPRESENTATION_CONTEXT('2D SPACE',''
  ) );
#8670 = ADVANCED_FACE('',(#8671),#8577,.F.);
#8671 = FACE_BOUND('',#8672,.F.);
#8672 = EDGE_LOOP('',(#8673,#8696,#8697,#8720));
#8673 = ORIENTED_EDGE('',*,*,#8674,.F.);
#8674 = EDGE_CURVE('',#8555,#8675,#8677,.T.);
#8675 = VERTEX_POINT('',#8676);
#8676 = CARTESIAN_POINT('',(-226.12,1.3,0.));
#8677 = SURFACE_CURVE('',#8678,(#8682,#8689),.PCURVE_S1.);
#8678 = LINE('',#8679,#8680);
#8679 = CARTESIAN_POINT('',(-77.88,1.3,0.));
#8680 = VECTOR('',#8681,1.);
#8681 = DIRECTION('',(-1.,1.224646799147E-16,0.));
#8682 = PCURVE('',#8577,#8683);
#8683 = DEFINITIONAL_REPRESENTATION('',(#8684),#8688);
#8684 = LINE('',#8685,#8686);
#8685 = CARTESIAN_POINT('',(0.,0.));
#8686 = VECTOR('',#8687,1.);
#8687 = DIRECTION('',(0.,1.));
#8688 = ( GEOMETRIC_REPRESENTATION_CONTEXT(2) 
PARAMETRIC_REPRESENTATION_CONTEXT() REPRESENTATION_CONTEXT('2D SPACE',''
  ) );
#8689 = PCURVE('',#8605,#8690);
#8690 = DEFINITIONAL_REPRESENTATION('',(#8691),#8695);
#8691 = LINE('',#8692,#8693);
#8692 = CARTESIAN_POINT('',(0.,0.));
#8693 = VECTOR('',#8694,1.);
#8694 = DIRECTION('',(1.,0.));
#8695 = ( GEOMETRIC_REPRESENTATION_CONTEXT(2) 
PARAMETRIC_REPRESENTATION_CONTEXT() REPRESENTATION_CONTEXT('2D SPACE',''
  ) );
#8696 = ORIENTED_EDGE('',*,*,#8554,.T.);
#8697 = ORIENTED_EDGE('',*,*,#8698,.T.);
#8698 = EDGE_CURVE('',#8557,#8699,#8701,.T.);
#8699 = VERTEX_POINT('',#8700);
#8700 = CARTESIAN_POINT('',(-226.12,1.3,102.8));
#8701 = SURFACE_CURVE('',#8702,(#8706,#8713),.PCURVE_S1.);
#8702 = LINE('',#8703,#8704);
#8703 = CARTESIAN_POINT('',(-77.88,1.3,102.8));
#8704 = VECTOR('',#8705,1.);
#8705 = DIRECTION('',(-1.,1.224646799147E-16,0.));
#8706 = PCURVE('',#8577,#8707);
#8707 = DEFINITIONAL_REPRESENTATION('',(#8708),#8712);
#8708 = LINE('',#8709,#8710);
#8709 = CARTESIAN_POINT('',(102.8,0.));
#8710 = VECTOR('',#8711,1.);
#8711 = DIRECTION('',(0.,1.));
#8712 = ( GEOMETRIC_REPRESENTATION_CONTEXT(2) 
PARAMETRIC_REPRESENTATION_CONTEXT() REPRESENTATION_CONTEXT('2D SPACE',''
  ) );
#8713 = PCURVE('',#8659,#8714);
#8714 = DEFINITIONAL_REPRESENTATION('',(#8715),#8719);
#8715 = LINE('',#8716,#8717);
#8716 = CARTESIAN_POINT('',(0.,0.));
#8717 = VECTOR('',#8718,1.);
#8718 = DIRECTION('',(1.,0.));
#8719 = ( GEOMETRIC_REPRESENTATION_CONTEXT(2) 
PARAMETRIC_REPRESENTATION_CONTEXT() REPRESENTATION_CONTEXT('2D SPACE',''
  ) );
#8720 = ORIENTED_EDGE('',*,*,#8721,.F.);
#8721 = EDGE_CURVE('',#8675,#8699,#8722,.T.);
#8722 = SURFACE_CURVE('',#8723,(#8727,#8734),.PCURVE_S1.);
#8723 = LINE('',#8724,#8725);
#8724 = CARTESIAN_POINT('',(-226.12,1.3,0.));
#8725 = VECTOR('',#8726,1.);
#8726 = DIRECTION('',(0.,0.,1.));
#8727 = PCURVE('',#8577,#8728);
#8728 = DEFINITIONAL_REPRESENTATION('',(#8729),#8733);
#8729 = LINE('',#8730,#8731);
#8730 = CARTESIAN_POINT('',(0.,148.24));
#8731 = VECTOR('',#8732,1.);
#8732 = DIRECTION('',(1.,0.));
#8733 = ( GEOMETRIC_REPRESENTATION_CONTEXT(2) 
PARAMETRIC_REPRESENTATION_CONTEXT() REPRESENTATION_CONTEXT('2D SPACE',''
  ) );
#8734 = PCURVE('',#8735,#8740);
#8735 = PLANE('',#8736);
#8736 = AXIS2_PLACEMENT_3D('',#8737,#8738,#8739);
#8737 = CARTESIAN_POINT('',(-226.12,1.3,0.));
#8738 = DIRECTION('',(-1.,1.224646799147E-16,0.));
#8739 = DIRECTION('',(0.,0.,1.));
#8740 = DEFINITIONAL_REPRESENTATION('',(#8741),#8745);
#8741 = LINE('',#8742,#8743);
#8742 = CARTESIAN_POINT('',(0.,0.));
#8743 = VECTOR('',#8744,1.);
#8744 = DIRECTION('',(1.,0.));
#8745 = ( GEOMETRIC_REPRESENTATION_CONTEXT(2) 
PARAMETRIC_REPRESENTATION_CONTEXT() REPRESENTATION_CONTEXT('2D SPACE',''
  ) );
#8746 = ADVANCED_FACE('',(#8747,#8795,#8826),#8659,.T.);
#8747 = FACE_BOUND('',#8748,.T.);
#8748 = EDGE_LOOP('',(#8749,#8750,#8751,#8774));
#8749 = ORIENTED_EDGE('',*,*,#8645,.F.);
#8750 = ORIENTED_EDGE('',*,*,#8698,.T.);
#8751 = ORIENTED_EDGE('',*,*,#8752,.T.);
#8752 = EDGE_CURVE('',#8699,#8753,#8755,.T.);
#8753 = VERTEX_POINT('',#8754);
#8754 = CARTESIAN_POINT('',(-226.12,-25.36,102.8));
#8755 = SURFACE_CURVE('',#8756,(#8760,#8767),.PCURVE_S1.);
#8756 = LINE('',#8757,#8758);
#8757 = CARTESIAN_POINT('',(-226.12,1.3,102.8));
#8758 = VECTOR('',#8759,1.);
#8759 = DIRECTION('',(-1.224646799147E-16,-1.,0.));
#8760 = PCURVE('',#8659,#8761);
#8761 = DEFINITIONAL_REPRESENTATION('',(#8762),#8766);
#8762 = LINE('',#8763,#8764);
#8763 = CARTESIAN_POINT('',(148.24,0.));
#8764 = VECTOR('',#8765,1.);
#8765 = DIRECTION('',(0.,1.));
#8766 = ( GEOMETRIC_REPRESENTATION_CONTEXT(2) 
PARAMETRIC_REPRESENTATION_CONTEXT() REPRESENTATION_CONTEXT('2D SPACE',''
  ) );
#8767 = PCURVE('',#8735,#8768);
#8768 = DEFINITIONAL_REPRESENTATION('',(#8769),#8773);
#8769 = LINE('',#8770,#8771);
#8770 = CARTESIAN_POINT('',(102.8,0.));
#8771 = VECTOR('',#8772,1.);
#8772 = DIRECTION('',(0.,-1.));
#8773 = ( GEOMETRIC_REPRESENTATION_CONTEXT(2) 
PARAMETRIC_REPRESENTATION_CONTEXT() REPRESENTATION_CONTEXT('2D SPACE',''
  ) );
#8774 = ORIENTED_EDGE('',*,*,#8775,.F.);
#8775 = EDGE_CURVE('',#8618,#8753,#8776,.T.);
#8776 = SURFACE_CURVE('',#8777,(#8781,#8788),.PCURVE_S1.);
#8777 = LINE('',#8778,#8779);
#8778 = CARTESIAN_POINT('',(-77.88,-25.36,102.8));
#8779 = VECTOR('',#8780,1.);
#8780 = DIRECTION('',(-1.,1.224646799147E-16,0.));
#8781 = PCURVE('',#8659,#8782);
#8782 = DEFINITIONAL_REPRESENTATION('',(#8783),#8787);
#8783 = LINE('',#8784,#8785);
#8784 = CARTESIAN_POINT('',(0.,26.66));
#8785 = VECTOR('',#8786,1.);
#8786 = DIRECTION('',(1.,0.));
#8787 = ( GEOMETRIC_REPRESENTATION_CONTEXT(2) 
PARAMETRIC_REPRESENTATION_CONTEXT() REPRESENTATION_CONTEXT('2D SPACE',''
  ) );
#8788 = PCURVE('',#8633,#8789);
#8789 = DEFINITIONAL_REPRESENTATION('',(#8790),#8794);
#8790 = LINE('',#8791,#8792);
#8791 = CARTESIAN_POINT('',(102.8,0.));
#8792 = VECTOR('',#8793,1.);
#8793 = DIRECTION('',(0.,1.));
#8794 = ( GEOMETRIC_REPRESENTATION_CONTEXT(2) 
PARAMETRIC_REPRESENTATION_CONTEXT() REPRESENTATION_CONTEXT('2D SPACE',''
  ) );
#8795 = FACE_BOUND('',#8796,.T.);
#8796 = EDGE_LOOP('',(#8797));
#8797 = ORIENTED_EDGE('',*,*,#8798,.F.);
#8798 = EDGE_CURVE('',#8799,#8799,#8801,.T.);
#8799 = VERTEX_POINT('',#8800);
#8800 = CARTESIAN_POINT('',(-212.74,-12.03,102.8));
#8801 = SURFACE_CURVE('',#8802,(#8807,#8814),.PCURVE_S1.);
#8802 = CIRCLE('',#8803,5.44);
#8803 = AXIS2_PLACEMENT_3D('',#8804,#8805,#8806);
#8804 = CARTESIAN_POINT('',(-207.3,-12.03,102.8));
#8805 = DIRECTION('',(0.,0.,1.));
#8806 = DIRECTION('',(-1.,1.224646799147E-16,0.));
#8807 = PCURVE('',#8659,#8808);
#8808 = DEFINITIONAL_REPRESENTATION('',(#8809),#8813);
#8809 = CIRCLE('',#8810,5.44);
#8810 = AXIS2_PLACEMENT_2D('',#8811,#8812);
#8811 = CARTESIAN_POINT('',(129.42,13.33));
#8812 = DIRECTION('',(1.,0.));
#8813 = ( GEOMETRIC_REPRESENTATION_CONTEXT(2) 
PARAMETRIC_REPRESENTATION_CONTEXT() REPRESENTATION_CONTEXT('2D SPACE',''
  ) );
#8814 = PCURVE('',#8815,#8820);
#8815 = CYLINDRICAL_SURFACE('',#8816,5.44);
#8816 = AXIS2_PLACEMENT_3D('',#8817,#8818,#8819);
#8817 = CARTESIAN_POINT('',(-207.3,-12.03,102.8));
#8818 = DIRECTION('',(0.,0.,1.));
#8819 = DIRECTION('',(-1.,1.224646799147E-16,0.));
#8820 = DEFINITIONAL_REPRESENTATION('',(#8821),#8825);
#8821 = LINE('',#8822,#8823);
#8822 = CARTESIAN_POINT('',(0.,0.));
#8823 = VECTOR('',#8824,1.);
#8824 = DIRECTION('',(1.,0.));
#8825 = ( GEOMETRIC_REPRESENTATION_CONTEXT(2) 
PARAMETRIC_REPRESENTATION_CONTEXT() REPRESENTATION_CONTEXT('2D SPACE',''
  ) );
#8826 = FACE_BOUND('',#8827,.T.);
#8827 = EDGE_LOOP('',(#8828));
#8828 = ORIENTED_EDGE('',*,*,#8829,.F.);
#8829 = EDGE_CURVE('',#8830,#8830,#8832,.T.);
#8830 = VERTEX_POINT('',#8831);
#8831 = CARTESIAN_POINT('',(-102.14,-12.03,102.8));
#8832 = SURFACE_CURVE('',#8833,(#8838,#8845),.PCURVE_S1.);
#8833 = CIRCLE('',#8834,5.44);
#8834 = AXIS2_PLACEMENT_3D('',#8835,#8836,#8837);
#8835 = CARTESIAN_POINT('',(-96.7,-12.03,102.8));
#8836 = DIRECTION('',(0.,0.,1.));
#8837 = DIRECTION('',(-1.,1.224646799147E-16,0.));
#8838 = PCURVE('',#8659,#8839);
#8839 = DEFINITIONAL_REPRESENTATION('',(#8840),#8844);
#8840 = CIRCLE('',#8841,5.44);
#8841 = AXIS2_PLACEMENT_2D('',#8842,#8843);
#8842 = CARTESIAN_POINT('',(18.82,13.33));
#8843 = DIRECTION('',(1.,0.));
#8844 = ( GEOMETRIC_REPRESENTATION_CONTEXT(2) 
PARAMETRIC_REPRESENTATION_CONTEXT() REPRESENTATION_CONTEXT('2D SPACE',''
  ) );
#8845 = PCURVE('',#8846,#8851);
#8846 = CYLINDRICAL_SURFACE('',#8847,5.44);
#8847 = AXIS2_PLACEMENT_3D('',#8848,#8849,#8850);
#8848 = CARTESIAN_POINT('',(-96.7,-12.03,102.8));
#8849 = DIRECTION('',(0.,0.,1.));
#8850 = DIRECTION('',(-1.,1.224646799147E-16,0.));
#8851 = DEFINITIONAL_REPRESENTATION('',(#8852),#8856);
#8852 = LINE('',#8853,#8854);
#8853 = CARTESIAN_POINT('',(0.,0.));
#8854 = VECTOR('',#8855,1.);
#8855 = DIRECTION('',(1.,0.));
#8856 = ( GEOMETRIC_REPRESENTATION_CONTEXT(2) 
PARAMETRIC_REPRESENTATION_CONTEXT() REPRESENTATION_CONTEXT('2D SPACE',''
  ) );
#8857 = ADVANCED_FACE('',(#8858),#8633,.T.);
#8858 = FACE_BOUND('',#8859,.T.);
#8859 = EDGE_LOOP('',(#8860,#8883,#8884,#8885));
#8860 = ORIENTED_EDGE('',*,*,#8861,.F.);
#8861 = EDGE_CURVE('',#8590,#8862,#8864,.T.);
#8862 = VERTEX_POINT('',#8863);
#8863 = CARTESIAN_POINT('',(-226.12,-25.36,0.));
#8864 = SURFACE_CURVE('',#8865,(#8869,#8876),.PCURVE_S1.);
#8865 = LINE('',#8866,#8867);
#8866 = CARTESIAN_POINT('',(-77.88,-25.36,0.));
#8867 = VECTOR('',#8868,1.);
#8868 = DIRECTION('',(-1.,1.224646799147E-16,0.));
#8869 = PCURVE('',#8633,#8870);
#8870 = DEFINITIONAL_REPRESENTATION('',(#8871),#8875);
#8871 = LINE('',#8872,#8873);
#8872 = CARTESIAN_POINT('',(0.,0.));
#8873 = VECTOR('',#8874,1.);
#8874 = DIRECTION('',(0.,1.));
#8875 = ( GEOMETRIC_REPRESENTATION_CONTEXT(2) 
PARAMETRIC_REPRESENTATION_CONTEXT() REPRESENTATION_CONTEXT('2D SPACE',''
  ) );
#8876 = PCURVE('',#8605,#8877);
#8877 = DEFINITIONAL_REPRESENTATION('',(#8878),#8882);
#8878 = LINE('',#8879,#8880);
#8879 = CARTESIAN_POINT('',(0.,26.66));
#8880 = VECTOR('',#8881,1.);
#8881 = DIRECTION('',(1.,0.));
#8882 = ( GEOMETRIC_REPRESENTATION_CONTEXT(2) 
PARAMETRIC_REPRESENTATION_CONTEXT() REPRESENTATION_CONTEXT('2D SPACE',''
  ) );
#8883 = ORIENTED_EDGE('',*,*,#8617,.T.);
#8884 = ORIENTED_EDGE('',*,*,#8775,.T.);
#8885 = ORIENTED_EDGE('',*,*,#8886,.F.);
#8886 = EDGE_CURVE('',#8862,#8753,#8887,.T.);
#8887 = SURFACE_CURVE('',#8888,(#8892,#8899),.PCURVE_S1.);
#8888 = LINE('',#8889,#8890);
#8889 = CARTESIAN_POINT('',(-226.12,-25.36,0.));
#8890 = VECTOR('',#8891,1.);
#8891 = DIRECTION('',(0.,0.,1.));
#8892 = PCURVE('',#8633,#8893);
#8893 = DEFINITIONAL_REPRESENTATION('',(#8894),#8898);
#8894 = LINE('',#8895,#8896);
#8895 = CARTESIAN_POINT('',(0.,148.24));
#8896 = VECTOR('',#8897,1.);
#8897 = DIRECTION('',(1.,0.));
#8898 = ( GEOMETRIC_REPRESENTATION_CONTEXT(2) 
PARAMETRIC_REPRESENTATION_CONTEXT() REPRESENTATION_CONTEXT('2D SPACE',''
  ) );
#8899 = PCURVE('',#8735,#8900);
#8900 = DEFINITIONAL_REPRESENTATION('',(#8901),#8905);
#8901 = LINE('',#8902,#8903);
#8902 = CARTESIAN_POINT('',(0.,-26.66));
#8903 = VECTOR('',#8904,1.);
#8904 = DIRECTION('',(1.,0.));
#8905 = ( GEOMETRIC_REPRESENTATION_CONTEXT(2) 
PARAMETRIC_REPRESENTATION_CONTEXT() REPRESENTATION_CONTEXT('2D SPACE',''
  ) );
#8906 = ADVANCED_FACE('',(#8907),#8605,.F.);
#8907 = FACE_BOUND('',#8908,.F.);
#8908 = EDGE_LOOP('',(#8909,#8910,#8911,#8932));
#8909 = ORIENTED_EDGE('',*,*,#8589,.F.);
#8910 = ORIENTED_EDGE('',*,*,#8674,.T.);
#8911 = ORIENTED_EDGE('',*,*,#8912,.T.);
#8912 = EDGE_CURVE('',#8675,#8862,#8913,.T.);
#8913 = SURFACE_CURVE('',#8914,(#8918,#8925),.PCURVE_S1.);
#8914 = LINE('',#8915,#8916);
#8915 = CARTESIAN_POINT('',(-226.12,1.3,0.));
#8916 = VECTOR('',#8917,1.);
#8917 = DIRECTION('',(-1.224646799147E-16,-1.,0.));
#8918 = PCURVE('',#8605,#8919);
#8919 = DEFINITIONAL_REPRESENTATION('',(#8920),#8924);
#8920 = LINE('',#8921,#8922);
#8921 = CARTESIAN_POINT('',(148.24,0.));
#8922 = VECTOR('',#8923,1.);
#8923 = DIRECTION('',(0.,1.));
#8924 = ( GEOMETRIC_REPRESENTATION_CONTEXT(2) 
PARAMETRIC_REPRESENTATION_CONTEXT() REPRESENTATION_CONTEXT('2D SPACE',''
  ) );
#8925 = PCURVE('',#8735,#8926);
#8926 = DEFINITIONAL_REPRESENTATION('',(#8927),#8931);
#8927 = LINE('',#8928,#8929);
#8928 = CARTESIAN_POINT('',(0.,0.));
#8929 = VECTOR('',#8930,1.);
#8930 = DIRECTION('',(0.,-1.));
#8931 = ( GEOMETRIC_REPRESENTATION_CONTEXT(2) 
PARAMETRIC_REPRESENTATION_CONTEXT() REPRESENTATION_CONTEXT('2D SPACE',''
  ) );
#8932 = ORIENTED_EDGE('',*,*,#8861,.F.);
#8933 = ADVANCED_FACE('',(#8934),#8735,.T.);
#8934 = FACE_BOUND('',#8935,.T.);
#8935 = EDGE_LOOP('',(#8936,#8937,#8938,#8939));
#8936 = ORIENTED_EDGE('',*,*,#8721,.F.);
#8937 = ORIENTED_EDGE('',*,*,#8912,.T.);
#8938 = ORIENTED_EDGE('',*,*,#8886,.T.);
#8939 = ORIENTED_EDGE('',*,*,#8752,.F.);
#8940 = ADVANCED_FACE('',(#8941),#8815,.T.);
#8941 = FACE_BOUND('',#8942,.T.);
#8942 = EDGE_LOOP('',(#8943,#8972,#8993,#8994));
#8943 = ORIENTED_EDGE('',*,*,#8944,.F.);
#8944 = EDGE_CURVE('',#8945,#8945,#8947,.T.);
#8945 = VERTEX_POINT('',#8946);
#8946 = CARTESIAN_POINT('',(-212.74,-12.03,105.9));
#8947 = SURFACE_CURVE('',#8948,(#8953,#8960),.PCURVE_S1.);
#8948 = CIRCLE('',#8949,5.44);
#8949 = AXIS2_PLACEMENT_3D('',#8950,#8951,#8952);
#8950 = CARTESIAN_POINT('',(-207.3,-12.03,105.9));
#8951 = DIRECTION('',(0.,0.,1.));
#8952 = DIRECTION('',(-1.,1.224646799147E-16,0.));
#8953 = PCURVE('',#8815,#8954);
#8954 = DEFINITIONAL_REPRESENTATION('',(#8955),#8959);
#8955 = LINE('',#8956,#8957);
#8956 = CARTESIAN_POINT('',(0.,3.1));
#8957 = VECTOR('',#8958,1.);
#8958 = DIRECTION('',(1.,0.));
#8959 = ( GEOMETRIC_REPRESENTATION_CONTEXT(2) 
PARAMETRIC_REPRESENTATION_CONTEXT() REPRESENTATION_CONTEXT('2D SPACE',''
  ) );
#8960 = PCURVE('',#8961,#8966);
#8961 = PLANE('',#8962);
#8962 = AXIS2_PLACEMENT_3D('',#8963,#8964,#8965);
#8963 = CARTESIAN_POINT('',(-207.3,-12.03,105.9));
#8964 = DIRECTION('',(0.,0.,1.));
#8965 = DIRECTION('',(-1.,1.224646799147E-16,0.));
#8966 = DEFINITIONAL_REPRESENTATION('',(#8967),#8971);
#8967 = CIRCLE('',#8968,5.44);
#8968 = AXIS2_PLACEMENT_2D('',#8969,#8970);
#8969 = CARTESIAN_POINT('',(0.,0.));
#8970 = DIRECTION('',(1.,0.));
#8971 = ( GEOMETRIC_REPRESENTATION_CONTEXT(2) 
PARAMETRIC_REPRESENTATION_CONTEXT() REPRESENTATION_CONTEXT('2D SPACE',''
  ) );
#8972 = ORIENTED_EDGE('',*,*,#8973,.F.);
#8973 = EDGE_CURVE('',#8799,#8945,#8974,.T.);
#8974 = SEAM_CURVE('',#8975,(#8979,#8986),.PCURVE_S1.);
#8975 = LINE('',#8976,#8977);
#8976 = CARTESIAN_POINT('',(-212.74,-12.03,102.8));
#8977 = VECTOR('',#8978,1.);
#8978 = DIRECTION('',(0.,0.,1.));
#8979 = PCURVE('',#8815,#8980);
#8980 = DEFINITIONAL_REPRESENTATION('',(#8981),#8985);
#8981 = LINE('',#8982,#8983);
#8982 = CARTESIAN_POINT('',(6.28318530718,-0.));
#8983 = VECTOR('',#8984,1.);
#8984 = DIRECTION('',(0.,1.));
#8985 = ( GEOMETRIC_REPRESENTATION_CONTEXT(2) 
PARAMETRIC_REPRESENTATION_CONTEXT() REPRESENTATION_CONTEXT('2D SPACE',''
  ) );
#8986 = PCURVE('',#8815,#8987);
#8987 = DEFINITIONAL_REPRESENTATION('',(#8988),#8992);
#8988 = LINE('',#8989,#8990);
#8989 = CARTESIAN_POINT('',(0.,-0.));
#8990 = VECTOR('',#8991,1.);
#8991 = DIRECTION('',(0.,1.));
#8992 = ( GEOMETRIC_REPRESENTATION_CONTEXT(2) 
PARAMETRIC_REPRESENTATION_CONTEXT() REPRESENTATION_CONTEXT('2D SPACE',''
  ) );
#8993 = ORIENTED_EDGE('',*,*,#8798,.T.);
#8994 = ORIENTED_EDGE('',*,*,#8973,.T.);
#8995 = ADVANCED_FACE('',(#8996),#8846,.T.);
#8996 = FACE_BOUND('',#8997,.T.);
#8997 = EDGE_LOOP('',(#8998,#9027,#9048,#9049));
#8998 = ORIENTED_EDGE('',*,*,#8999,.F.);
#8999 = EDGE_CURVE('',#9000,#9000,#9002,.T.);
#9000 = VERTEX_POINT('',#9001);
#9001 = CARTESIAN_POINT('',(-102.14,-12.03,105.9));
#9002 = SURFACE_CURVE('',#9003,(#9008,#9015),.PCURVE_S1.);
#9003 = CIRCLE('',#9004,5.44);
#9004 = AXIS2_PLACEMENT_3D('',#9005,#9006,#9007);
#9005 = CARTESIAN_POINT('',(-96.7,-12.03,105.9));
#9006 = DIRECTION('',(0.,0.,1.));
#9007 = DIRECTION('',(-1.,1.224646799147E-16,0.));
#9008 = PCURVE('',#8846,#9009);
#9009 = DEFINITIONAL_REPRESENTATION('',(#9010),#9014);
#9010 = LINE('',#9011,#9012);
#9011 = CARTESIAN_POINT('',(0.,3.1));
#9012 = VECTOR('',#9013,1.);
#9013 = DIRECTION('',(1.,0.));
#9014 = ( GEOMETRIC_REPRESENTATION_CONTEXT(2) 
PARAMETRIC_REPRESENTATION_CONTEXT() REPRESENTATION_CONTEXT('2D SPACE',''
  ) );
#9015 = PCURVE('',#9016,#9021);
#9016 = PLANE('',#9017);
#9017 = AXIS2_PLACEMENT_3D('',#9018,#9019,#9020);
#9018 = CARTESIAN_POINT('',(-96.7,-12.03,105.9));
#9019 = DIRECTION('',(0.,0.,1.));
#9020 = DIRECTION('',(-1.,1.224646799147E-16,0.));
#9021 = DEFINITIONAL_REPRESENTATION('',(#9022),#9026);
#9022 = CIRCLE('',#9023,5.44);
#9023 = AXIS2_PLACEMENT_2D('',#9024,#9025);
#9024 = CARTESIAN_POINT('',(0.,0.));
#9025 = DIRECTION('',(1.,0.));
#9026 = ( GEOMETRIC_REPRESENTATION_CONTEXT(2) 
PARAMETRIC_REPRESENTATION_CONTEXT() REPRESENTATION_CONTEXT('2D SPACE',''
  ) );
#9027 = ORIENTED_EDGE('',*,*,#9028,.F.);
#9028 = EDGE_CURVE('',#8830,#9000,#9029,.T.);
#9029 = SEAM_CURVE('',#9030,(#9034,#9041),.PCURVE_S1.);
#9030 = LINE('',#9031,#9032);
#9031 = CARTESIAN_POINT('',(-102.14,-12.03,102.8));
#9032 = VECTOR('',#9033,1.);
#9033 = DIRECTION('',(0.,0.,1.));
#9034 = PCURVE('',#8846,#9035);
#9035 = DEFINITIONAL_REPRESENTATION('',(#9036),#9040);
#9036 = LINE('',#9037,#9038);
#9037 = CARTESIAN_POINT('',(6.28318530718,-0.));
#9038 = VECTOR('',#9039,1.);
#9039 = DIRECTION('',(0.,1.));
#9040 = ( GEOMETRIC_REPRESENTATION_CONTEXT(2) 
PARAMETRIC_REPRESENTATION_CONTEXT() REPRESENTATION_CONTEXT('2D SPACE',''
  ) );
#9041 = PCURVE('',#8846,#9042);
#9042 = DEFINITIONAL_REPRESENTATION('',(#9043),#9047);
#9043 = LINE('',#9044,#9045);
#9044 = CARTESIAN_POINT('',(0.,-0.));
#9045 = VECTOR('',#9046,1.);
#9046 = DIRECTION('',(0.,1.));
#9047 = ( GEOMETRIC_REPRESENTATION_CONTEXT(2) 
PARAMETRIC_REPRESENTATION_CONTEXT() REPRESENTATION_CONTEXT('2D SPACE',''
  ) );
#9048 = ORIENTED_EDGE('',*,*,#8829,.T.);
#9049 = ORIENTED_EDGE('',*,*,#9028,.T.);
#9050 = ADVANCED_FACE('',(#9051),#8961,.T.);
#9051 = FACE_BOUND('',#9052,.T.);
#9052 = EDGE_LOOP('',(#9053));
#9053 = ORIENTED_EDGE('',*,*,#8944,.T.);
#9054 = ADVANCED_FACE('',(#9055),#9016,.T.);
#9055 = FACE_BOUND('',#9056,.T.);
#9056 = EDGE_LOOP('',(#9057));
#9057 = ORIENTED_EDGE('',*,*,#8999,.T.);
#9058 = MANIFOLD_SOLID_BREP('',#9059);
#9059 = CLOSED_SHELL('',(#9060,#9180,#9256,#9367,#9416,#9443,#9450,#9505
    ,#9560,#9564));
#9060 = ADVANCED_FACE('',(#9061),#9075,.F.);
#9061 = FACE_BOUND('',#9062,.F.);
#9062 = EDGE_LOOP('',(#9063,#9098,#9126,#9154));
#9063 = ORIENTED_EDGE('',*,*,#9064,.F.);
#9064 = EDGE_CURVE('',#9065,#9067,#9069,.T.);
#9065 = VERTEX_POINT('',#9066);
#9066 = CARTESIAN_POINT('',(-226.12,4.3,0.));
#9067 = VERTEX_POINT('',#9068);
#9068 = CARTESIAN_POINT('',(-226.12,4.3,102.8));
#9069 = SURFACE_CURVE('',#9070,(#9074,#9086),.PCURVE_S1.);
#9070 = LINE('',#9071,#9072);
#9071 = CARTESIAN_POINT('',(-226.12,4.3,0.));
#9072 = VECTOR('',#9073,1.);
#9073 = DIRECTION('',(0.,0.,1.));
#9074 = PCURVE('',#9075,#9080);
#9075 = PLANE('',#9076);
#9076 = AXIS2_PLACEMENT_3D('',#9077,#9078,#9079);
#9077 = CARTESIAN_POINT('',(-226.12,4.3,0.));
#9078 = DIRECTION('',(1.,0.,0.));
#9079 = DIRECTION('',(0.,0.,1.));
#9080 = DEFINITIONAL_REPRESENTATION('',(#9081),#9085);
#9081 = LINE('',#9082,#9083);
#9082 = CARTESIAN_POINT('',(0.,0.));
#9083 = VECTOR('',#9084,1.);
#9084 = DIRECTION('',(1.,0.));
#9085 = ( GEOMETRIC_REPRESENTATION_CONTEXT(2) 
PARAMETRIC_REPRESENTATION_CONTEXT() REPRESENTATION_CONTEXT('2D SPACE',''
  ) );
#9086 = PCURVE('',#9087,#9092);
#9087 = PLANE('',#9088);
#9088 = AXIS2_PLACEMENT_3D('',#9089,#9090,#9091);
#9089 = CARTESIAN_POINT('',(-226.12,4.3,0.));
#9090 = DIRECTION('',(0.,1.,0.));
#9091 = DIRECTION('',(0.,0.,1.));
#9092 = DEFINITIONAL_REPRESENTATION('',(#9093),#9097);
#9093 = LINE('',#9094,#9095);
#9094 = CARTESIAN_POINT('',(0.,0.));
#9095 = VECTOR('',#9096,1.);
#9096 = DIRECTION('',(1.,0.));
#9097 = ( GEOMETRIC_REPRESENTATION_CONTEXT(2) 
PARAMETRIC_REPRESENTATION_CONTEXT() REPRESENTATION_CONTEXT('2D SPACE',''
  ) );
#9098 = ORIENTED_EDGE('',*,*,#9099,.T.);
#9099 = EDGE_CURVE('',#9065,#9100,#9102,.T.);
#9100 = VERTEX_POINT('',#9101);
#9101 = CARTESIAN_POINT('',(-226.12,30.96,0.));
#9102 = SURFACE_CURVE('',#9103,(#9107,#9114),.PCURVE_S1.);
#9103 = LINE('',#9104,#9105);
#9104 = CARTESIAN_POINT('',(-226.12,4.3,0.));
#9105 = VECTOR('',#9106,1.);
#9106 = DIRECTION('',(0.,1.,0.));
#9107 = PCURVE('',#9075,#9108);
#9108 = DEFINITIONAL_REPRESENTATION('',(#9109),#9113);
#9109 = LINE('',#9110,#9111);
#9110 = CARTESIAN_POINT('',(0.,0.));
#9111 = VECTOR('',#9112,1.);
#9112 = DIRECTION('',(0.,-1.));
#9113 = ( GEOMETRIC_REPRESENTATION_CONTEXT(2) 
PARAMETRIC_REPRESENTATION_CONTEXT() REPRESENTATION_CONTEXT('2D SPACE',''
  ) );
#9114 = PCURVE('',#9115,#9120);
#9115 = PLANE('',#9116);
#9116 = AXIS2_PLACEMENT_3D('',#9117,#9118,#9119);
#9117 = CARTESIAN_POINT('',(-226.12,4.3,0.));
#9118 = DIRECTION('',(0.,0.,1.));
#9119 = DIRECTION('',(1.,0.,0.));
#9120 = DEFINITIONAL_REPRESENTATION('',(#9121),#9125);
#9121 = LINE('',#9122,#9123);
#9122 = CARTESIAN_POINT('',(0.,0.));
#9123 = VECTOR('',#9124,1.);
#9124 = DIRECTION('',(0.,1.));
#9125 = ( GEOMETRIC_REPRESENTATION_CONTEXT(2) 
PARAMETRIC_REPRESENTATION_CONTEXT() REPRESENTATION_CONTEXT('2D SPACE',''
  ) );
#9126 = ORIENTED_EDGE('',*,*,#9127,.T.);
#9127 = EDGE_CURVE('',#9100,#9128,#9130,.T.);
#9128 = VERTEX_POINT('',#9129);
#9129 = CARTESIAN_POINT('',(-226.12,30.96,102.8));
#9130 = SURFACE_CURVE('',#9131,(#9135,#9142),.PCURVE_S1.);
#9131 = LINE('',#9132,#9133);
#9132 = CARTESIAN_POINT('',(-226.12,30.96,0.));
#9133 = VECTOR('',#9134,1.);
#9134 = DIRECTION('',(0.,0.,1.));
#9135 = PCURVE('',#9075,#9136);
#9136 = DEFINITIONAL_REPRESENTATION('',(#9137),#9141);
#9137 = LINE('',#9138,#9139);
#9138 = CARTESIAN_POINT('',(0.,-26.66));
#9139 = VECTOR('',#9140,1.);
#9140 = DIRECTION('',(1.,0.));
#9141 = ( GEOMETRIC_REPRESENTATION_CONTEXT(2) 
PARAMETRIC_REPRESENTATION_CONTEXT() REPRESENTATION_CONTEXT('2D SPACE',''
  ) );
#9142 = PCURVE('',#9143,#9148);
#9143 = PLANE('',#9144);
#9144 = AXIS2_PLACEMENT_3D('',#9145,#9146,#9147);
#9145 = CARTESIAN_POINT('',(-226.12,30.96,0.));
#9146 = DIRECTION('',(0.,1.,0.));
#9147 = DIRECTION('',(0.,0.,1.));
#9148 = DEFINITIONAL_REPRESENTATION('',(#9149),#9153);
#9149 = LINE('',#9150,#9151);
#9150 = CARTESIAN_POINT('',(0.,0.));
#9151 = VECTOR('',#9152,1.);
#9152 = DIRECTION('',(1.,0.));
#9153 = ( GEOMETRIC_REPRESENTATION_CONTEXT(2) 
PARAMETRIC_REPRESENTATION_CONTEXT() REPRESENTATION_CONTEXT('2D SPACE',''
  ) );
#9154 = ORIENTED_EDGE('',*,*,#9155,.F.);
#9155 = EDGE_CURVE('',#9067,#9128,#9156,.T.);
#9156 = SURFACE_CURVE('',#9157,(#9161,#9168),.PCURVE_S1.);
#9157 = LINE('',#9158,#9159);
#9158 = CARTESIAN_POINT('',(-226.12,4.3,102.8));
#9159 = VECTOR('',#9160,1.);
#9160 = DIRECTION('',(0.,1.,0.));
#9161 = PCURVE('',#9075,#9162);
#9162 = DEFINITIONAL_REPRESENTATION('',(#9163),#9167);
#9163 = LINE('',#9164,#9165);
#9164 = CARTESIAN_POINT('',(102.8,0.));
#9165 = VECTOR('',#9166,1.);
#9166 = DIRECTION('',(0.,-1.));
#9167 = ( GEOMETRIC_REPRESENTATION_CONTEXT(2) 
PARAMETRIC_REPRESENTATION_CONTEXT() REPRESENTATION_CONTEXT('2D SPACE',''
  ) );
#9168 = PCURVE('',#9169,#9174);
#9169 = PLANE('',#9170);
#9170 = AXIS2_PLACEMENT_3D('',#9171,#9172,#9173);
#9171 = CARTESIAN_POINT('',(-226.12,4.3,102.8));
#9172 = DIRECTION('',(0.,0.,1.));
#9173 = DIRECTION('',(1.,0.,0.));
#9174 = DEFINITIONAL_REPRESENTATION('',(#9175),#9179);
#9175 = LINE('',#9176,#9177);
#9176 = CARTESIAN_POINT('',(0.,0.));
#9177 = VECTOR('',#9178,1.);
#9178 = DIRECTION('',(0.,1.));
#9179 = ( GEOMETRIC_REPRESENTATION_CONTEXT(2) 
PARAMETRIC_REPRESENTATION_CONTEXT() REPRESENTATION_CONTEXT('2D SPACE',''
  ) );
#9180 = ADVANCED_FACE('',(#9181),#9087,.F.);
#9181 = FACE_BOUND('',#9182,.F.);
#9182 = EDGE_LOOP('',(#9183,#9206,#9207,#9230));
#9183 = ORIENTED_EDGE('',*,*,#9184,.F.);
#9184 = EDGE_CURVE('',#9065,#9185,#9187,.T.);
#9185 = VERTEX_POINT('',#9186);
#9186 = CARTESIAN_POINT('',(-77.88,4.3,0.));
#9187 = SURFACE_CURVE('',#9188,(#9192,#9199),.PCURVE_S1.);
#9188 = LINE('',#9189,#9190);
#9189 = CARTESIAN_POINT('',(-226.12,4.3,0.));
#9190 = VECTOR('',#9191,1.);
#9191 = DIRECTION('',(1.,0.,0.));
#9192 = PCURVE('',#9087,#9193);
#9193 = DEFINITIONAL_REPRESENTATION('',(#9194),#9198);
#9194 = LINE('',#9195,#9196);
#9195 = CARTESIAN_POINT('',(0.,0.));
#9196 = VECTOR('',#9197,1.);
#9197 = DIRECTION('',(0.,1.));
#9198 = ( GEOMETRIC_REPRESENTATION_CONTEXT(2) 
PARAMETRIC_REPRESENTATION_CONTEXT() REPRESENTATION_CONTEXT('2D SPACE',''
  ) );
#9199 = PCURVE('',#9115,#9200);
#9200 = DEFINITIONAL_REPRESENTATION('',(#9201),#9205);
#9201 = LINE('',#9202,#9203);
#9202 = CARTESIAN_POINT('',(0.,0.));
#9203 = VECTOR('',#9204,1.);
#9204 = DIRECTION('',(1.,0.));
#9205 = ( GEOMETRIC_REPRESENTATION_CONTEXT(2) 
PARAMETRIC_REPRESENTATION_CONTEXT() REPRESENTATION_CONTEXT('2D SPACE',''
  ) );
#9206 = ORIENTED_EDGE('',*,*,#9064,.T.);
#9207 = ORIENTED_EDGE('',*,*,#9208,.T.);
#9208 = EDGE_CURVE('',#9067,#9209,#9211,.T.);
#9209 = VERTEX_POINT('',#9210);
#9210 = CARTESIAN_POINT('',(-77.88,4.3,102.8));
#9211 = SURFACE_CURVE('',#9212,(#9216,#9223),.PCURVE_S1.);
#9212 = LINE('',#9213,#9214);
#9213 = CARTESIAN_POINT('',(-226.12,4.3,102.8));
#9214 = VECTOR('',#9215,1.);
#9215 = DIRECTION('',(1.,0.,0.));
#9216 = PCURVE('',#9087,#9217);
#9217 = DEFINITIONAL_REPRESENTATION('',(#9218),#9222);
#9218 = LINE('',#9219,#9220);
#9219 = CARTESIAN_POINT('',(102.8,0.));
#9220 = VECTOR('',#9221,1.);
#9221 = DIRECTION('',(0.,1.));
#9222 = ( GEOMETRIC_REPRESENTATION_CONTEXT(2) 
PARAMETRIC_REPRESENTATION_CONTEXT() REPRESENTATION_CONTEXT('2D SPACE',''
  ) );
#9223 = PCURVE('',#9169,#9224);
#9224 = DEFINITIONAL_REPRESENTATION('',(#9225),#9229);
#9225 = LINE('',#9226,#9227);
#9226 = CARTESIAN_POINT('',(0.,0.));
#9227 = VECTOR('',#9228,1.);
#9228 = DIRECTION('',(1.,0.));
#9229 = ( GEOMETRIC_REPRESENTATION_CONTEXT(2) 
PARAMETRIC_REPRESENTATION_CONTEXT() REPRESENTATION_CONTEXT('2D SPACE',''
  ) );
#9230 = ORIENTED_EDGE('',*,*,#9231,.F.);
#9231 = EDGE_CURVE('',#9185,#9209,#9232,.T.);
#9232 = SURFACE_CURVE('',#9233,(#9237,#9244),.PCURVE_S1.);
#9233 = LINE('',#9234,#9235);
#9234 = CARTESIAN_POINT('',(-77.88,4.3,0.));
#9235 = VECTOR('',#9236,1.);
#9236 = DIRECTION('',(0.,0.,1.));
#9237 = PCURVE('',#9087,#9238);
#9238 = DEFINITIONAL_REPRESENTATION('',(#9239),#9243);
#9239 = LINE('',#9240,#9241);
#9240 = CARTESIAN_POINT('',(0.,148.24));
#9241 = VECTOR('',#9242,1.);
#9242 = DIRECTION('',(1.,0.));
#9243 = ( GEOMETRIC_REPRESENTATION_CONTEXT(2) 
PARAMETRIC_REPRESENTATION_CONTEXT() REPRESENTATION_CONTEXT('2D SPACE',''
  ) );
#9244 = PCURVE('',#9245,#9250);
#9245 = PLANE('',#9246);
#9246 = AXIS2_PLACEMENT_3D('',#9247,#9248,#9249);
#9247 = CARTESIAN_POINT('',(-77.88,4.3,0.));
#9248 = DIRECTION('',(1.,0.,0.));
#9249 = DIRECTION('',(0.,0.,1.));
#9250 = DEFINITIONAL_REPRESENTATION('',(#9251),#9255);
#9251 = LINE('',#9252,#9253);
#9252 = CARTESIAN_POINT('',(0.,0.));
#9253 = VECTOR('',#9254,1.);
#9254 = DIRECTION('',(1.,0.));
#9255 = ( GEOMETRIC_REPRESENTATION_CONTEXT(2) 
PARAMETRIC_REPRESENTATION_CONTEXT() REPRESENTATION_CONTEXT('2D SPACE',''
  ) );
#9256 = ADVANCED_FACE('',(#9257,#9305,#9336),#9169,.T.);
#9257 = FACE_BOUND('',#9258,.T.);
#9258 = EDGE_LOOP('',(#9259,#9260,#9261,#9284));
#9259 = ORIENTED_EDGE('',*,*,#9155,.F.);
#9260 = ORIENTED_EDGE('',*,*,#9208,.T.);
#9261 = ORIENTED_EDGE('',*,*,#9262,.T.);
#9262 = EDGE_CURVE('',#9209,#9263,#9265,.T.);
#9263 = VERTEX_POINT('',#9264);
#9264 = CARTESIAN_POINT('',(-77.88,30.96,102.8));
#9265 = SURFACE_CURVE('',#9266,(#9270,#9277),.PCURVE_S1.);
#9266 = LINE('',#9267,#9268);
#9267 = CARTESIAN_POINT('',(-77.88,4.3,102.8));
#9268 = VECTOR('',#9269,1.);
#9269 = DIRECTION('',(0.,1.,0.));
#9270 = PCURVE('',#9169,#9271);
#9271 = DEFINITIONAL_REPRESENTATION('',(#9272),#9276);
#9272 = LINE('',#9273,#9274);
#9273 = CARTESIAN_POINT('',(148.24,0.));
#9274 = VECTOR('',#9275,1.);
#9275 = DIRECTION('',(0.,1.));
#9276 = ( GEOMETRIC_REPRESENTATION_CONTEXT(2) 
PARAMETRIC_REPRESENTATION_CONTEXT() REPRESENTATION_CONTEXT('2D SPACE',''
  ) );
#9277 = PCURVE('',#9245,#9278);
#9278 = DEFINITIONAL_REPRESENTATION('',(#9279),#9283);
#9279 = LINE('',#9280,#9281);
#9280 = CARTESIAN_POINT('',(102.8,0.));
#9281 = VECTOR('',#9282,1.);
#9282 = DIRECTION('',(0.,-1.));
#9283 = ( GEOMETRIC_REPRESENTATION_CONTEXT(2) 
PARAMETRIC_REPRESENTATION_CONTEXT() REPRESENTATION_CONTEXT('2D SPACE',''
  ) );
#9284 = ORIENTED_EDGE('',*,*,#9285,.F.);
#9285 = EDGE_CURVE('',#9128,#9263,#9286,.T.);
#9286 = SURFACE_CURVE('',#9287,(#9291,#9298),.PCURVE_S1.);
#9287 = LINE('',#9288,#9289);
#9288 = CARTESIAN_POINT('',(-226.12,30.96,102.8));
#9289 = VECTOR('',#9290,1.);
#9290 = DIRECTION('',(1.,0.,0.));
#9291 = PCURVE('',#9169,#9292);
#9292 = DEFINITIONAL_REPRESENTATION('',(#9293),#9297);
#9293 = LINE('',#9294,#9295);
#9294 = CARTESIAN_POINT('',(0.,26.66));
#9295 = VECTOR('',#9296,1.);
#9296 = DIRECTION('',(1.,0.));
#9297 = ( GEOMETRIC_REPRESENTATION_CONTEXT(2) 
PARAMETRIC_REPRESENTATION_CONTEXT() REPRESENTATION_CONTEXT('2D SPACE',''
  ) );
#9298 = PCURVE('',#9143,#9299);
#9299 = DEFINITIONAL_REPRESENTATION('',(#9300),#9304);
#9300 = LINE('',#9301,#9302);
#9301 = CARTESIAN_POINT('',(102.8,0.));
#9302 = VECTOR('',#9303,1.);
#9303 = DIRECTION('',(0.,1.));
#9304 = ( GEOMETRIC_REPRESENTATION_CONTEXT(2) 
PARAMETRIC_REPRESENTATION_CONTEXT() REPRESENTATION_CONTEXT('2D SPACE',''
  ) );
#9305 = FACE_BOUND('',#9306,.T.);
#9306 = EDGE_LOOP('',(#9307));
#9307 = ORIENTED_EDGE('',*,*,#9308,.F.);
#9308 = EDGE_CURVE('',#9309,#9309,#9311,.T.);
#9309 = VERTEX_POINT('',#9310);
#9310 = CARTESIAN_POINT('',(-91.26,17.63,102.8));
#9311 = SURFACE_CURVE('',#9312,(#9317,#9324),.PCURVE_S1.);
#9312 = CIRCLE('',#9313,5.44);
#9313 = AXIS2_PLACEMENT_3D('',#9314,#9315,#9316);
#9314 = CARTESIAN_POINT('',(-96.7,17.63,102.8));
#9315 = DIRECTION('',(0.,0.,1.));
#9316 = DIRECTION('',(1.,0.,0.));
#9317 = PCURVE('',#9169,#9318);
#9318 = DEFINITIONAL_REPRESENTATION('',(#9319),#9323);
#9319 = CIRCLE('',#9320,5.44);
#9320 = AXIS2_PLACEMENT_2D('',#9321,#9322);
#9321 = CARTESIAN_POINT('',(129.42,13.33));
#9322 = DIRECTION('',(1.,0.));
#9323 = ( GEOMETRIC_REPRESENTATION_CONTEXT(2) 
PARAMETRIC_REPRESENTATION_CONTEXT() REPRESENTATION_CONTEXT('2D SPACE',''
  ) );
#9324 = PCURVE('',#9325,#9330);
#9325 = CYLINDRICAL_SURFACE('',#9326,5.44);
#9326 = AXIS2_PLACEMENT_3D('',#9327,#9328,#9329);
#9327 = CARTESIAN_POINT('',(-96.7,17.63,102.8));
#9328 = DIRECTION('',(0.,0.,1.));
#9329 = DIRECTION('',(1.,0.,0.));
#9330 = DEFINITIONAL_REPRESENTATION('',(#9331),#9335);
#9331 = LINE('',#9332,#9333);
#9332 = CARTESIAN_POINT('',(0.,0.));
#9333 = VECTOR('',#9334,1.);
#9334 = DIRECTION('',(1.,0.));
#9335 = ( GEOMETRIC_REPRESENTATION_CONTEXT(2) 
PARAMETRIC_REPRESENTATION_CONTEXT() REPRESENTATION_CONTEXT('2D SPACE',''
  ) );
#9336 = FACE_BOUND('',#9337,.T.);
#9337 = EDGE_LOOP('',(#9338));
#9338 = ORIENTED_EDGE('',*,*,#9339,.F.);
#9339 = EDGE_CURVE('',#9340,#9340,#9342,.T.);
#9340 = VERTEX_POINT('',#9341);
#9341 = CARTESIAN_POINT('',(-201.86,17.63,102.8));
#9342 = SURFACE_CURVE('',#9343,(#9348,#9355),.PCURVE_S1.);
#9343 = CIRCLE('',#9344,5.44);
#9344 = AXIS2_PLACEMENT_3D('',#9345,#9346,#9347);
#9345 = CARTESIAN_POINT('',(-207.3,17.63,102.8));
#9346 = DIRECTION('',(0.,0.,1.));
#9347 = DIRECTION('',(1.,0.,0.));
#9348 = PCURVE('',#9169,#9349);
#9349 = DEFINITIONAL_REPRESENTATION('',(#9350),#9354);
#9350 = CIRCLE('',#9351,5.44);
#9351 = AXIS2_PLACEMENT_2D('',#9352,#9353);
#9352 = CARTESIAN_POINT('',(18.82,13.33));
#9353 = DIRECTION('',(1.,0.));
#9354 = ( GEOMETRIC_REPRESENTATION_CONTEXT(2) 
PARAMETRIC_REPRESENTATION_CONTEXT() REPRESENTATION_CONTEXT('2D SPACE',''
  ) );
#9355 = PCURVE('',#9356,#9361);
#9356 = CYLINDRICAL_SURFACE('',#9357,5.44);
#9357 = AXIS2_PLACEMENT_3D('',#9358,#9359,#9360);
#9358 = CARTESIAN_POINT('',(-207.3,17.63,102.8));
#9359 = DIRECTION('',(0.,0.,1.));
#9360 = DIRECTION('',(1.,0.,0.));
#9361 = DEFINITIONAL_REPRESENTATION('',(#9362),#9366);
#9362 = LINE('',#9363,#9364);
#9363 = CARTESIAN_POINT('',(0.,0.));
#9364 = VECTOR('',#9365,1.);
#9365 = DIRECTION('',(1.,0.));
#9366 = ( GEOMETRIC_REPRESENTATION_CONTEXT(2) 
PARAMETRIC_REPRESENTATION_CONTEXT() REPRESENTATION_CONTEXT('2D SPACE',''
  ) );
#9367 = ADVANCED_FACE('',(#9368),#9143,.T.);
#9368 = FACE_BOUND('',#9369,.T.);
#9369 = EDGE_LOOP('',(#9370,#9393,#9394,#9395));
#9370 = ORIENTED_EDGE('',*,*,#9371,.F.);
#9371 = EDGE_CURVE('',#9100,#9372,#9374,.T.);
#9372 = VERTEX_POINT('',#9373);
#9373 = CARTESIAN_POINT('',(-77.88,30.96,0.));
#9374 = SURFACE_CURVE('',#9375,(#9379,#9386),.PCURVE_S1.);
#9375 = LINE('',#9376,#9377);
#9376 = CARTESIAN_POINT('',(-226.12,30.96,0.));
#9377 = VECTOR('',#9378,1.);
#9378 = DIRECTION('',(1.,0.,0.));
#9379 = PCURVE('',#9143,#9380);
#9380 = DEFINITIONAL_REPRESENTATION('',(#9381),#9385);
#9381 = LINE('',#9382,#9383);
#9382 = CARTESIAN_POINT('',(0.,0.));
#9383 = VECTOR('',#9384,1.);
#9384 = DIRECTION('',(0.,1.));
#9385 = ( GEOMETRIC_REPRESENTATION_CONTEXT(2) 
PARAMETRIC_REPRESENTATION_CONTEXT() REPRESENTATION_CONTEXT('2D SPACE',''
  ) );
#9386 = PCURVE('',#9115,#9387);
#9387 = DEFINITIONAL_REPRESENTATION('',(#9388),#9392);
#9388 = LINE('',#9389,#9390);
#9389 = CARTESIAN_POINT('',(0.,26.66));
#9390 = VECTOR('',#9391,1.);
#9391 = DIRECTION('',(1.,0.));
#9392 = ( GEOMETRIC_REPRESENTATION_CONTEXT(2) 
PARAMETRIC_REPRESENTATION_CONTEXT() REPRESENTATION_CONTEXT('2D SPACE',''
  ) );
#9393 = ORIENTED_EDGE('',*,*,#9127,.T.);
#9394 = ORIENTED_EDGE('',*,*,#9285,.T.);
#9395 = ORIENTED_EDGE('',*,*,#9396,.F.);
#9396 = EDGE_CURVE('',#9372,#9263,#9397,.T.);
#9397 = SURFACE_CURVE('',#9398,(#9402,#9409),.PCURVE_S1.);
#9398 = LINE('',#9399,#9400);
#9399 = CARTESIAN_POINT('',(-77.88,30.96,0.));
#9400 = VECTOR('',#9401,1.);
#9401 = DIRECTION('',(0.,0.,1.));
#9402 = PCURVE('',#9143,#9403);
#9403 = DEFINITIONAL_REPRESENTATION('',(#9404),#9408);
#9404 = LINE('',#9405,#9406);
#9405 = CARTESIAN_POINT('',(0.,148.24));
#9406 = VECTOR('',#9407,1.);
#9407 = DIRECTION('',(1.,0.));
#9408 = ( GEOMETRIC_REPRESENTATION_CONTEXT(2) 
PARAMETRIC_REPRESENTATION_CONTEXT() REPRESENTATION_CONTEXT('2D SPACE',''
  ) );
#9409 = PCURVE('',#9245,#9410);
#9410 = DEFINITIONAL_REPRESENTATION('',(#9411),#9415);
#9411 = LINE('',#9412,#9413);
#9412 = CARTESIAN_POINT('',(0.,-26.66));
#9413 = VECTOR('',#9414,1.);
#9414 = DIRECTION('',(1.,0.));
#9415 = ( GEOMETRIC_REPRESENTATION_CONTEXT(2) 
PARAMETRIC_REPRESENTATION_CONTEXT() REPRESENTATION_CONTEXT('2D SPACE',''
  ) );
#9416 = ADVANCED_FACE('',(#9417),#9115,.F.);
#9417 = FACE_BOUND('',#9418,.F.);
#9418 = EDGE_LOOP('',(#9419,#9420,#9421,#9442));
#9419 = ORIENTED_EDGE('',*,*,#9099,.F.);
#9420 = ORIENTED_EDGE('',*,*,#9184,.T.);
#9421 = ORIENTED_EDGE('',*,*,#9422,.T.);
#9422 = EDGE_CURVE('',#9185,#9372,#9423,.T.);
#9423 = SURFACE_CURVE('',#9424,(#9428,#9435),.PCURVE_S1.);
#9424 = LINE('',#9425,#9426);
#9425 = CARTESIAN_POINT('',(-77.88,4.3,0.));
#9426 = VECTOR('',#9427,1.);
#9427 = DIRECTION('',(0.,1.,0.));
#9428 = PCURVE('',#9115,#9429);
#9429 = DEFINITIONAL_REPRESENTATION('',(#9430),#9434);
#9430 = LINE('',#9431,#9432);
#9431 = CARTESIAN_POINT('',(148.24,0.));
#9432 = VECTOR('',#9433,1.);
#9433 = DIRECTION('',(0.,1.));
#9434 = ( GEOMETRIC_REPRESENTATION_CONTEXT(2) 
PARAMETRIC_REPRESENTATION_CONTEXT() REPRESENTATION_CONTEXT('2D SPACE',''
  ) );
#9435 = PCURVE('',#9245,#9436);
#9436 = DEFINITIONAL_REPRESENTATION('',(#9437),#9441);
#9437 = LINE('',#9438,#9439);
#9438 = CARTESIAN_POINT('',(0.,0.));
#9439 = VECTOR('',#9440,1.);
#9440 = DIRECTION('',(0.,-1.));
#9441 = ( GEOMETRIC_REPRESENTATION_CONTEXT(2) 
PARAMETRIC_REPRESENTATION_CONTEXT() REPRESENTATION_CONTEXT('2D SPACE',''
  ) );
#9442 = ORIENTED_EDGE('',*,*,#9371,.F.);
#9443 = ADVANCED_FACE('',(#9444),#9245,.T.);
#9444 = FACE_BOUND('',#9445,.T.);
#9445 = EDGE_LOOP('',(#9446,#9447,#9448,#9449));
#9446 = ORIENTED_EDGE('',*,*,#9231,.F.);
#9447 = ORIENTED_EDGE('',*,*,#9422,.T.);
#9448 = ORIENTED_EDGE('',*,*,#9396,.T.);
#9449 = ORIENTED_EDGE('',*,*,#9262,.F.);
#9450 = ADVANCED_FACE('',(#9451),#9325,.T.);
#9451 = FACE_BOUND('',#9452,.T.);
#9452 = EDGE_LOOP('',(#9453,#9482,#9503,#9504));
#9453 = ORIENTED_EDGE('',*,*,#9454,.F.);
#9454 = EDGE_CURVE('',#9455,#9455,#9457,.T.);
#9455 = VERTEX_POINT('',#9456);
#9456 = CARTESIAN_POINT('',(-91.26,17.63,105.9));
#9457 = SURFACE_CURVE('',#9458,(#9463,#9470),.PCURVE_S1.);
#9458 = CIRCLE('',#9459,5.44);
#9459 = AXIS2_PLACEMENT_3D('',#9460,#9461,#9462);
#9460 = CARTESIAN_POINT('',(-96.7,17.63,105.9));
#9461 = DIRECTION('',(0.,0.,1.));
#9462 = DIRECTION('',(1.,0.,0.));
#9463 = PCURVE('',#9325,#9464);
#9464 = DEFINITIONAL_REPRESENTATION('',(#9465),#9469);
#9465 = LINE('',#9466,#9467);
#9466 = CARTESIAN_POINT('',(0.,3.1));
#9467 = VECTOR('',#9468,1.);
#9468 = DIRECTION('',(1.,0.));
#9469 = ( GEOMETRIC_REPRESENTATION_CONTEXT(2) 
PARAMETRIC_REPRESENTATION_CONTEXT() REPRESENTATION_CONTEXT('2D SPACE',''
  ) );
#9470 = PCURVE('',#9471,#9476);
#9471 = PLANE('',#9472);
#9472 = AXIS2_PLACEMENT_3D('',#9473,#9474,#9475);
#9473 = CARTESIAN_POINT('',(-96.7,17.63,105.9));
#9474 = DIRECTION('',(0.,0.,1.));
#9475 = DIRECTION('',(1.,0.,0.));
#9476 = DEFINITIONAL_REPRESENTATION('',(#9477),#9481);
#9477 = CIRCLE('',#9478,5.44);
#9478 = AXIS2_PLACEMENT_2D('',#9479,#9480);
#9479 = CARTESIAN_POINT('',(0.,0.));
#9480 = DIRECTION('',(1.,0.));
#9481 = ( GEOMETRIC_REPRESENTATION_CONTEXT(2) 
PARAMETRIC_REPRESENTATION_CONTEXT() REPRESENTATION_CONTEXT('2D SPACE',''
  ) );
#9482 = ORIENTED_EDGE('',*,*,#9483,.F.);
#9483 = EDGE_CURVE('',#9309,#9455,#9484,.T.);
#9484 = SEAM_CURVE('',#9485,(#9489,#9496),.PCURVE_S1.);
#9485 = LINE('',#9486,#9487);
#9486 = CARTESIAN_POINT('',(-91.26,17.63,102.8));
#9487 = VECTOR('',#9488,1.);
#9488 = DIRECTION('',(0.,0.,1.));
#9489 = PCURVE('',#9325,#9490);
#9490 = DEFINITIONAL_REPRESENTATION('',(#9491),#9495);
#9491 = LINE('',#9492,#9493);
#9492 = CARTESIAN_POINT('',(6.28318530718,-0.));
#9493 = VECTOR('',#9494,1.);
#9494 = DIRECTION('',(0.,1.));
#9495 = ( GEOMETRIC_REPRESENTATION_CONTEXT(2) 
PARAMETRIC_REPRESENTATION_CONTEXT() REPRESENTATION_CONTEXT('2D SPACE',''
  ) );
#9496 = PCURVE('',#9325,#9497);
#9497 = DEFINITIONAL_REPRESENTATION('',(#9498),#9502);
#9498 = LINE('',#9499,#9500);
#9499 = CARTESIAN_POINT('',(0.,-0.));
#9500 = VECTOR('',#9501,1.);
#9501 = DIRECTION('',(0.,1.));
#9502 = ( GEOMETRIC_REPRESENTATION_CONTEXT(2) 
PARAMETRIC_REPRESENTATION_CONTEXT() REPRESENTATION_CONTEXT('2D SPACE',''
  ) );
#9503 = ORIENTED_EDGE('',*,*,#9308,.T.);
#9504 = ORIENTED_EDGE('',*,*,#9483,.T.);
#9505 = ADVANCED_FACE('',(#9506),#9356,.T.);
#9506 = FACE_BOUND('',#9507,.T.);
#9507 = EDGE_LOOP('',(#9508,#9537,#9558,#9559));
#9508 = ORIENTED_EDGE('',*,*,#9509,.F.);
#9509 = EDGE_CURVE('',#9510,#9510,#9512,.T.);
#9510 = VERTEX_POINT('',#9511);
#9511 = CARTESIAN_POINT('',(-201.86,17.63,105.9));
#9512 = SURFACE_CURVE('',#9513,(#9518,#9525),.PCURVE_S1.);
#9513 = CIRCLE('',#9514,5.44);
#9514 = AXIS2_PLACEMENT_3D('',#9515,#9516,#9517);
#9515 = CARTESIAN_POINT('',(-207.3,17.63,105.9));
#9516 = DIRECTION('',(0.,0.,1.));
#9517 = DIRECTION('',(1.,0.,0.));
#9518 = PCURVE('',#9356,#9519);
#9519 = DEFINITIONAL_REPRESENTATION('',(#9520),#9524);
#9520 = LINE('',#9521,#9522);
#9521 = CARTESIAN_POINT('',(0.,3.1));
#9522 = VECTOR('',#9523,1.);
#9523 = DIRECTION('',(1.,0.));
#9524 = ( GEOMETRIC_REPRESENTATION_CONTEXT(2) 
PARAMETRIC_REPRESENTATION_CONTEXT() REPRESENTATION_CONTEXT('2D SPACE',''
  ) );
#9525 = PCURVE('',#9526,#9531);
#9526 = PLANE('',#9527);
#9527 = AXIS2_PLACEMENT_3D('',#9528,#9529,#9530);
#9528 = CARTESIAN_POINT('',(-207.3,17.63,105.9));
#9529 = DIRECTION('',(0.,0.,1.));
#9530 = DIRECTION('',(1.,0.,0.));
#9531 = DEFINITIONAL_REPRESENTATION('',(#9532),#9536);
#9532 = CIRCLE('',#9533,5.44);
#9533 = AXIS2_PLACEMENT_2D('',#9534,#9535);
#9534 = CARTESIAN_POINT('',(0.,0.));
#9535 = DIRECTION('',(1.,0.));
#9536 = ( GEOMETRIC_REPRESENTATION_CONTEXT(2) 
PARAMETRIC_REPRESENTATION_CONTEXT() REPRESENTATION_CONTEXT('2D SPACE',''
  ) );
#9537 = ORIENTED_EDGE('',*,*,#9538,.F.);
#9538 = EDGE_CURVE('',#9340,#9510,#9539,.T.);
#9539 = SEAM_CURVE('',#9540,(#9544,#9551),.PCURVE_S1.);
#9540 = LINE('',#9541,#9542);
#9541 = CARTESIAN_POINT('',(-201.86,17.63,102.8));
#9542 = VECTOR('',#9543,1.);
#9543 = DIRECTION('',(0.,0.,1.));
#9544 = PCURVE('',#9356,#9545);
#9545 = DEFINITIONAL_REPRESENTATION('',(#9546),#9550);
#9546 = LINE('',#9547,#9548);
#9547 = CARTESIAN_POINT('',(6.28318530718,-0.));
#9548 = VECTOR('',#9549,1.);
#9549 = DIRECTION('',(0.,1.));
#9550 = ( GEOMETRIC_REPRESENTATION_CONTEXT(2) 
PARAMETRIC_REPRESENTATION_CONTEXT() REPRESENTATION_CONTEXT('2D SPACE',''
  ) );
#9551 = PCURVE('',#9356,#9552);
#9552 = DEFINITIONAL_REPRESENTATION('',(#9553),#9557);
#9553 = LINE('',#9554,#9555);
#9554 = CARTESIAN_POINT('',(0.,-0.));
#9555 = VECTOR('',#9556,1.);
#9556 = DIRECTION('',(0.,1.));
#9557 = ( GEOMETRIC_REPRESENTATION_CONTEXT(2) 
PARAMETRIC_REPRESENTATION_CONTEXT() REPRESENTATION_CONTEXT('2D SPACE',''
  ) );
#9558 = ORIENTED_EDGE('',*,*,#9339,.T.);
#9559 = ORIENTED_EDGE('',*,*,#9538,.T.);
#9560 = ADVANCED_FACE('',(#9561),#9471,.T.);
#9561 = FACE_BOUND('',#9562,.T.);
#9562 = EDGE_LOOP('',(#9563));
#9563 = ORIENTED_EDGE('',*,*,#9454,.T.);
#9564 = ADVANCED_FACE('',(#9565),#9526,.T.);
#9565 = FACE_BOUND('',#9566,.T.);
#9566 = EDGE_LOOP('',(#9567));
#9567 = ORIENTED_EDGE('',*,*,#9509,.T.);
#9568 = MANIFOLD_SOLID_BREP('',#9569);
#9569 = CLOSED_SHELL('',(#9570,#9690,#9766,#9877,#9926,#9953,#9960,
    #10015,#10070,#10074));
#9570 = ADVANCED_FACE('',(#9571),#9585,.F.);
#9571 = FACE_BOUND('',#9572,.F.);
#9572 = EDGE_LOOP('',(#9573,#9608,#9636,#9664));
#9573 = ORIENTED_EDGE('',*,*,#9574,.F.);
#9574 = EDGE_CURVE('',#9575,#9577,#9579,.T.);
#9575 = VERTEX_POINT('',#9576);
#9576 = CARTESIAN_POINT('',(-77.88,60.62,0.));
#9577 = VERTEX_POINT('',#9578);
#9578 = CARTESIAN_POINT('',(-77.88,60.62,102.8));
#9579 = SURFACE_CURVE('',#9580,(#9584,#9596),.PCURVE_S1.);
#9580 = LINE('',#9581,#9582);
#9581 = CARTESIAN_POINT('',(-77.88,60.62,0.));
#9582 = VECTOR('',#9583,1.);
#9583 = DIRECTION('',(0.,0.,1.));
#9584 = PCURVE('',#9585,#9590);
#9585 = PLANE('',#9586);
#9586 = AXIS2_PLACEMENT_3D('',#9587,#9588,#9589);
#9587 = CARTESIAN_POINT('',(-77.88,60.62,0.));
#9588 = DIRECTION('',(-1.,1.224646799147E-16,0.));
#9589 = DIRECTION('',(0.,0.,1.));
#9590 = DEFINITIONAL_REPRESENTATION('',(#9591),#9595);
#9591 = LINE('',#9592,#9593);
#9592 = CARTESIAN_POINT('',(0.,0.));
#9593 = VECTOR('',#9594,1.);
#9594 = DIRECTION('',(1.,0.));
#9595 = ( GEOMETRIC_REPRESENTATION_CONTEXT(2) 
PARAMETRIC_REPRESENTATION_CONTEXT() REPRESENTATION_CONTEXT('2D SPACE',''
  ) );
#9596 = PCURVE('',#9597,#9602);
#9597 = PLANE('',#9598);
#9598 = AXIS2_PLACEMENT_3D('',#9599,#9600,#9601);
#9599 = CARTESIAN_POINT('',(-77.88,60.62,0.));
#9600 = DIRECTION('',(-1.224646799147E-16,-1.,0.));
#9601 = DIRECTION('',(0.,0.,1.));
#9602 = DEFINITIONAL_REPRESENTATION('',(#9603),#9607);
#9603 = LINE('',#9604,#9605);
#9604 = CARTESIAN_POINT('',(0.,0.));
#9605 = VECTOR('',#9606,1.);
#9606 = DIRECTION('',(1.,0.));
#9607 = ( GEOMETRIC_REPRESENTATION_CONTEXT(2) 
PARAMETRIC_REPRESENTATION_CONTEXT() REPRESENTATION_CONTEXT('2D SPACE',''
  ) );
#9608 = ORIENTED_EDGE('',*,*,#9609,.T.);
#9609 = EDGE_CURVE('',#9575,#9610,#9612,.T.);
#9610 = VERTEX_POINT('',#9611);
#9611 = CARTESIAN_POINT('',(-77.88,33.96,0.));
#9612 = SURFACE_CURVE('',#9613,(#9617,#9624),.PCURVE_S1.);
#9613 = LINE('',#9614,#9615);
#9614 = CARTESIAN_POINT('',(-77.88,60.62,0.));
#9615 = VECTOR('',#9616,1.);
#9616 = DIRECTION('',(-1.224646799147E-16,-1.,0.));
#9617 = PCURVE('',#9585,#9618);
#9618 = DEFINITIONAL_REPRESENTATION('',(#9619),#9623);
#9619 = LINE('',#9620,#9621);
#9620 = CARTESIAN_POINT('',(0.,0.));
#9621 = VECTOR('',#9622,1.);
#9622 = DIRECTION('',(0.,-1.));
#9623 = ( GEOMETRIC_REPRESENTATION_CONTEXT(2) 
PARAMETRIC_REPRESENTATION_CONTEXT() REPRESENTATION_CONTEXT('2D SPACE',''
  ) );
#9624 = PCURVE('',#9625,#9630);
#9625 = PLANE('',#9626);
#9626 = AXIS2_PLACEMENT_3D('',#9627,#9628,#9629);
#9627 = CARTESIAN_POINT('',(-77.88,60.62,0.));
#9628 = DIRECTION('',(0.,0.,1.));
#9629 = DIRECTION('',(-1.,1.224646799147E-16,0.));
#9630 = DEFINITIONAL_REPRESENTATION('',(#9631),#9635);
#9631 = LINE('',#9632,#9633);
#9632 = CARTESIAN_POINT('',(0.,0.));
#9633 = VECTOR('',#9634,1.);
#9634 = DIRECTION('',(0.,1.));
#9635 = ( GEOMETRIC_REPRESENTATION_CONTEXT(2) 
PARAMETRIC_REPRESENTATION_CONTEXT() REPRESENTATION_CONTEXT('2D SPACE',''
  ) );
#9636 = ORIENTED_EDGE('',*,*,#9637,.T.);
#9637 = EDGE_CURVE('',#9610,#9638,#9640,.T.);
#9638 = VERTEX_POINT('',#9639);
#9639 = CARTESIAN_POINT('',(-77.88,33.96,102.8));
#9640 = SURFACE_CURVE('',#9641,(#9645,#9652),.PCURVE_S1.);
#9641 = LINE('',#9642,#9643);
#9642 = CARTESIAN_POINT('',(-77.88,33.96,0.));
#9643 = VECTOR('',#9644,1.);
#9644 = DIRECTION('',(0.,0.,1.));
#9645 = PCURVE('',#9585,#9646);
#9646 = DEFINITIONAL_REPRESENTATION('',(#9647),#9651);
#9647 = LINE('',#9648,#9649);
#9648 = CARTESIAN_POINT('',(0.,-26.66));
#9649 = VECTOR('',#9650,1.);
#9650 = DIRECTION('',(1.,0.));
#9651 = ( GEOMETRIC_REPRESENTATION_CONTEXT(2) 
PARAMETRIC_REPRESENTATION_CONTEXT() REPRESENTATION_CONTEXT('2D SPACE',''
  ) );
#9652 = PCURVE('',#9653,#9658);
#9653 = PLANE('',#9654);
#9654 = AXIS2_PLACEMENT_3D('',#9655,#9656,#9657);
#9655 = CARTESIAN_POINT('',(-77.88,33.96,0.));
#9656 = DIRECTION('',(-1.224646799147E-16,-1.,0.));
#9657 = DIRECTION('',(0.,0.,1.));
#9658 = DEFINITIONAL_REPRESENTATION('',(#9659),#9663);
#9659 = LINE('',#9660,#9661);
#9660 = CARTESIAN_POINT('',(0.,0.));
#9661 = VECTOR('',#9662,1.);
#9662 = DIRECTION('',(1.,0.));
#9663 = ( GEOMETRIC_REPRESENTATION_CONTEXT(2) 
PARAMETRIC_REPRESENTATION_CONTEXT() REPRESENTATION_CONTEXT('2D SPACE',''
  ) );
#9664 = ORIENTED_EDGE('',*,*,#9665,.F.);
#9665 = EDGE_CURVE('',#9577,#9638,#9666,.T.);
#9666 = SURFACE_CURVE('',#9667,(#9671,#9678),.PCURVE_S1.);
#9667 = LINE('',#9668,#9669);
#9668 = CARTESIAN_POINT('',(-77.88,60.62,102.8));
#9669 = VECTOR('',#9670,1.);
#9670 = DIRECTION('',(-1.224646799147E-16,-1.,0.));
#9671 = PCURVE('',#9585,#9672);
#9672 = DEFINITIONAL_REPRESENTATION('',(#9673),#9677);
#9673 = LINE('',#9674,#9675);
#9674 = CARTESIAN_POINT('',(102.8,0.));
#9675 = VECTOR('',#9676,1.);
#9676 = DIRECTION('',(0.,-1.));
#9677 = ( GEOMETRIC_REPRESENTATION_CONTEXT(2) 
PARAMETRIC_REPRESENTATION_CONTEXT() REPRESENTATION_CONTEXT('2D SPACE',''
  ) );
#9678 = PCURVE('',#9679,#9684);
#9679 = PLANE('',#9680);
#9680 = AXIS2_PLACEMENT_3D('',#9681,#9682,#9683);
#9681 = CARTESIAN_POINT('',(-77.88,60.62,102.8));
#9682 = DIRECTION('',(0.,0.,1.));
#9683 = DIRECTION('',(-1.,1.224646799147E-16,0.));
#9684 = DEFINITIONAL_REPRESENTATION('',(#9685),#9689);
#9685 = LINE('',#9686,#9687);
#9686 = CARTESIAN_POINT('',(0.,0.));
#9687 = VECTOR('',#9688,1.);
#9688 = DIRECTION('',(0.,1.));
#9689 = ( GEOMETRIC_REPRESENTATION_CONTEXT(2) 
PARAMETRIC_REPRESENTATION_CONTEXT() REPRESENTATION_CONTEXT('2D SPACE',''
  ) );
#9690 = ADVANCED_FACE('',(#9691),#9597,.F.);
#9691 = FACE_BOUND('',#9692,.F.);
#9692 = EDGE_LOOP('',(#9693,#9716,#9717,#9740));
#9693 = ORIENTED_EDGE('',*,*,#9694,.F.);
#9694 = EDGE_CURVE('',#9575,#9695,#9697,.T.);
#9695 = VERTEX_POINT('',#9696);
#9696 = CARTESIAN_POINT('',(-226.12,60.62,0.));
#9697 = SURFACE_CURVE('',#9698,(#9702,#9709),.PCURVE_S1.);
#9698 = LINE('',#9699,#9700);
#9699 = CARTESIAN_POINT('',(-77.88,60.62,0.));
#9700 = VECTOR('',#9701,1.);
#9701 = DIRECTION('',(-1.,1.224646799147E-16,0.));
#9702 = PCURVE('',#9597,#9703);
#9703 = DEFINITIONAL_REPRESENTATION('',(#9704),#9708);
#9704 = LINE('',#9705,#9706);
#9705 = CARTESIAN_POINT('',(0.,0.));
#9706 = VECTOR('',#9707,1.);
#9707 = DIRECTION('',(0.,1.));
#9708 = ( GEOMETRIC_REPRESENTATION_CONTEXT(2) 
PARAMETRIC_REPRESENTATION_CONTEXT() REPRESENTATION_CONTEXT('2D SPACE',''
  ) );
#9709 = PCURVE('',#9625,#9710);
#9710 = DEFINITIONAL_REPRESENTATION('',(#9711),#9715);
#9711 = LINE('',#9712,#9713);
#9712 = CARTESIAN_POINT('',(0.,0.));
#9713 = VECTOR('',#9714,1.);
#9714 = DIRECTION('',(1.,0.));
#9715 = ( GEOMETRIC_REPRESENTATION_CONTEXT(2) 
PARAMETRIC_REPRESENTATION_CONTEXT() REPRESENTATION_CONTEXT('2D SPACE',''
  ) );
#9716 = ORIENTED_EDGE('',*,*,#9574,.T.);
#9717 = ORIENTED_EDGE('',*,*,#9718,.T.);
#9718 = EDGE_CURVE('',#9577,#9719,#9721,.T.);
#9719 = VERTEX_POINT('',#9720);
#9720 = CARTESIAN_POINT('',(-226.12,60.62,102.8));
#9721 = SURFACE_CURVE('',#9722,(#9726,#9733),.PCURVE_S1.);
#9722 = LINE('',#9723,#9724);
#9723 = CARTESIAN_POINT('',(-77.88,60.62,102.8));
#9724 = VECTOR('',#9725,1.);
#9725 = DIRECTION('',(-1.,1.224646799147E-16,0.));
#9726 = PCURVE('',#9597,#9727);
#9727 = DEFINITIONAL_REPRESENTATION('',(#9728),#9732);
#9728 = LINE('',#9729,#9730);
#9729 = CARTESIAN_POINT('',(102.8,0.));
#9730 = VECTOR('',#9731,1.);
#9731 = DIRECTION('',(0.,1.));
#9732 = ( GEOMETRIC_REPRESENTATION_CONTEXT(2) 
PARAMETRIC_REPRESENTATION_CONTEXT() REPRESENTATION_CONTEXT('2D SPACE',''
  ) );
#9733 = PCURVE('',#9679,#9734);
#9734 = DEFINITIONAL_REPRESENTATION('',(#9735),#9739);
#9735 = LINE('',#9736,#9737);
#9736 = CARTESIAN_POINT('',(0.,0.));
#9737 = VECTOR('',#9738,1.);
#9738 = DIRECTION('',(1.,0.));
#9739 = ( GEOMETRIC_REPRESENTATION_CONTEXT(2) 
PARAMETRIC_REPRESENTATION_CONTEXT() REPRESENTATION_CONTEXT('2D SPACE',''
  ) );
#9740 = ORIENTED_EDGE('',*,*,#9741,.F.);
#9741 = EDGE_CURVE('',#9695,#9719,#9742,.T.);
#9742 = SURFACE_CURVE('',#9743,(#9747,#9754),.PCURVE_S1.);
#9743 = LINE('',#9744,#9745);
#9744 = CARTESIAN_POINT('',(-226.12,60.62,0.));
#9745 = VECTOR('',#9746,1.);
#9746 = DIRECTION('',(0.,0.,1.));
#9747 = PCURVE('',#9597,#9748);
#9748 = DEFINITIONAL_REPRESENTATION('',(#9749),#9753);
#9749 = LINE('',#9750,#9751);
#9750 = CARTESIAN_POINT('',(0.,148.24));
#9751 = VECTOR('',#9752,1.);
#9752 = DIRECTION('',(1.,0.));
#9753 = ( GEOMETRIC_REPRESENTATION_CONTEXT(2) 
PARAMETRIC_REPRESENTATION_CONTEXT() REPRESENTATION_CONTEXT('2D SPACE',''
  ) );
#9754 = PCURVE('',#9755,#9760);
#9755 = PLANE('',#9756);
#9756 = AXIS2_PLACEMENT_3D('',#9757,#9758,#9759);
#9757 = CARTESIAN_POINT('',(-226.12,60.62,0.));
#9758 = DIRECTION('',(-1.,1.224646799147E-16,0.));
#9759 = DIRECTION('',(0.,0.,1.));
#9760 = DEFINITIONAL_REPRESENTATION('',(#9761),#9765);
#9761 = LINE('',#9762,#9763);
#9762 = CARTESIAN_POINT('',(0.,0.));
#9763 = VECTOR('',#9764,1.);
#9764 = DIRECTION('',(1.,0.));
#9765 = ( GEOMETRIC_REPRESENTATION_CONTEXT(2) 
PARAMETRIC_REPRESENTATION_CONTEXT() REPRESENTATION_CONTEXT('2D SPACE',''
  ) );
#9766 = ADVANCED_FACE('',(#9767,#9815,#9846),#9679,.T.);
#9767 = FACE_BOUND('',#9768,.T.);
#9768 = EDGE_LOOP('',(#9769,#9770,#9771,#9794));
#9769 = ORIENTED_EDGE('',*,*,#9665,.F.);
#9770 = ORIENTED_EDGE('',*,*,#9718,.T.);
#9771 = ORIENTED_EDGE('',*,*,#9772,.T.);
#9772 = EDGE_CURVE('',#9719,#9773,#9775,.T.);
#9773 = VERTEX_POINT('',#9774);
#9774 = CARTESIAN_POINT('',(-226.12,33.96,102.8));
#9775 = SURFACE_CURVE('',#9776,(#9780,#9787),.PCURVE_S1.);
#9776 = LINE('',#9777,#9778);
#9777 = CARTESIAN_POINT('',(-226.12,60.62,102.8));
#9778 = VECTOR('',#9779,1.);
#9779 = DIRECTION('',(-1.224646799147E-16,-1.,0.));
#9780 = PCURVE('',#9679,#9781);
#9781 = DEFINITIONAL_REPRESENTATION('',(#9782),#9786);
#9782 = LINE('',#9783,#9784);
#9783 = CARTESIAN_POINT('',(148.24,0.));
#9784 = VECTOR('',#9785,1.);
#9785 = DIRECTION('',(0.,1.));
#9786 = ( GEOMETRIC_REPRESENTATION_CONTEXT(2) 
PARAMETRIC_REPRESENTATION_CONTEXT() REPRESENTATION_CONTEXT('2D SPACE',''
  ) );
#9787 = PCURVE('',#9755,#9788);
#9788 = DEFINITIONAL_REPRESENTATION('',(#9789),#9793);
#9789 = LINE('',#9790,#9791);
#9790 = CARTESIAN_POINT('',(102.8,0.));
#9791 = VECTOR('',#9792,1.);
#9792 = DIRECTION('',(0.,-1.));
#9793 = ( GEOMETRIC_REPRESENTATION_CONTEXT(2) 
PARAMETRIC_REPRESENTATION_CONTEXT() REPRESENTATION_CONTEXT('2D SPACE',''
  ) );
#9794 = ORIENTED_EDGE('',*,*,#9795,.F.);
#9795 = EDGE_CURVE('',#9638,#9773,#9796,.T.);
#9796 = SURFACE_CURVE('',#9797,(#9801,#9808),.PCURVE_S1.);
#9797 = LINE('',#9798,#9799);
#9798 = CARTESIAN_POINT('',(-77.88,33.96,102.8));
#9799 = VECTOR('',#9800,1.);
#9800 = DIRECTION('',(-1.,1.224646799147E-16,0.));
#9801 = PCURVE('',#9679,#9802);
#9802 = DEFINITIONAL_REPRESENTATION('',(#9803),#9807);
#9803 = LINE('',#9804,#9805);
#9804 = CARTESIAN_POINT('',(0.,26.66));
#9805 = VECTOR('',#9806,1.);
#9806 = DIRECTION('',(1.,0.));
#9807 = ( GEOMETRIC_REPRESENTATION_CONTEXT(2) 
PARAMETRIC_REPRESENTATION_CONTEXT() REPRESENTATION_CONTEXT('2D SPACE',''
  ) );
#9808 = PCURVE('',#9653,#9809);
#9809 = DEFINITIONAL_REPRESENTATION('',(#9810),#9814);
#9810 = LINE('',#9811,#9812);
#9811 = CARTESIAN_POINT('',(102.8,0.));
#9812 = VECTOR('',#9813,1.);
#9813 = DIRECTION('',(0.,1.));
#9814 = ( GEOMETRIC_REPRESENTATION_CONTEXT(2) 
PARAMETRIC_REPRESENTATION_CONTEXT() REPRESENTATION_CONTEXT('2D SPACE',''
  ) );
#9815 = FACE_BOUND('',#9816,.T.);
#9816 = EDGE_LOOP('',(#9817));
#9817 = ORIENTED_EDGE('',*,*,#9818,.F.);
#9818 = EDGE_CURVE('',#9819,#9819,#9821,.T.);
#9819 = VERTEX_POINT('',#9820);
#9820 = CARTESIAN_POINT('',(-212.74,47.29,102.8));
#9821 = SURFACE_CURVE('',#9822,(#9827,#9834),.PCURVE_S1.);
#9822 = CIRCLE('',#9823,5.44);
#9823 = AXIS2_PLACEMENT_3D('',#9824,#9825,#9826);
#9824 = CARTESIAN_POINT('',(-207.3,47.29,102.8));
#9825 = DIRECTION('',(0.,0.,1.));
#9826 = DIRECTION('',(-1.,1.224646799147E-16,0.));
#9827 = PCURVE('',#9679,#9828);
#9828 = DEFINITIONAL_REPRESENTATION('',(#9829),#9833);
#9829 = CIRCLE('',#9830,5.44);
#9830 = AXIS2_PLACEMENT_2D('',#9831,#9832);
#9831 = CARTESIAN_POINT('',(129.42,13.33));
#9832 = DIRECTION('',(1.,0.));
#9833 = ( GEOMETRIC_REPRESENTATION_CONTEXT(2) 
PARAMETRIC_REPRESENTATION_CONTEXT() REPRESENTATION_CONTEXT('2D SPACE',''
  ) );
#9834 = PCURVE('',#9835,#9840);
#9835 = CYLINDRICAL_SURFACE('',#9836,5.44);
#9836 = AXIS2_PLACEMENT_3D('',#9837,#9838,#9839);
#9837 = CARTESIAN_POINT('',(-207.3,47.29,102.8));
#9838 = DIRECTION('',(0.,0.,1.));
#9839 = DIRECTION('',(-1.,1.224646799147E-16,0.));
#9840 = DEFINITIONAL_REPRESENTATION('',(#9841),#9845);
#9841 = LINE('',#9842,#9843);
#9842 = CARTESIAN_POINT('',(0.,0.));
#9843 = VECTOR('',#9844,1.);
#9844 = DIRECTION('',(1.,0.));
#9845 = ( GEOMETRIC_REPRESENTATION_CONTEXT(2) 
PARAMETRIC_REPRESENTATION_CONTEXT() REPRESENTATION_CONTEXT('2D SPACE',''
  ) );
#9846 = FACE_BOUND('',#9847,.T.);
#9847 = EDGE_LOOP('',(#9848));
#9848 = ORIENTED_EDGE('',*,*,#9849,.F.);
#9849 = EDGE_CURVE('',#9850,#9850,#9852,.T.);
#9850 = VERTEX_POINT('',#9851);
#9851 = CARTESIAN_POINT('',(-102.14,47.29,102.8));
#9852 = SURFACE_CURVE('',#9853,(#9858,#9865),.PCURVE_S1.);
#9853 = CIRCLE('',#9854,5.44);
#9854 = AXIS2_PLACEMENT_3D('',#9855,#9856,#9857);
#9855 = CARTESIAN_POINT('',(-96.7,47.29,102.8));
#9856 = DIRECTION('',(0.,0.,1.));
#9857 = DIRECTION('',(-1.,1.224646799147E-16,0.));
#9858 = PCURVE('',#9679,#9859);
#9859 = DEFINITIONAL_REPRESENTATION('',(#9860),#9864);
#9860 = CIRCLE('',#9861,5.44);
#9861 = AXIS2_PLACEMENT_2D('',#9862,#9863);
#9862 = CARTESIAN_POINT('',(18.82,13.33));
#9863 = DIRECTION('',(1.,0.));
#9864 = ( GEOMETRIC_REPRESENTATION_CONTEXT(2) 
PARAMETRIC_REPRESENTATION_CONTEXT() REPRESENTATION_CONTEXT('2D SPACE',''
  ) );
#9865 = PCURVE('',#9866,#9871);
#9866 = CYLINDRICAL_SURFACE('',#9867,5.44);
#9867 = AXIS2_PLACEMENT_3D('',#9868,#9869,#9870);
#9868 = CARTESIAN_POINT('',(-96.7,47.29,102.8));
#9869 = DIRECTION('',(0.,0.,1.));
#9870 = DIRECTION('',(-1.,1.224646799147E-16,0.));
#9871 = DEFINITIONAL_REPRESENTATION('',(#9872),#9876);
#9872 = LINE('',#9873,#9874);
#9873 = CARTESIAN_POINT('',(0.,0.));
#9874 = VECTOR('',#9875,1.);
#9875 = DIRECTION('',(1.,0.));
#9876 = ( GEOMETRIC_REPRESENTATION_CONTEXT(2) 
PARAMETRIC_REPRESENTATION_CONTEXT() REPRESENTATION_CONTEXT('2D SPACE',''
  ) );
#9877 = ADVANCED_FACE('',(#9878),#9653,.T.);
#9878 = FACE_BOUND('',#9879,.T.);
#9879 = EDGE_LOOP('',(#9880,#9903,#9904,#9905));
#9880 = ORIENTED_EDGE('',*,*,#9881,.F.);
#9881 = EDGE_CURVE('',#9610,#9882,#9884,.T.);
#9882 = VERTEX_POINT('',#9883);
#9883 = CARTESIAN_POINT('',(-226.12,33.96,0.));
#9884 = SURFACE_CURVE('',#9885,(#9889,#9896),.PCURVE_S1.);
#9885 = LINE('',#9886,#9887);
#9886 = CARTESIAN_POINT('',(-77.88,33.96,0.));
#9887 = VECTOR('',#9888,1.);
#9888 = DIRECTION('',(-1.,1.224646799147E-16,0.));
#9889 = PCURVE('',#9653,#9890);
#9890 = DEFINITIONAL_REPRESENTATION('',(#9891),#9895);
#9891 = LINE('',#9892,#9893);
#9892 = CARTESIAN_POINT('',(0.,0.));
#9893 = VECTOR('',#9894,1.);
#9894 = DIRECTION('',(0.,1.));
#9895 = ( GEOMETRIC_REPRESENTATION_CONTEXT(2) 
PARAMETRIC_REPRESENTATION_CONTEXT() REPRESENTATION_CONTEXT('2D SPACE',''
  ) );
#9896 = PCURVE('',#9625,#9897);
#9897 = DEFINITIONAL_REPRESENTATION('',(#9898),#9902);
#9898 = LINE('',#9899,#9900);
#9899 = CARTESIAN_POINT('',(0.,26.66));
#9900 = VECTOR('',#9901,1.);
#9901 = DIRECTION('',(1.,0.));
#9902 = ( GEOMETRIC_REPRESENTATION_CONTEXT(2) 
PARAMETRIC_REPRESENTATION_CONTEXT() REPRESENTATION_CONTEXT('2D SPACE',''
  ) );
#9903 = ORIENTED_EDGE('',*,*,#9637,.T.);
#9904 = ORIENTED_EDGE('',*,*,#9795,.T.);
#9905 = ORIENTED_EDGE('',*,*,#9906,.F.);
#9906 = EDGE_CURVE('',#9882,#9773,#9907,.T.);
#9907 = SURFACE_CURVE('',#9908,(#9912,#9919),.PCURVE_S1.);
#9908 = LINE('',#9909,#9910);
#9909 = CARTESIAN_POINT('',(-226.12,33.96,0.));
#9910 = VECTOR('',#9911,1.);
#9911 = DIRECTION('',(0.,0.,1.));
#9912 = PCURVE('',#9653,#9913);
#9913 = DEFINITIONAL_REPRESENTATION('',(#9914),#9918);
#9914 = LINE('',#9915,#9916);
#9915 = CARTESIAN_POINT('',(0.,148.24));
#9916 = VECTOR('',#9917,1.);
#9917 = DIRECTION('',(1.,0.));
#9918 = ( GEOMETRIC_REPRESENTATION_CONTEXT(2) 
PARAMETRIC_REPRESENTATION_CONTEXT() REPRESENTATION_CONTEXT('2D SPACE',''
  ) );
#9919 = PCURVE('',#9755,#9920);
#9920 = DEFINITIONAL_REPRESENTATION('',(#9921),#9925);
#9921 = LINE('',#9922,#9923);
#9922 = CARTESIAN_POINT('',(0.,-26.66));
#9923 = VECTOR('',#9924,1.);
#9924 = DIRECTION('',(1.,0.));
#9925 = ( GEOMETRIC_REPRESENTATION_CONTEXT(2) 
PARAMETRIC_REPRESENTATION_CONTEXT() REPRESENTATION_CONTEXT('2D SPACE',''
  ) );
#9926 = ADVANCED_FACE('',(#9927),#9625,.F.);
#9927 = FACE_BOUND('',#9928,.F.);
#9928 = EDGE_LOOP('',(#9929,#9930,#9931,#9952));
#9929 = ORIENTED_EDGE('',*,*,#9609,.F.);
#9930 = ORIENTED_EDGE('',*,*,#9694,.T.);
#9931 = ORIENTED_EDGE('',*,*,#9932,.T.);
#9932 = EDGE_CURVE('',#9695,#9882,#9933,.T.);
#9933 = SURFACE_CURVE('',#9934,(#9938,#9945),.PCURVE_S1.);
#9934 = LINE('',#9935,#9936);
#9935 = CARTESIAN_POINT('',(-226.12,60.62,0.));
#9936 = VECTOR('',#9937,1.);
#9937 = DIRECTION('',(-1.224646799147E-16,-1.,0.));
#9938 = PCURVE('',#9625,#9939);
#9939 = DEFINITIONAL_REPRESENTATION('',(#9940),#9944);
#9940 = LINE('',#9941,#9942);
#9941 = CARTESIAN_POINT('',(148.24,0.));
#9942 = VECTOR('',#9943,1.);
#9943 = DIRECTION('',(0.,1.));
#9944 = ( GEOMETRIC_REPRESENTATION_CONTEXT(2) 
PARAMETRIC_REPRESENTATION_CONTEXT() REPRESENTATION_CONTEXT('2D SPACE',''
  ) );
#9945 = PCURVE('',#9755,#9946);
#9946 = DEFINITIONAL_REPRESENTATION('',(#9947),#9951);
#9947 = LINE('',#9948,#9949);
#9948 = CARTESIAN_POINT('',(0.,0.));
#9949 = VECTOR('',#9950,1.);
#9950 = DIRECTION('',(0.,-1.));
#9951 = ( GEOMETRIC_REPRESENTATION_CONTEXT(2) 
PARAMETRIC_REPRESENTATION_CONTEXT() REPRESENTATION_CONTEXT('2D SPACE',''
  ) );
#9952 = ORIENTED_EDGE('',*,*,#9881,.F.);
#9953 = ADVANCED_FACE('',(#9954),#9755,.T.);
#9954 = FACE_BOUND('',#9955,.T.);
#9955 = EDGE_LOOP('',(#9956,#9957,#9958,#9959));
#9956 = ORIENTED_EDGE('',*,*,#9741,.F.);
#9957 = ORIENTED_EDGE('',*,*,#9932,.T.);
#9958 = ORIENTED_EDGE('',*,*,#9906,.T.);
#9959 = ORIENTED_EDGE('',*,*,#9772,.F.);
#9960 = ADVANCED_FACE('',(#9961),#9835,.T.);
#9961 = FACE_BOUND('',#9962,.T.);
#9962 = EDGE_LOOP('',(#9963,#9992,#10013,#10014));
#9963 = ORIENTED_EDGE('',*,*,#9964,.F.);
#9964 = EDGE_CURVE('',#9965,#9965,#9967,.T.);
#9965 = VERTEX_POINT('',#9966);
#9966 = CARTESIAN_POINT('',(-212.74,47.29,105.9));
#9967 = SURFACE_CURVE('',#9968,(#9973,#9980),.PCURVE_S1.);
#9968 = CIRCLE('',#9969,5.44);
#9969 = AXIS2_PLACEMENT_3D('',#9970,#9971,#9972);
#9970 = CARTESIAN_POINT('',(-207.3,47.29,105.9));
#9971 = DIRECTION('',(0.,0.,1.));
#9972 = DIRECTION('',(-1.,1.224646799147E-16,0.));
#9973 = PCURVE('',#9835,#9974);
#9974 = DEFINITIONAL_REPRESENTATION('',(#9975),#9979);
#9975 = LINE('',#9976,#9977);
#9976 = CARTESIAN_POINT('',(0.,3.1));
#9977 = VECTOR('',#9978,1.);
#9978 = DIRECTION('',(1.,0.));
#9979 = ( GEOMETRIC_REPRESENTATION_CONTEXT(2) 
PARAMETRIC_REPRESENTATION_CONTEXT() REPRESENTATION_CONTEXT('2D SPACE',''
  ) );
#9980 = PCURVE('',#9981,#9986);
#9981 = PLANE('',#9982);
#9982 = AXIS2_PLACEMENT_3D('',#9983,#9984,#9985);
#9983 = CARTESIAN_POINT('',(-207.3,47.29,105.9));
#9984 = DIRECTION('',(0.,0.,1.));
#9985 = DIRECTION('',(-1.,1.224646799147E-16,0.));
#9986 = DEFINITIONAL_REPRESENTATION('',(#9987),#9991);
#9987 = CIRCLE('',#9988,5.44);
#9988 = AXIS2_PLACEMENT_2D('',#9989,#9990);
#9989 = CARTESIAN_POINT('',(0.,0.));
#9990 = DIRECTION('',(1.,0.));
#9991 = ( GEOMETRIC_REPRESENTATION_CONTEXT(2) 
PARAMETRIC_REPRESENTATION_CONTEXT() REPRESENTATION_CONTEXT('2D SPACE',''
  ) );
#9992 = ORIENTED_EDGE('',*,*,#9993,.F.);
#9993 = EDGE_CURVE('',#9819,#9965,#9994,.T.);
#9994 = SEAM_CURVE('',#9995,(#9999,#10006),.PCURVE_S1.);
#9995 = LINE('',#9996,#9997);
#9996 = CARTESIAN_POINT('',(-212.74,47.29,102.8));
#9997 = VECTOR('',#9998,1.);
#9998 = DIRECTION('',(0.,0.,1.));
#9999 = PCURVE('',#9835,#10000);
#10000 = DEFINITIONAL_REPRESENTATION('',(#10001),#10005);
#10001 = LINE('',#10002,#10003);
#10002 = CARTESIAN_POINT('',(6.28318530718,-0.));
#10003 = VECTOR('',#10004,1.);
#10004 = DIRECTION('',(0.,1.));
#10005 = ( GEOMETRIC_REPRESENTATION_CONTEXT(2) 
PARAMETRIC_REPRESENTATION_CONTEXT() REPRESENTATION_CONTEXT('2D SPACE',''
  ) );
#10006 = PCURVE('',#9835,#10007);
#10007 = DEFINITIONAL_REPRESENTATION('',(#10008),#10012);
#10008 = LINE('',#10009,#10010);
#10009 = CARTESIAN_POINT('',(0.,-0.));
#10010 = VECTOR('',#10011,1.);
#10011 = DIRECTION('',(0.,1.));
#10012 = ( GEOMETRIC_REPRESENTATION_CONTEXT(2) 
PARAMETRIC_REPRESENTATION_CONTEXT() REPRESENTATION_CONTEXT('2D SPACE',''
  ) );
#10013 = ORIENTED_EDGE('',*,*,#9818,.T.);
#10014 = ORIENTED_EDGE('',*,*,#9993,.T.);
#10015 = ADVANCED_FACE('',(#10016),#9866,.T.);
#10016 = FACE_BOUND('',#10017,.T.);
#10017 = EDGE_LOOP('',(#10018,#10047,#10068,#10069));
#10018 = ORIENTED_EDGE('',*,*,#10019,.F.);
#10019 = EDGE_CURVE('',#10020,#10020,#10022,.T.);
#10020 = VERTEX_POINT('',#10021);
#10021 = CARTESIAN_POINT('',(-102.14,47.29,105.9));
#10022 = SURFACE_CURVE('',#10023,(#10028,#10035),.PCURVE_S1.);
#10023 = CIRCLE('',#10024,5.44);
#10024 = AXIS2_PLACEMENT_3D('',#10025,#10026,#10027);
#10025 = CARTESIAN_POINT('',(-96.7,47.29,105.9));
#10026 = DIRECTION('',(0.,0.,1.));
#10027 = DIRECTION('',(-1.,1.224646799147E-16,0.));
#10028 = PCURVE('',#9866,#10029);
#10029 = DEFINITIONAL_REPRESENTATION('',(#10030),#10034);
#10030 = LINE('',#10031,#10032);
#10031 = CARTESIAN_POINT('',(0.,3.1));
#10032 = VECTOR('',#10033,1.);
#10033 = DIRECTION('',(1.,0.));
#10034 = ( GEOMETRIC_REPRESENTATION_CONTEXT(2) 
PARAMETRIC_REPRESENTATION_CONTEXT() REPRESENTATION_CONTEXT('2D SPACE',''
  ) );
#10035 = PCURVE('',#10036,#10041);
#10036 = PLANE('',#10037);
#10037 = AXIS2_PLACEMENT_3D('',#10038,#10039,#10040);
#10038 = CARTESIAN_POINT('',(-96.7,47.29,105.9));
#10039 = DIRECTION('',(0.,0.,1.));
#10040 = DIRECTION('',(-1.,1.224646799147E-16,0.));
#10041 = DEFINITIONAL_REPRESENTATION('',(#10042),#10046);
#10042 = CIRCLE('',#10043,5.44);
#10043 = AXIS2_PLACEMENT_2D('',#10044,#10045);
#10044 = CARTESIAN_POINT('',(0.,0.));
#10045 = DIRECTION('',(1.,0.));
#10046 = ( GEOMETRIC_REPRESENTATION_CONTEXT(2) 
PARAMETRIC_REPRESENTATION_CONTEXT() REPRESENTATION_CONTEXT('2D SPACE',''
  ) );
#10047 = ORIENTED_EDGE('',*,*,#10048,.F.);
#10048 = EDGE_CURVE('',#9850,#10020,#10049,.T.);
#10049 = SEAM_CURVE('',#10050,(#10054,#10061),.PCURVE_S1.);
#10050 = LINE('',#10051,#10052);
#10051 = CARTESIAN_POINT('',(-102.14,47.29,102.8));
#10052 = VECTOR('',#10053,1.);
#10053 = DIRECTION('',(0.,0.,1.));
#10054 = PCURVE('',#9866,#10055);
#10055 = DEFINITIONAL_REPRESENTATION('',(#10056),#10060);
#10056 = LINE('',#10057,#10058);
#10057 = CARTESIAN_POINT('',(6.28318530718,-0.));
#10058 = VECTOR('',#10059,1.);
#10059 = DIRECTION('',(0.,1.));
#10060 = ( GEOMETRIC_REPRESENTATION_CONTEXT(2) 
PARAMETRIC_REPRESENTATION_CONTEXT() REPRESENTATION_CONTEXT('2D SPACE',''
  ) );
#10061 = PCURVE('',#9866,#10062);
#10062 = DEFINITIONAL_REPRESENTATION('',(#10063),#10067);
#10063 = LINE('',#10064,#10065);
#10064 = CARTESIAN_POINT('',(0.,-0.));
#10065 = VECTOR('',#10066,1.);
#10066 = DIRECTION('',(0.,1.));
#10067 = ( GEOMETRIC_REPRESENTATION_CONTEXT(2) 
PARAMETRIC_REPRESENTATION_CONTEXT() REPRESENTATION_CONTEXT('2D SPACE',''
  ) );
#10068 = ORIENTED_EDGE('',*,*,#9849,.T.);
#10069 = ORIENTED_EDGE('',*,*,#10048,.T.);
#10070 = ADVANCED_FACE('',(#10071),#9981,.T.);
#10071 = FACE_BOUND('',#10072,.T.);
#10072 = EDGE_LOOP('',(#10073));
#10073 = ORIENTED_EDGE('',*,*,#9964,.T.);
#10074 = ADVANCED_FACE('',(#10075),#10036,.T.);
#10075 = FACE_BOUND('',#10076,.T.);
#10076 = EDGE_LOOP('',(#10077));
#10077 = ORIENTED_EDGE('',*,*,#10019,.T.);
#10078 = MANIFOLD_SOLID_BREP('',#10079);
#10079 = CLOSED_SHELL('',(#10080,#10200,#10276,#10387,#10436,#10463,
    #10470,#10525,#10580,#10584));
#10080 = ADVANCED_FACE('',(#10081),#10095,.F.);
#10081 = FACE_BOUND('',#10082,.F.);
#10082 = EDGE_LOOP('',(#10083,#10118,#10146,#10174));
#10083 = ORIENTED_EDGE('',*,*,#10084,.F.);
#10084 = EDGE_CURVE('',#10085,#10087,#10089,.T.);
#10085 = VERTEX_POINT('',#10086);
#10086 = CARTESIAN_POINT('',(-226.12,63.62,0.));
#10087 = VERTEX_POINT('',#10088);
#10088 = CARTESIAN_POINT('',(-226.12,63.62,102.8));
#10089 = SURFACE_CURVE('',#10090,(#10094,#10106),.PCURVE_S1.);
#10090 = LINE('',#10091,#10092);
#10091 = CARTESIAN_POINT('',(-226.12,63.62,0.));
#10092 = VECTOR('',#10093,1.);
#10093 = DIRECTION('',(0.,0.,1.));
#10094 = PCURVE('',#10095,#10100);
#10095 = PLANE('',#10096);
#10096 = AXIS2_PLACEMENT_3D('',#10097,#10098,#10099);
#10097 = CARTESIAN_POINT('',(-226.12,63.62,0.));
#10098 = DIRECTION('',(1.,0.,0.));
#10099 = DIRECTION('',(0.,0.,1.));
#10100 = DEFINITIONAL_REPRESENTATION('',(#10101),#10105);
#10101 = LINE('',#10102,#10103);
#10102 = CARTESIAN_POINT('',(0.,0.));
#10103 = VECTOR('',#10104,1.);
#10104 = DIRECTION('',(1.,0.));
#10105 = ( GEOMETRIC_REPRESENTATION_CONTEXT(2) 
PARAMETRIC_REPRESENTATION_CONTEXT() REPRESENTATION_CONTEXT('2D SPACE',''
  ) );
#10106 = PCURVE('',#10107,#10112);
#10107 = PLANE('',#10108);
#10108 = AXIS2_PLACEMENT_3D('',#10109,#10110,#10111);
#10109 = CARTESIAN_POINT('',(-226.12,63.62,0.));
#10110 = DIRECTION('',(0.,1.,0.));
#10111 = DIRECTION('',(0.,0.,1.));
#10112 = DEFINITIONAL_REPRESENTATION('',(#10113),#10117);
#10113 = LINE('',#10114,#10115);
#10114 = CARTESIAN_POINT('',(0.,0.));
#10115 = VECTOR('',#10116,1.);
#10116 = DIRECTION('',(1.,0.));
#10117 = ( GEOMETRIC_REPRESENTATION_CONTEXT(2) 
PARAMETRIC_REPRESENTATION_CONTEXT() REPRESENTATION_CONTEXT('2D SPACE',''
  ) );
#10118 = ORIENTED_EDGE('',*,*,#10119,.T.);
#10119 = EDGE_CURVE('',#10085,#10120,#10122,.T.);
#10120 = VERTEX_POINT('',#10121);
#10121 = CARTESIAN_POINT('',(-226.12,90.28,0.));
#10122 = SURFACE_CURVE('',#10123,(#10127,#10134),.PCURVE_S1.);
#10123 = LINE('',#10124,#10125);
#10124 = CARTESIAN_POINT('',(-226.12,63.62,0.));
#10125 = VECTOR('',#10126,1.);
#10126 = DIRECTION('',(0.,1.,0.));
#10127 = PCURVE('',#10095,#10128);
#10128 = DEFINITIONAL_REPRESENTATION('',(#10129),#10133);
#10129 = LINE('',#10130,#10131);
#10130 = CARTESIAN_POINT('',(0.,0.));
#10131 = VECTOR('',#10132,1.);
#10132 = DIRECTION('',(0.,-1.));
#10133 = ( GEOMETRIC_REPRESENTATION_CONTEXT(2) 
PARAMETRIC_REPRESENTATION_CONTEXT() REPRESENTATION_CONTEXT('2D SPACE',''
  ) );
#10134 = PCURVE('',#10135,#10140);
#10135 = PLANE('',#10136);
#10136 = AXIS2_PLACEMENT_3D('',#10137,#10138,#10139);
#10137 = CARTESIAN_POINT('',(-226.12,63.62,0.));
#10138 = DIRECTION('',(0.,0.,1.));
#10139 = DIRECTION('',(1.,0.,0.));
#10140 = DEFINITIONAL_REPRESENTATION('',(#10141),#10145);
#10141 = LINE('',#10142,#10143);
#10142 = CARTESIAN_POINT('',(0.,0.));
#10143 = VECTOR('',#10144,1.);
#10144 = DIRECTION('',(0.,1.));
#10145 = ( GEOMETRIC_REPRESENTATION_CONTEXT(2) 
PARAMETRIC_REPRESENTATION_CONTEXT() REPRESENTATION_CONTEXT('2D SPACE',''
  ) );
#10146 = ORIENTED_EDGE('',*,*,#10147,.T.);
#10147 = EDGE_CURVE('',#10120,#10148,#10150,.T.);
#10148 = VERTEX_POINT('',#10149);
#10149 = CARTESIAN_POINT('',(-226.12,90.28,102.8));
#10150 = SURFACE_CURVE('',#10151,(#10155,#10162),.PCURVE_S1.);
#10151 = LINE('',#10152,#10153);
#10152 = CARTESIAN_POINT('',(-226.12,90.28,0.));
#10153 = VECTOR('',#10154,1.);
#10154 = DIRECTION('',(0.,0.,1.));
#10155 = PCURVE('',#10095,#10156);
#10156 = DEFINITIONAL_REPRESENTATION('',(#10157),#10161);
#10157 = LINE('',#10158,#10159);
#10158 = CARTESIAN_POINT('',(0.,-26.66));
#10159 = VECTOR('',#10160,1.);
#10160 = DIRECTION('',(1.,0.));
#10161 = ( GEOMETRIC_REPRESENTATION_CONTEXT(2) 
PARAMETRIC_REPRESENTATION_CONTEXT() REPRESENTATION_CONTEXT('2D SPACE',''
  ) );
#10162 = PCURVE('',#10163,#10168);
#10163 = PLANE('',#10164);
#10164 = AXIS2_PLACEMENT_3D('',#10165,#10166,#10167);
#10165 = CARTESIAN_POINT('',(-226.12,90.28,0.));
#10166 = DIRECTION('',(0.,1.,0.));
#10167 = DIRECTION('',(0.,0.,1.));
#10168 = DEFINITIONAL_REPRESENTATION('',(#10169),#10173);
#10169 = LINE('',#10170,#10171);
#10170 = CARTESIAN_POINT('',(0.,0.));
#10171 = VECTOR('',#10172,1.);
#10172 = DIRECTION('',(1.,0.));
#10173 = ( GEOMETRIC_REPRESENTATION_CONTEXT(2) 
PARAMETRIC_REPRESENTATION_CONTEXT() REPRESENTATION_CONTEXT('2D SPACE',''
  ) );
#10174 = ORIENTED_EDGE('',*,*,#10175,.F.);
#10175 = EDGE_CURVE('',#10087,#10148,#10176,.T.);
#10176 = SURFACE_CURVE('',#10177,(#10181,#10188),.PCURVE_S1.);
#10177 = LINE('',#10178,#10179);
#10178 = CARTESIAN_POINT('',(-226.12,63.62,102.8));
#10179 = VECTOR('',#10180,1.);
#10180 = DIRECTION('',(0.,1.,0.));
#10181 = PCURVE('',#10095,#10182);
#10182 = DEFINITIONAL_REPRESENTATION('',(#10183),#10187);
#10183 = LINE('',#10184,#10185);
#10184 = CARTESIAN_POINT('',(102.8,0.));
#10185 = VECTOR('',#10186,1.);
#10186 = DIRECTION('',(0.,-1.));
#10187 = ( GEOMETRIC_REPRESENTATION_CONTEXT(2) 
PARAMETRIC_REPRESENTATION_CONTEXT() REPRESENTATION_CONTEXT('2D SPACE',''
  ) );
#10188 = PCURVE('',#10189,#10194);
#10189 = PLANE('',#10190);
#10190 = AXIS2_PLACEMENT_3D('',#10191,#10192,#10193);
#10191 = CARTESIAN_POINT('',(-226.12,63.62,102.8));
#10192 = DIRECTION('',(0.,0.,1.));
#10193 = DIRECTION('',(1.,0.,0.));
#10194 = DEFINITIONAL_REPRESENTATION('',(#10195),#10199);
#10195 = LINE('',#10196,#10197);
#10196 = CARTESIAN_POINT('',(0.,0.));
#10197 = VECTOR('',#10198,1.);
#10198 = DIRECTION('',(0.,1.));
#10199 = ( GEOMETRIC_REPRESENTATION_CONTEXT(2) 
PARAMETRIC_REPRESENTATION_CONTEXT() REPRESENTATION_CONTEXT('2D SPACE',''
  ) );
#10200 = ADVANCED_FACE('',(#10201),#10107,.F.);
#10201 = FACE_BOUND('',#10202,.F.);
#10202 = EDGE_LOOP('',(#10203,#10226,#10227,#10250));
#10203 = ORIENTED_EDGE('',*,*,#10204,.F.);
#10204 = EDGE_CURVE('',#10085,#10205,#10207,.T.);
#10205 = VERTEX_POINT('',#10206);
#10206 = CARTESIAN_POINT('',(-77.88,63.62,0.));
#10207 = SURFACE_CURVE('',#10208,(#10212,#10219),.PCURVE_S1.);
#10208 = LINE('',#10209,#10210);
#10209 = CARTESIAN_POINT('',(-226.12,63.62,0.));
#10210 = VECTOR('',#10211,1.);
#10211 = DIRECTION('',(1.,0.,0.));
#10212 = PCURVE('',#10107,#10213);
#10213 = DEFINITIONAL_REPRESENTATION('',(#10214),#10218);
#10214 = LINE('',#10215,#10216);
#10215 = CARTESIAN_POINT('',(0.,0.));
#10216 = VECTOR('',#10217,1.);
#10217 = DIRECTION('',(0.,1.));
#10218 = ( GEOMETRIC_REPRESENTATION_CONTEXT(2) 
PARAMETRIC_REPRESENTATION_CONTEXT() REPRESENTATION_CONTEXT('2D SPACE',''
  ) );
#10219 = PCURVE('',#10135,#10220);
#10220 = DEFINITIONAL_REPRESENTATION('',(#10221),#10225);
#10221 = LINE('',#10222,#10223);
#10222 = CARTESIAN_POINT('',(0.,0.));
#10223 = VECTOR('',#10224,1.);
#10224 = DIRECTION('',(1.,0.));
#10225 = ( GEOMETRIC_REPRESENTATION_CONTEXT(2) 
PARAMETRIC_REPRESENTATION_CONTEXT() REPRESENTATION_CONTEXT('2D SPACE',''
  ) );
#10226 = ORIENTED_EDGE('',*,*,#10084,.T.);
#10227 = ORIENTED_EDGE('',*,*,#10228,.T.);
#10228 = EDGE_CURVE('',#10087,#10229,#10231,.T.);
#10229 = VERTEX_POINT('',#10230);
#10230 = CARTESIAN_POINT('',(-77.88,63.62,102.8));
#10231 = SURFACE_CURVE('',#10232,(#10236,#10243),.PCURVE_S1.);
#10232 = LINE('',#10233,#10234);
#10233 = CARTESIAN_POINT('',(-226.12,63.62,102.8));
#10234 = VECTOR('',#10235,1.);
#10235 = DIRECTION('',(1.,0.,0.));
#10236 = PCURVE('',#10107,#10237);
#10237 = DEFINITIONAL_REPRESENTATION('',(#10238),#10242);
#10238 = LINE('',#10239,#10240);
#10239 = CARTESIAN_POINT('',(102.8,0.));
#10240 = VECTOR('',#10241,1.);
#10241 = DIRECTION('',(0.,1.));
#10242 = ( GEOMETRIC_REPRESENTATION_CONTEXT(2) 
PARAMETRIC_REPRESENTATION_CONTEXT() REPRESENTATION_CONTEXT('2D SPACE',''
  ) );
#10243 = PCURVE('',#10189,#10244);
#10244 = DEFINITIONAL_REPRESENTATION('',(#10245),#10249);
#10245 = LINE('',#10246,#10247);
#10246 = CARTESIAN_POINT('',(0.,0.));
#10247 = VECTOR('',#10248,1.);
#10248 = DIRECTION('',(1.,0.));
#10249 = ( GEOMETRIC_REPRESENTATION_CONTEXT(2) 
PARAMETRIC_REPRESENTATION_CONTEXT() REPRESENTATION_CONTEXT('2D SPACE',''
  ) );
#10250 = ORIENTED_EDGE('',*,*,#10251,.F.);
#10251 = EDGE_CURVE('',#10205,#10229,#10252,.T.);
#10252 = SURFACE_CURVE('',#10253,(#10257,#10264),.PCURVE_S1.);
#10253 = LINE('',#10254,#10255);
#10254 = CARTESIAN_POINT('',(-77.88,63.62,0.));
#10255 = VECTOR('',#10256,1.);
#10256 = DIRECTION('',(0.,0.,1.));
#10257 = PCURVE('',#10107,#10258);
#10258 = DEFINITIONAL_REPRESENTATION('',(#10259),#10263);
#10259 = LINE('',#10260,#10261);
#10260 = CARTESIAN_POINT('',(0.,148.24));
#10261 = VECTOR('',#10262,1.);
#10262 = DIRECTION('',(1.,0.));
#10263 = ( GEOMETRIC_REPRESENTATION_CONTEXT(2) 
PARAMETRIC_REPRESENTATION_CONTEXT() REPRESENTATION_CONTEXT('2D SPACE',''
  ) );
#10264 = PCURVE('',#10265,#10270);
#10265 = PLANE('',#10266);
#10266 = AXIS2_PLACEMENT_3D('',#10267,#10268,#10269);
#10267 = CARTESIAN_POINT('',(-77.88,63.62,0.));
#10268 = DIRECTION('',(1.,0.,0.));
#10269 = DIRECTION('',(0.,0.,1.));
#10270 = DEFINITIONAL_REPRESENTATION('',(#10271),#10275);
#10271 = LINE('',#10272,#10273);
#10272 = CARTESIAN_POINT('',(0.,0.));
#10273 = VECTOR('',#10274,1.);
#10274 = DIRECTION('',(1.,0.));
#10275 = ( GEOMETRIC_REPRESENTATION_CONTEXT(2) 
PARAMETRIC_REPRESENTATION_CONTEXT() REPRESENTATION_CONTEXT('2D SPACE',''
  ) );
#10276 = ADVANCED_FACE('',(#10277,#10325,#10356),#10189,.T.);
#10277 = FACE_BOUND('',#10278,.T.);
#10278 = EDGE_LOOP('',(#10279,#10280,#10281,#10304));
#10279 = ORIENTED_EDGE('',*,*,#10175,.F.);
#10280 = ORIENTED_EDGE('',*,*,#10228,.T.);
#10281 = ORIENTED_EDGE('',*,*,#10282,.T.);
#10282 = EDGE_CURVE('',#10229,#10283,#10285,.T.);
#10283 = VERTEX_POINT('',#10284);
#10284 = CARTESIAN_POINT('',(-77.88,90.28,102.8));
#10285 = SURFACE_CURVE('',#10286,(#10290,#10297),.PCURVE_S1.);
#10286 = LINE('',#10287,#10288);
#10287 = CARTESIAN_POINT('',(-77.88,63.62,102.8));
#10288 = VECTOR('',#10289,1.);
#10289 = DIRECTION('',(0.,1.,0.));
#10290 = PCURVE('',#10189,#10291);
#10291 = DEFINITIONAL_REPRESENTATION('',(#10292),#10296);
#10292 = LINE('',#10293,#10294);
#10293 = CARTESIAN_POINT('',(148.24,0.));
#10294 = VECTOR('',#10295,1.);
#10295 = DIRECTION('',(0.,1.));
#10296 = ( GEOMETRIC_REPRESENTATION_CONTEXT(2) 
PARAMETRIC_REPRESENTATION_CONTEXT() REPRESENTATION_CONTEXT('2D SPACE',''
  ) );
#10297 = PCURVE('',#10265,#10298);
#10298 = DEFINITIONAL_REPRESENTATION('',(#10299),#10303);
#10299 = LINE('',#10300,#10301);
#10300 = CARTESIAN_POINT('',(102.8,0.));
#10301 = VECTOR('',#10302,1.);
#10302 = DIRECTION('',(0.,-1.));
#10303 = ( GEOMETRIC_REPRESENTATION_CONTEXT(2) 
PARAMETRIC_REPRESENTATION_CONTEXT() REPRESENTATION_CONTEXT('2D SPACE',''
  ) );
#10304 = ORIENTED_EDGE('',*,*,#10305,.F.);
#10305 = EDGE_CURVE('',#10148,#10283,#10306,.T.);
#10306 = SURFACE_CURVE('',#10307,(#10311,#10318),.PCURVE_S1.);
#10307 = LINE('',#10308,#10309);
#10308 = CARTESIAN_POINT('',(-226.12,90.28,102.8));
#10309 = VECTOR('',#10310,1.);
#10310 = DIRECTION('',(1.,0.,0.));
#10311 = PCURVE('',#10189,#10312);
#10312 = DEFINITIONAL_REPRESENTATION('',(#10313),#10317);
#10313 = LINE('',#10314,#10315);
#10314 = CARTESIAN_POINT('',(0.,26.66));
#10315 = VECTOR('',#10316,1.);
#10316 = DIRECTION('',(1.,0.));
#10317 = ( GEOMETRIC_REPRESENTATION_CONTEXT(2) 
PARAMETRIC_REPRESENTATION_CONTEXT() REPRESENTATION_CONTEXT('2D SPACE',''
  ) );
#10318 = PCURVE('',#10163,#10319);
#10319 = DEFINITIONAL_REPRESENTATION('',(#10320),#10324);
#10320 = LINE('',#10321,#10322);
#10321 = CARTESIAN_POINT('',(102.8,0.));
#10322 = VECTOR('',#10323,1.);
#10323 = DIRECTION('',(0.,1.));
#10324 = ( GEOMETRIC_REPRESENTATION_CONTEXT(2) 
PARAMETRIC_REPRESENTATION_CONTEXT() REPRESENTATION_CONTEXT('2D SPACE',''
  ) );
#10325 = FACE_BOUND('',#10326,.T.);
#10326 = EDGE_LOOP('',(#10327));
#10327 = ORIENTED_EDGE('',*,*,#10328,.F.);
#10328 = EDGE_CURVE('',#10329,#10329,#10331,.T.);
#10329 = VERTEX_POINT('',#10330);
#10330 = CARTESIAN_POINT('',(-91.26,76.95,102.8));
#10331 = SURFACE_CURVE('',#10332,(#10337,#10344),.PCURVE_S1.);
#10332 = CIRCLE('',#10333,5.44);
#10333 = AXIS2_PLACEMENT_3D('',#10334,#10335,#10336);
#10334 = CARTESIAN_POINT('',(-96.7,76.95,102.8));
#10335 = DIRECTION('',(0.,0.,1.));
#10336 = DIRECTION('',(1.,0.,0.));
#10337 = PCURVE('',#10189,#10338);
#10338 = DEFINITIONAL_REPRESENTATION('',(#10339),#10343);
#10339 = CIRCLE('',#10340,5.44);
#10340 = AXIS2_PLACEMENT_2D('',#10341,#10342);
#10341 = CARTESIAN_POINT('',(129.42,13.33));
#10342 = DIRECTION('',(1.,0.));
#10343 = ( GEOMETRIC_REPRESENTATION_CONTEXT(2) 
PARAMETRIC_REPRESENTATION_CONTEXT() REPRESENTATION_CONTEXT('2D SPACE',''
  ) );
#10344 = PCURVE('',#10345,#10350);
#10345 = CYLINDRICAL_SURFACE('',#10346,5.44);
#10346 = AXIS2_PLACEMENT_3D('',#10347,#10348,#10349);
#10347 = CARTESIAN_POINT('',(-96.7,76.95,102.8));
#10348 = DIRECTION('',(0.,0.,1.));
#10349 = DIRECTION('',(1.,0.,0.));
#10350 = DEFINITIONAL_REPRESENTATION('',(#10351),#10355);
#10351 = LINE('',#10352,#10353);
#10352 = CARTESIAN_POINT('',(0.,0.));
#10353 = VECTOR('',#10354,1.);
#10354 = DIRECTION('',(1.,0.));
#10355 = ( GEOMETRIC_REPRESENTATION_CONTEXT(2) 
PARAMETRIC_REPRESENTATION_CONTEXT() REPRESENTATION_CONTEXT('2D SPACE',''
  ) );
#10356 = FACE_BOUND('',#10357,.T.);
#10357 = EDGE_LOOP('',(#10358));
#10358 = ORIENTED_EDGE('',*,*,#10359,.F.);
#10359 = EDGE_CURVE('',#10360,#10360,#10362,.T.);
#10360 = VERTEX_POINT('',#10361);
#10361 = CARTESIAN_POINT('',(-201.86,76.95,102.8));
#10362 = SURFACE_CURVE('',#10363,(#10368,#10375),.PCURVE_S1.);
#10363 = CIRCLE('',#10364,5.44);
#10364 = AXIS2_PLACEMENT_3D('',#10365,#10366,#10367);
#10365 = CARTESIAN_POINT('',(-207.3,76.95,102.8));
#10366 = DIRECTION('',(0.,0.,1.));
#10367 = DIRECTION('',(1.,0.,0.));
#10368 = PCURVE('',#10189,#10369);
#10369 = DEFINITIONAL_REPRESENTATION('',(#10370),#10374);
#10370 = CIRCLE('',#10371,5.44);
#10371 = AXIS2_PLACEMENT_2D('',#10372,#10373);
#10372 = CARTESIAN_POINT('',(18.82,13.33));
#10373 = DIRECTION('',(1.,0.));
#10374 = ( GEOMETRIC_REPRESENTATION_CONTEXT(2) 
PARAMETRIC_REPRESENTATION_CONTEXT() REPRESENTATION_CONTEXT('2D SPACE',''
  ) );
#10375 = PCURVE('',#10376,#10381);
#10376 = CYLINDRICAL_SURFACE('',#10377,5.44);
#10377 = AXIS2_PLACEMENT_3D('',#10378,#10379,#10380);
#10378 = CARTESIAN_POINT('',(-207.3,76.95,102.8));
#10379 = DIRECTION('',(0.,0.,1.));
#10380 = DIRECTION('',(1.,0.,0.));
#10381 = DEFINITIONAL_REPRESENTATION('',(#10382),#10386);
#10382 = LINE('',#10383,#10384);
#10383 = CARTESIAN_POINT('',(0.,0.));
#10384 = VECTOR('',#10385,1.);
#10385 = DIRECTION('',(1.,0.));
#10386 = ( GEOMETRIC_REPRESENTATION_CONTEXT(2) 
PARAMETRIC_REPRESENTATION_CONTEXT() REPRESENTATION_CONTEXT('2D SPACE',''
  ) );
#10387 = ADVANCED_FACE('',(#10388),#10163,.T.);
#10388 = FACE_BOUND('',#10389,.T.);
#10389 = EDGE_LOOP('',(#10390,#10413,#10414,#10415));
#10390 = ORIENTED_EDGE('',*,*,#10391,.F.);
#10391 = EDGE_CURVE('',#10120,#10392,#10394,.T.);
#10392 = VERTEX_POINT('',#10393);
#10393 = CARTESIAN_POINT('',(-77.88,90.28,0.));
#10394 = SURFACE_CURVE('',#10395,(#10399,#10406),.PCURVE_S1.);
#10395 = LINE('',#10396,#10397);
#10396 = CARTESIAN_POINT('',(-226.12,90.28,0.));
#10397 = VECTOR('',#10398,1.);
#10398 = DIRECTION('',(1.,0.,0.));
#10399 = PCURVE('',#10163,#10400);
#10400 = DEFINITIONAL_REPRESENTATION('',(#10401),#10405);
#10401 = LINE('',#10402,#10403);
#10402 = CARTESIAN_POINT('',(0.,0.));
#10403 = VECTOR('',#10404,1.);
#10404 = DIRECTION('',(0.,1.));
#10405 = ( GEOMETRIC_REPRESENTATION_CONTEXT(2) 
PARAMETRIC_REPRESENTATION_CONTEXT() REPRESENTATION_CONTEXT('2D SPACE',''
  ) );
#10406 = PCURVE('',#10135,#10407);
#10407 = DEFINITIONAL_REPRESENTATION('',(#10408),#10412);
#10408 = LINE('',#10409,#10410);
#10409 = CARTESIAN_POINT('',(0.,26.66));
#10410 = VECTOR('',#10411,1.);
#10411 = DIRECTION('',(1.,0.));
#10412 = ( GEOMETRIC_REPRESENTATION_CONTEXT(2) 
PARAMETRIC_REPRESENTATION_CONTEXT() REPRESENTATION_CONTEXT('2D SPACE',''
  ) );
#10413 = ORIENTED_EDGE('',*,*,#10147,.T.);
#10414 = ORIENTED_EDGE('',*,*,#10305,.T.);
#10415 = ORIENTED_EDGE('',*,*,#10416,.F.);
#10416 = EDGE_CURVE('',#10392,#10283,#10417,.T.);
#10417 = SURFACE_CURVE('',#10418,(#10422,#10429),.PCURVE_S1.);
#10418 = LINE('',#10419,#10420);
#10419 = CARTESIAN_POINT('',(-77.88,90.28,0.));
#10420 = VECTOR('',#10421,1.);
#10421 = DIRECTION('',(0.,0.,1.));
#10422 = PCURVE('',#10163,#10423);
#10423 = DEFINITIONAL_REPRESENTATION('',(#10424),#10428);
#10424 = LINE('',#10425,#10426);
#10425 = CARTESIAN_POINT('',(0.,148.24));
#10426 = VECTOR('',#10427,1.);
#10427 = DIRECTION('',(1.,0.));
#10428 = ( GEOMETRIC_REPRESENTATION_CONTEXT(2) 
PARAMETRIC_REPRESENTATION_CONTEXT() REPRESENTATION_CONTEXT('2D SPACE',''
  ) );
#10429 = PCURVE('',#10265,#10430);
#10430 = DEFINITIONAL_REPRESENTATION('',(#10431),#10435);
#10431 = LINE('',#10432,#10433);
#10432 = CARTESIAN_POINT('',(0.,-26.66));
#10433 = VECTOR('',#10434,1.);
#10434 = DIRECTION('',(1.,0.));
#10435 = ( GEOMETRIC_REPRESENTATION_CONTEXT(2) 
PARAMETRIC_REPRESENTATION_CONTEXT() REPRESENTATION_CONTEXT('2D SPACE',''
  ) );
#10436 = ADVANCED_FACE('',(#10437),#10135,.F.);
#10437 = FACE_BOUND('',#10438,.F.);
#10438 = EDGE_LOOP('',(#10439,#10440,#10441,#10462));
#10439 = ORIENTED_EDGE('',*,*,#10119,.F.);
#10440 = ORIENTED_EDGE('',*,*,#10204,.T.);
#10441 = ORIENTED_EDGE('',*,*,#10442,.T.);
#10442 = EDGE_CURVE('',#10205,#10392,#10443,.T.);
#10443 = SURFACE_CURVE('',#10444,(#10448,#10455),.PCURVE_S1.);
#10444 = LINE('',#10445,#10446);
#10445 = CARTESIAN_POINT('',(-77.88,63.62,0.));
#10446 = VECTOR('',#10447,1.);
#10447 = DIRECTION('',(0.,1.,0.));
#10448 = PCURVE('',#10135,#10449);
#10449 = DEFINITIONAL_REPRESENTATION('',(#10450),#10454);
#10450 = LINE('',#10451,#10452);
#10451 = CARTESIAN_POINT('',(148.24,0.));
#10452 = VECTOR('',#10453,1.);
#10453 = DIRECTION('',(0.,1.));
#10454 = ( GEOMETRIC_REPRESENTATION_CONTEXT(2) 
PARAMETRIC_REPRESENTATION_CONTEXT() REPRESENTATION_CONTEXT('2D SPACE',''
  ) );
#10455 = PCURVE('',#10265,#10456);
#10456 = DEFINITIONAL_REPRESENTATION('',(#10457),#10461);
#10457 = LINE('',#10458,#10459);
#10458 = CARTESIAN_POINT('',(0.,0.));
#10459 = VECTOR('',#10460,1.);
#10460 = DIRECTION('',(0.,-1.));
#10461 = ( GEOMETRIC_REPRESENTATION_CONTEXT(2) 
PARAMETRIC_REPRESENTATION_CONTEXT() REPRESENTATION_CONTEXT('2D SPACE',''
  ) );
#10462 = ORIENTED_EDGE('',*,*,#10391,.F.);
#10463 = ADVANCED_FACE('',(#10464),#10265,.T.);
#10464 = FACE_BOUND('',#10465,.T.);
#10465 = EDGE_LOOP('',(#10466,#10467,#10468,#10469));
#10466 = ORIENTED_EDGE('',*,*,#10251,.F.);
#10467 = ORIENTED_EDGE('',*,*,#10442,.T.);
#10468 = ORIENTED_EDGE('',*,*,#10416,.T.);
#10469 = ORIENTED_EDGE('',*,*,#10282,.F.);
#10470 = ADVANCED_FACE('',(#10471),#10345,.T.);
#10471 = FACE_BOUND('',#10472,.T.);
#10472 = EDGE_LOOP('',(#10473,#10502,#10523,#10524));
#10473 = ORIENTED_EDGE('',*,*,#10474,.F.);
#10474 = EDGE_CURVE('',#10475,#10475,#10477,.T.);
#10475 = VERTEX_POINT('',#10476);
#10476 = CARTESIAN_POINT('',(-91.26,76.95,105.9));
#10477 = SURFACE_CURVE('',#10478,(#10483,#10490),.PCURVE_S1.);
#10478 = CIRCLE('',#10479,5.44);
#10479 = AXIS2_PLACEMENT_3D('',#10480,#10481,#10482);
#10480 = CARTESIAN_POINT('',(-96.7,76.95,105.9));
#10481 = DIRECTION('',(0.,0.,1.));
#10482 = DIRECTION('',(1.,0.,0.));
#10483 = PCURVE('',#10345,#10484);
#10484 = DEFINITIONAL_REPRESENTATION('',(#10485),#10489);
#10485 = LINE('',#10486,#10487);
#10486 = CARTESIAN_POINT('',(0.,3.1));
#10487 = VECTOR('',#10488,1.);
#10488 = DIRECTION('',(1.,0.));
#10489 = ( GEOMETRIC_REPRESENTATION_CONTEXT(2) 
PARAMETRIC_REPRESENTATION_CONTEXT() REPRESENTATION_CONTEXT('2D SPACE',''
  ) );
#10490 = PCURVE('',#10491,#10496);
#10491 = PLANE('',#10492);
#10492 = AXIS2_PLACEMENT_3D('',#10493,#10494,#10495);
#10493 = CARTESIAN_POINT('',(-96.7,76.95,105.9));
#10494 = DIRECTION('',(0.,0.,1.));
#10495 = DIRECTION('',(1.,0.,0.));
#10496 = DEFINITIONAL_REPRESENTATION('',(#10497),#10501);
#10497 = CIRCLE('',#10498,5.44);
#10498 = AXIS2_PLACEMENT_2D('',#10499,#10500);
#10499 = CARTESIAN_POINT('',(0.,0.));
#10500 = DIRECTION('',(1.,0.));
#10501 = ( GEOMETRIC_REPRESENTATION_CONTEXT(2) 
PARAMETRIC_REPRESENTATION_CONTEXT() REPRESENTATION_CONTEXT('2D SPACE',''
  ) );
#10502 = ORIENTED_EDGE('',*,*,#10503,.F.);
#10503 = EDGE_CURVE('',#10329,#10475,#10504,.T.);
#10504 = SEAM_CURVE('',#10505,(#10509,#10516),.PCURVE_S1.);
#10505 = LINE('',#10506,#10507);
#10506 = CARTESIAN_POINT('',(-91.26,76.95,102.8));
#10507 = VECTOR('',#10508,1.);
#10508 = DIRECTION('',(0.,0.,1.));
#10509 = PCURVE('',#10345,#10510);
#10510 = DEFINITIONAL_REPRESENTATION('',(#10511),#10515);
#10511 = LINE('',#10512,#10513);
#10512 = CARTESIAN_POINT('',(6.28318530718,-0.));
#10513 = VECTOR('',#10514,1.);
#10514 = DIRECTION('',(0.,1.));
#10515 = ( GEOMETRIC_REPRESENTATION_CONTEXT(2) 
PARAMETRIC_REPRESENTATION_CONTEXT() REPRESENTATION_CONTEXT('2D SPACE',''
  ) );
#10516 = PCURVE('',#10345,#10517);
#10517 = DEFINITIONAL_REPRESENTATION('',(#10518),#10522);
#10518 = LINE('',#10519,#10520);
#10519 = CARTESIAN_POINT('',(0.,-0.));
#10520 = VECTOR('',#10521,1.);
#10521 = DIRECTION('',(0.,1.));
#10522 = ( GEOMETRIC_REPRESENTATION_CONTEXT(2) 
PARAMETRIC_REPRESENTATION_CONTEXT() REPRESENTATION_CONTEXT('2D SPACE',''
  ) );
#10523 = ORIENTED_EDGE('',*,*,#10328,.T.);
#10524 = ORIENTED_EDGE('',*,*,#10503,.T.);
#10525 = ADVANCED_FACE('',(#10526),#10376,.T.);
#10526 = FACE_BOUND('',#10527,.T.);
#10527 = EDGE_LOOP('',(#10528,#10557,#10578,#10579));
#10528 = ORIENTED_EDGE('',*,*,#10529,.F.);
#10529 = EDGE_CURVE('',#10530,#10530,#10532,.T.);
#10530 = VERTEX_POINT('',#10531);
#10531 = CARTESIAN_POINT('',(-201.86,76.95,105.9));
#10532 = SURFACE_CURVE('',#10533,(#10538,#10545),.PCURVE_S1.);
#10533 = CIRCLE('',#10534,5.44);
#10534 = AXIS2_PLACEMENT_3D('',#10535,#10536,#10537);
#10535 = CARTESIAN_POINT('',(-207.3,76.95,105.9));
#10536 = DIRECTION('',(0.,0.,1.));
#10537 = DIRECTION('',(1.,0.,0.));
#10538 = PCURVE('',#10376,#10539);
#10539 = DEFINITIONAL_REPRESENTATION('',(#10540),#10544);
#10540 = LINE('',#10541,#10542);
#10541 = CARTESIAN_POINT('',(0.,3.1));
#10542 = VECTOR('',#10543,1.);
#10543 = DIRECTION('',(1.,0.));
#10544 = ( GEOMETRIC_REPRESENTATION_CONTEXT(2) 
PARAMETRIC_REPRESENTATION_CONTEXT() REPRESENTATION_CONTEXT('2D SPACE',''
  ) );
#10545 = PCURVE('',#10546,#10551);
#10546 = PLANE('',#10547);
#10547 = AXIS2_PLACEMENT_3D('',#10548,#10549,#10550);
#10548 = CARTESIAN_POINT('',(-207.3,76.95,105.9));
#10549 = DIRECTION('',(0.,0.,1.));
#10550 = DIRECTION('',(1.,0.,0.));
#10551 = DEFINITIONAL_REPRESENTATION('',(#10552),#10556);
#10552 = CIRCLE('',#10553,5.44);
#10553 = AXIS2_PLACEMENT_2D('',#10554,#10555);
#10554 = CARTESIAN_POINT('',(0.,0.));
#10555 = DIRECTION('',(1.,0.));
#10556 = ( GEOMETRIC_REPRESENTATION_CONTEXT(2) 
PARAMETRIC_REPRESENTATION_CONTEXT() REPRESENTATION_CONTEXT('2D SPACE',''
  ) );
#10557 = ORIENTED_EDGE('',*,*,#10558,.F.);
#10558 = EDGE_CURVE('',#10360,#10530,#10559,.T.);
#10559 = SEAM_CURVE('',#10560,(#10564,#10571),.PCURVE_S1.);
#10560 = LINE('',#10561,#10562);
#10561 = CARTESIAN_POINT('',(-201.86,76.95,102.8));
#10562 = VECTOR('',#10563,1.);
#10563 = DIRECTION('',(0.,0.,1.));
#10564 = PCURVE('',#10376,#10565);
#10565 = DEFINITIONAL_REPRESENTATION('',(#10566),#10570);
#10566 = LINE('',#10567,#10568);
#10567 = CARTESIAN_POINT('',(6.28318530718,-0.));
#10568 = VECTOR('',#10569,1.);
#10569 = DIRECTION('',(0.,1.));
#10570 = ( GEOMETRIC_REPRESENTATION_CONTEXT(2) 
PARAMETRIC_REPRESENTATION_CONTEXT() REPRESENTATION_CONTEXT('2D SPACE',''
  ) );
#10571 = PCURVE('',#10376,#10572);
#10572 = DEFINITIONAL_REPRESENTATION('',(#10573),#10577);
#10573 = LINE('',#10574,#10575);
#10574 = CARTESIAN_POINT('',(0.,-0.));
#10575 = VECTOR('',#10576,1.);
#10576 = DIRECTION('',(0.,1.));
#10577 = ( GEOMETRIC_REPRESENTATION_CONTEXT(2) 
PARAMETRIC_REPRESENTATION_CONTEXT() REPRESENTATION_CONTEXT('2D SPACE',''
  ) );
#10578 = ORIENTED_EDGE('',*,*,#10359,.T.);
#10579 = ORIENTED_EDGE('',*,*,#10558,.T.);
#10580 = ADVANCED_FACE('',(#10581),#10491,.T.);
#10581 = FACE_BOUND('',#10582,.T.);
#10582 = EDGE_LOOP('',(#10583));
#10583 = ORIENTED_EDGE('',*,*,#10474,.T.);
#10584 = ADVANCED_FACE('',(#10585),#10546,.T.);
#10585 = FACE_BOUND('',#10586,.T.);
#10586 = EDGE_LOOP('',(#10587));
#10587 = ORIENTED_EDGE('',*,*,#10529,.T.);
#10588 = MANIFOLD_SOLID_BREP('',#10589);
#10589 = CLOSED_SHELL('',(#10590,#10710,#10786,#10897,#10946,#10973,
    #10980,#11035,#11090,#11094));
#10590 = ADVANCED_FACE('',(#10591),#10605,.F.);
#10591 = FACE_BOUND('',#10592,.F.);
#10592 = EDGE_LOOP('',(#10593,#10628,#10656,#10684));
#10593 = ORIENTED_EDGE('',*,*,#10594,.F.);
#10594 = EDGE_CURVE('',#10595,#10597,#10599,.T.);
#10595 = VERTEX_POINT('',#10596);
#10596 = CARTESIAN_POINT('',(-77.88,119.94,0.));
#10597 = VERTEX_POINT('',#10598);
#10598 = CARTESIAN_POINT('',(-77.88,119.94,102.8));
#10599 = SURFACE_CURVE('',#10600,(#10604,#10616),.PCURVE_S1.);
#10600 = LINE('',#10601,#10602);
#10601 = CARTESIAN_POINT('',(-77.88,119.94,0.));
#10602 = VECTOR('',#10603,1.);
#10603 = DIRECTION('',(0.,0.,1.));
#10604 = PCURVE('',#10605,#10610);
#10605 = PLANE('',#10606);
#10606 = AXIS2_PLACEMENT_3D('',#10607,#10608,#10609);
#10607 = CARTESIAN_POINT('',(-77.88,119.94,0.));
#10608 = DIRECTION('',(-1.,1.224646799147E-16,0.));
#10609 = DIRECTION('',(0.,0.,1.));
#10610 = DEFINITIONAL_REPRESENTATION('',(#10611),#10615);
#10611 = LINE('',#10612,#10613);
#10612 = CARTESIAN_POINT('',(0.,0.));
#10613 = VECTOR('',#10614,1.);
#10614 = DIRECTION('',(1.,0.));
#10615 = ( GEOMETRIC_REPRESENTATION_CONTEXT(2) 
PARAMETRIC_REPRESENTATION_CONTEXT() REPRESENTATION_CONTEXT('2D SPACE',''
  ) );
#10616 = PCURVE('',#10617,#10622);
#10617 = PLANE('',#10618);
#10618 = AXIS2_PLACEMENT_3D('',#10619,#10620,#10621);
#10619 = CARTESIAN_POINT('',(-77.88,119.94,0.));
#10620 = DIRECTION('',(-1.224646799147E-16,-1.,0.));
#10621 = DIRECTION('',(0.,0.,1.));
#10622 = DEFINITIONAL_REPRESENTATION('',(#10623),#10627);
#10623 = LINE('',#10624,#10625);
#10624 = CARTESIAN_POINT('',(0.,0.));
#10625 = VECTOR('',#10626,1.);
#10626 = DIRECTION('',(1.,0.));
#10627 = ( GEOMETRIC_REPRESENTATION_CONTEXT(2) 
PARAMETRIC_REPRESENTATION_CONTEXT() REPRESENTATION_CONTEXT('2D SPACE',''
  ) );
#10628 = ORIENTED_EDGE('',*,*,#10629,.T.);
#10629 = EDGE_CURVE('',#10595,#10630,#10632,.T.);
#10630 = VERTEX_POINT('',#10631);
#10631 = CARTESIAN_POINT('',(-77.88,93.28,0.));
#10632 = SURFACE_CURVE('',#10633,(#10637,#10644),.PCURVE_S1.);
#10633 = LINE('',#10634,#10635);
#10634 = CARTESIAN_POINT('',(-77.88,119.94,0.));
#10635 = VECTOR('',#10636,1.);
#10636 = DIRECTION('',(-1.224646799147E-16,-1.,0.));
#10637 = PCURVE('',#10605,#10638);
#10638 = DEFINITIONAL_REPRESENTATION('',(#10639),#10643);
#10639 = LINE('',#10640,#10641);
#10640 = CARTESIAN_POINT('',(0.,0.));
#10641 = VECTOR('',#10642,1.);
#10642 = DIRECTION('',(0.,-1.));
#10643 = ( GEOMETRIC_REPRESENTATION_CONTEXT(2) 
PARAMETRIC_REPRESENTATION_CONTEXT() REPRESENTATION_CONTEXT('2D SPACE',''
  ) );
#10644 = PCURVE('',#10645,#10650);
#10645 = PLANE('',#10646);
#10646 = AXIS2_PLACEMENT_3D('',#10647,#10648,#10649);
#10647 = CARTESIAN_POINT('',(-77.88,119.94,0.));
#10648 = DIRECTION('',(0.,0.,1.));
#10649 = DIRECTION('',(-1.,1.224646799147E-16,0.));
#10650 = DEFINITIONAL_REPRESENTATION('',(#10651),#10655);
#10651 = LINE('',#10652,#10653);
#10652 = CARTESIAN_POINT('',(0.,0.));
#10653 = VECTOR('',#10654,1.);
#10654 = DIRECTION('',(0.,1.));
#10655 = ( GEOMETRIC_REPRESENTATION_CONTEXT(2) 
PARAMETRIC_REPRESENTATION_CONTEXT() REPRESENTATION_CONTEXT('2D SPACE',''
  ) );
#10656 = ORIENTED_EDGE('',*,*,#10657,.T.);
#10657 = EDGE_CURVE('',#10630,#10658,#10660,.T.);
#10658 = VERTEX_POINT('',#10659);
#10659 = CARTESIAN_POINT('',(-77.88,93.28,102.8));
#10660 = SURFACE_CURVE('',#10661,(#10665,#10672),.PCURVE_S1.);
#10661 = LINE('',#10662,#10663);
#10662 = CARTESIAN_POINT('',(-77.88,93.28,0.));
#10663 = VECTOR('',#10664,1.);
#10664 = DIRECTION('',(0.,0.,1.));
#10665 = PCURVE('',#10605,#10666);
#10666 = DEFINITIONAL_REPRESENTATION('',(#10667),#10671);
#10667 = LINE('',#10668,#10669);
#10668 = CARTESIAN_POINT('',(0.,-26.66));
#10669 = VECTOR('',#10670,1.);
#10670 = DIRECTION('',(1.,0.));
#10671 = ( GEOMETRIC_REPRESENTATION_CONTEXT(2) 
PARAMETRIC_REPRESENTATION_CONTEXT() REPRESENTATION_CONTEXT('2D SPACE',''
  ) );
#10672 = PCURVE('',#10673,#10678);
#10673 = PLANE('',#10674);
#10674 = AXIS2_PLACEMENT_3D('',#10675,#10676,#10677);
#10675 = CARTESIAN_POINT('',(-77.88,93.28,0.));
#10676 = DIRECTION('',(-1.224646799147E-16,-1.,0.));
#10677 = DIRECTION('',(0.,0.,1.));
#10678 = DEFINITIONAL_REPRESENTATION('',(#10679),#10683);
#10679 = LINE('',#10680,#10681);
#10680 = CARTESIAN_POINT('',(0.,0.));
#10681 = VECTOR('',#10682,1.);
#10682 = DIRECTION('',(1.,0.));
#10683 = ( GEOMETRIC_REPRESENTATION_CONTEXT(2) 
PARAMETRIC_REPRESENTATION_CONTEXT() REPRESENTATION_CONTEXT('2D SPACE',''
  ) );
#10684 = ORIENTED_EDGE('',*,*,#10685,.F.);
#10685 = EDGE_CURVE('',#10597,#10658,#10686,.T.);
#10686 = SURFACE_CURVE('',#10687,(#10691,#10698),.PCURVE_S1.);
#10687 = LINE('',#10688,#10689);
#10688 = CARTESIAN_POINT('',(-77.88,119.94,102.8));
#10689 = VECTOR('',#10690,1.);
#10690 = DIRECTION('',(-1.224646799147E-16,-1.,0.));
#10691 = PCURVE('',#10605,#10692);
#10692 = DEFINITIONAL_REPRESENTATION('',(#10693),#10697);
#10693 = LINE('',#10694,#10695);
#10694 = CARTESIAN_POINT('',(102.8,0.));
#10695 = VECTOR('',#10696,1.);
#10696 = DIRECTION('',(0.,-1.));
#10697 = ( GEOMETRIC_REPRESENTATION_CONTEXT(2) 
PARAMETRIC_REPRESENTATION_CONTEXT() REPRESENTATION_CONTEXT('2D SPACE',''
  ) );
#10698 = PCURVE('',#10699,#10704);
#10699 = PLANE('',#10700);
#10700 = AXIS2_PLACEMENT_3D('',#10701,#10702,#10703);
#10701 = CARTESIAN_POINT('',(-77.88,119.94,102.8));
#10702 = DIRECTION('',(0.,0.,1.));
#10703 = DIRECTION('',(-1.,1.224646799147E-16,0.));
#10704 = DEFINITIONAL_REPRESENTATION('',(#10705),#10709);
#10705 = LINE('',#10706,#10707);
#10706 = CARTESIAN_POINT('',(0.,0.));
#10707 = VECTOR('',#10708,1.);
#10708 = DIRECTION('',(0.,1.));
#10709 = ( GEOMETRIC_REPRESENTATION_CONTEXT(2) 
PARAMETRIC_REPRESENTATION_CONTEXT() REPRESENTATION_CONTEXT('2D SPACE',''
  ) );
#10710 = ADVANCED_FACE('',(#10711),#10617,.F.);
#10711 = FACE_BOUND('',#10712,.F.);
#10712 = EDGE_LOOP('',(#10713,#10736,#10737,#10760));
#10713 = ORIENTED_EDGE('',*,*,#10714,.F.);
#10714 = EDGE_CURVE('',#10595,#10715,#10717,.T.);
#10715 = VERTEX_POINT('',#10716);
#10716 = CARTESIAN_POINT('',(-226.12,119.94,0.));
#10717 = SURFACE_CURVE('',#10718,(#10722,#10729),.PCURVE_S1.);
#10718 = LINE('',#10719,#10720);
#10719 = CARTESIAN_POINT('',(-77.88,119.94,0.));
#10720 = VECTOR('',#10721,1.);
#10721 = DIRECTION('',(-1.,1.224646799147E-16,0.));
#10722 = PCURVE('',#10617,#10723);
#10723 = DEFINITIONAL_REPRESENTATION('',(#10724),#10728);
#10724 = LINE('',#10725,#10726);
#10725 = CARTESIAN_POINT('',(0.,0.));
#10726 = VECTOR('',#10727,1.);
#10727 = DIRECTION('',(0.,1.));
#10728 = ( GEOMETRIC_REPRESENTATION_CONTEXT(2) 
PARAMETRIC_REPRESENTATION_CONTEXT() REPRESENTATION_CONTEXT('2D SPACE',''
  ) );
#10729 = PCURVE('',#10645,#10730);
#10730 = DEFINITIONAL_REPRESENTATION('',(#10731),#10735);
#10731 = LINE('',#10732,#10733);
#10732 = CARTESIAN_POINT('',(0.,0.));
#10733 = VECTOR('',#10734,1.);
#10734 = DIRECTION('',(1.,0.));
#10735 = ( GEOMETRIC_REPRESENTATION_CONTEXT(2) 
PARAMETRIC_REPRESENTATION_CONTEXT() REPRESENTATION_CONTEXT('2D SPACE',''
  ) );
#10736 = ORIENTED_EDGE('',*,*,#10594,.T.);
#10737 = ORIENTED_EDGE('',*,*,#10738,.T.);
#10738 = EDGE_CURVE('',#10597,#10739,#10741,.T.);
#10739 = VERTEX_POINT('',#10740);
#10740 = CARTESIAN_POINT('',(-226.12,119.94,102.8));
#10741 = SURFACE_CURVE('',#10742,(#10746,#10753),.PCURVE_S1.);
#10742 = LINE('',#10743,#10744);
#10743 = CARTESIAN_POINT('',(-77.88,119.94,102.8));
#10744 = VECTOR('',#10745,1.);
#10745 = DIRECTION('',(-1.,1.224646799147E-16,0.));
#10746 = PCURVE('',#10617,#10747);
#10747 = DEFINITIONAL_REPRESENTATION('',(#10748),#10752);
#10748 = LINE('',#10749,#10750);
#10749 = CARTESIAN_POINT('',(102.8,0.));
#10750 = VECTOR('',#10751,1.);
#10751 = DIRECTION('',(0.,1.));
#10752 = ( GEOMETRIC_REPRESENTATION_CONTEXT(2) 
PARAMETRIC_REPRESENTATION_CONTEXT() REPRESENTATION_CONTEXT('2D SPACE',''
  ) );
#10753 = PCURVE('',#10699,#10754);
#10754 = DEFINITIONAL_REPRESENTATION('',(#10755),#10759);
#10755 = LINE('',#10756,#10757);
#10756 = CARTESIAN_POINT('',(0.,0.));
#10757 = VECTOR('',#10758,1.);
#10758 = DIRECTION('',(1.,0.));
#10759 = ( GEOMETRIC_REPRESENTATION_CONTEXT(2) 
PARAMETRIC_REPRESENTATION_CONTEXT() REPRESENTATION_CONTEXT('2D SPACE',''
  ) );
#10760 = ORIENTED_EDGE('',*,*,#10761,.F.);
#10761 = EDGE_CURVE('',#10715,#10739,#10762,.T.);
#10762 = SURFACE_CURVE('',#10763,(#10767,#10774),.PCURVE_S1.);
#10763 = LINE('',#10764,#10765);
#10764 = CARTESIAN_POINT('',(-226.12,119.94,0.));
#10765 = VECTOR('',#10766,1.);
#10766 = DIRECTION('',(0.,0.,1.));
#10767 = PCURVE('',#10617,#10768);
#10768 = DEFINITIONAL_REPRESENTATION('',(#10769),#10773);
#10769 = LINE('',#10770,#10771);
#10770 = CARTESIAN_POINT('',(0.,148.24));
#10771 = VECTOR('',#10772,1.);
#10772 = DIRECTION('',(1.,0.));
#10773 = ( GEOMETRIC_REPRESENTATION_CONTEXT(2) 
PARAMETRIC_REPRESENTATION_CONTEXT() REPRESENTATION_CONTEXT('2D SPACE',''
  ) );
#10774 = PCURVE('',#10775,#10780);
#10775 = PLANE('',#10776);
#10776 = AXIS2_PLACEMENT_3D('',#10777,#10778,#10779);
#10777 = CARTESIAN_POINT('',(-226.12,119.94,0.));
#10778 = DIRECTION('',(-1.,1.224646799147E-16,0.));
#10779 = DIRECTION('',(0.,0.,1.));
#10780 = DEFINITIONAL_REPRESENTATION('',(#10781),#10785);
#10781 = LINE('',#10782,#10783);
#10782 = CARTESIAN_POINT('',(0.,0.));
#10783 = VECTOR('',#10784,1.);
#10784 = DIRECTION('',(1.,0.));
#10785 = ( GEOMETRIC_REPRESENTATION_CONTEXT(2) 
PARAMETRIC_REPRESENTATION_CONTEXT() REPRESENTATION_CONTEXT('2D SPACE',''
  ) );
#10786 = ADVANCED_FACE('',(#10787,#10835,#10866),#10699,.T.);
#10787 = FACE_BOUND('',#10788,.T.);
#10788 = EDGE_LOOP('',(#10789,#10790,#10791,#10814));
#10789 = ORIENTED_EDGE('',*,*,#10685,.F.);
#10790 = ORIENTED_EDGE('',*,*,#10738,.T.);
#10791 = ORIENTED_EDGE('',*,*,#10792,.T.);
#10792 = EDGE_CURVE('',#10739,#10793,#10795,.T.);
#10793 = VERTEX_POINT('',#10794);
#10794 = CARTESIAN_POINT('',(-226.12,93.28,102.8));
#10795 = SURFACE_CURVE('',#10796,(#10800,#10807),.PCURVE_S1.);
#10796 = LINE('',#10797,#10798);
#10797 = CARTESIAN_POINT('',(-226.12,119.94,102.8));
#10798 = VECTOR('',#10799,1.);
#10799 = DIRECTION('',(-1.224646799147E-16,-1.,0.));
#10800 = PCURVE('',#10699,#10801);
#10801 = DEFINITIONAL_REPRESENTATION('',(#10802),#10806);
#10802 = LINE('',#10803,#10804);
#10803 = CARTESIAN_POINT('',(148.24,0.));
#10804 = VECTOR('',#10805,1.);
#10805 = DIRECTION('',(0.,1.));
#10806 = ( GEOMETRIC_REPRESENTATION_CONTEXT(2) 
PARAMETRIC_REPRESENTATION_CONTEXT() REPRESENTATION_CONTEXT('2D SPACE',''
  ) );
#10807 = PCURVE('',#10775,#10808);
#10808 = DEFINITIONAL_REPRESENTATION('',(#10809),#10813);
#10809 = LINE('',#10810,#10811);
#10810 = CARTESIAN_POINT('',(102.8,0.));
#10811 = VECTOR('',#10812,1.);
#10812 = DIRECTION('',(0.,-1.));
#10813 = ( GEOMETRIC_REPRESENTATION_CONTEXT(2) 
PARAMETRIC_REPRESENTATION_CONTEXT() REPRESENTATION_CONTEXT('2D SPACE',''
  ) );
#10814 = ORIENTED_EDGE('',*,*,#10815,.F.);
#10815 = EDGE_CURVE('',#10658,#10793,#10816,.T.);
#10816 = SURFACE_CURVE('',#10817,(#10821,#10828),.PCURVE_S1.);
#10817 = LINE('',#10818,#10819);
#10818 = CARTESIAN_POINT('',(-77.88,93.28,102.8));
#10819 = VECTOR('',#10820,1.);
#10820 = DIRECTION('',(-1.,1.224646799147E-16,0.));
#10821 = PCURVE('',#10699,#10822);
#10822 = DEFINITIONAL_REPRESENTATION('',(#10823),#10827);
#10823 = LINE('',#10824,#10825);
#10824 = CARTESIAN_POINT('',(0.,26.66));
#10825 = VECTOR('',#10826,1.);
#10826 = DIRECTION('',(1.,0.));
#10827 = ( GEOMETRIC_REPRESENTATION_CONTEXT(2) 
PARAMETRIC_REPRESENTATION_CONTEXT() REPRESENTATION_CONTEXT('2D SPACE',''
  ) );
#10828 = PCURVE('',#10673,#10829);
#10829 = DEFINITIONAL_REPRESENTATION('',(#10830),#10834);
#10830 = LINE('',#10831,#10832);
#10831 = CARTESIAN_POINT('',(102.8,0.));
#10832 = VECTOR('',#10833,1.);
#10833 = DIRECTION('',(0.,1.));
#10834 = ( GEOMETRIC_REPRESENTATION_CONTEXT(2) 
PARAMETRIC_REPRESENTATION_CONTEXT() REPRESENTATION_CONTEXT('2D SPACE',''
  ) );
#10835 = FACE_BOUND('',#10836,.T.);
#10836 = EDGE_LOOP('',(#10837));
#10837 = ORIENTED_EDGE('',*,*,#10838,.F.);
#10838 = EDGE_CURVE('',#10839,#10839,#10841,.T.);
#10839 = VERTEX_POINT('',#10840);
#10840 = CARTESIAN_POINT('',(-212.74,106.61,102.8));
#10841 = SURFACE_CURVE('',#10842,(#10847,#10854),.PCURVE_S1.);
#10842 = CIRCLE('',#10843,5.44);
#10843 = AXIS2_PLACEMENT_3D('',#10844,#10845,#10846);
#10844 = CARTESIAN_POINT('',(-207.3,106.61,102.8));
#10845 = DIRECTION('',(0.,0.,1.));
#10846 = DIRECTION('',(-1.,1.224646799147E-16,0.));
#10847 = PCURVE('',#10699,#10848);
#10848 = DEFINITIONAL_REPRESENTATION('',(#10849),#10853);
#10849 = CIRCLE('',#10850,5.44);
#10850 = AXIS2_PLACEMENT_2D('',#10851,#10852);
#10851 = CARTESIAN_POINT('',(129.42,13.33));
#10852 = DIRECTION('',(1.,0.));
#10853 = ( GEOMETRIC_REPRESENTATION_CONTEXT(2) 
PARAMETRIC_REPRESENTATION_CONTEXT() REPRESENTATION_CONTEXT('2D SPACE',''
  ) );
#10854 = PCURVE('',#10855,#10860);
#10855 = CYLINDRICAL_SURFACE('',#10856,5.44);
#10856 = AXIS2_PLACEMENT_3D('',#10857,#10858,#10859);
#10857 = CARTESIAN_POINT('',(-207.3,106.61,102.8));
#10858 = DIRECTION('',(0.,0.,1.));
#10859 = DIRECTION('',(-1.,1.224646799147E-16,0.));
#10860 = DEFINITIONAL_REPRESENTATION('',(#10861),#10865);
#10861 = LINE('',#10862,#10863);
#10862 = CARTESIAN_POINT('',(0.,0.));
#10863 = VECTOR('',#10864,1.);
#10864 = DIRECTION('',(1.,0.));
#10865 = ( GEOMETRIC_REPRESENTATION_CONTEXT(2) 
PARAMETRIC_REPRESENTATION_CONTEXT() REPRESENTATION_CONTEXT('2D SPACE',''
  ) );
#10866 = FACE_BOUND('',#10867,.T.);
#10867 = EDGE_LOOP('',(#10868));
#10868 = ORIENTED_EDGE('',*,*,#10869,.F.);
#10869 = EDGE_CURVE('',#10870,#10870,#10872,.T.);
#10870 = VERTEX_POINT('',#10871);
#10871 = CARTESIAN_POINT('',(-102.14,106.61,102.8));
#10872 = SURFACE_CURVE('',#10873,(#10878,#10885),.PCURVE_S1.);
#10873 = CIRCLE('',#10874,5.44);
#10874 = AXIS2_PLACEMENT_3D('',#10875,#10876,#10877);
#10875 = CARTESIAN_POINT('',(-96.7,106.61,102.8));
#10876 = DIRECTION('',(0.,0.,1.));
#10877 = DIRECTION('',(-1.,1.224646799147E-16,0.));
#10878 = PCURVE('',#10699,#10879);
#10879 = DEFINITIONAL_REPRESENTATION('',(#10880),#10884);
#10880 = CIRCLE('',#10881,5.44);
#10881 = AXIS2_PLACEMENT_2D('',#10882,#10883);
#10882 = CARTESIAN_POINT('',(18.82,13.33));
#10883 = DIRECTION('',(1.,0.));
#10884 = ( GEOMETRIC_REPRESENTATION_CONTEXT(2) 
PARAMETRIC_REPRESENTATION_CONTEXT() REPRESENTATION_CONTEXT('2D SPACE',''
  ) );
#10885 = PCURVE('',#10886,#10891);
#10886 = CYLINDRICAL_SURFACE('',#10887,5.44);
#10887 = AXIS2_PLACEMENT_3D('',#10888,#10889,#10890);
#10888 = CARTESIAN_POINT('',(-96.7,106.61,102.8));
#10889 = DIRECTION('',(0.,0.,1.));
#10890 = DIRECTION('',(-1.,1.224646799147E-16,0.));
#10891 = DEFINITIONAL_REPRESENTATION('',(#10892),#10896);
#10892 = LINE('',#10893,#10894);
#10893 = CARTESIAN_POINT('',(0.,0.));
#10894 = VECTOR('',#10895,1.);
#10895 = DIRECTION('',(1.,0.));
#10896 = ( GEOMETRIC_REPRESENTATION_CONTEXT(2) 
PARAMETRIC_REPRESENTATION_CONTEXT() REPRESENTATION_CONTEXT('2D SPACE',''
  ) );
#10897 = ADVANCED_FACE('',(#10898),#10673,.T.);
#10898 = FACE_BOUND('',#10899,.T.);
#10899 = EDGE_LOOP('',(#10900,#10923,#10924,#10925));
#10900 = ORIENTED_EDGE('',*,*,#10901,.F.);
#10901 = EDGE_CURVE('',#10630,#10902,#10904,.T.);
#10902 = VERTEX_POINT('',#10903);
#10903 = CARTESIAN_POINT('',(-226.12,93.28,0.));
#10904 = SURFACE_CURVE('',#10905,(#10909,#10916),.PCURVE_S1.);
#10905 = LINE('',#10906,#10907);
#10906 = CARTESIAN_POINT('',(-77.88,93.28,0.));
#10907 = VECTOR('',#10908,1.);
#10908 = DIRECTION('',(-1.,1.224646799147E-16,0.));
#10909 = PCURVE('',#10673,#10910);
#10910 = DEFINITIONAL_REPRESENTATION('',(#10911),#10915);
#10911 = LINE('',#10912,#10913);
#10912 = CARTESIAN_POINT('',(0.,0.));
#10913 = VECTOR('',#10914,1.);
#10914 = DIRECTION('',(0.,1.));
#10915 = ( GEOMETRIC_REPRESENTATION_CONTEXT(2) 
PARAMETRIC_REPRESENTATION_CONTEXT() REPRESENTATION_CONTEXT('2D SPACE',''
  ) );
#10916 = PCURVE('',#10645,#10917);
#10917 = DEFINITIONAL_REPRESENTATION('',(#10918),#10922);
#10918 = LINE('',#10919,#10920);
#10919 = CARTESIAN_POINT('',(0.,26.66));
#10920 = VECTOR('',#10921,1.);
#10921 = DIRECTION('',(1.,0.));
#10922 = ( GEOMETRIC_REPRESENTATION_CONTEXT(2) 
PARAMETRIC_REPRESENTATION_CONTEXT() REPRESENTATION_CONTEXT('2D SPACE',''
  ) );
#10923 = ORIENTED_EDGE('',*,*,#10657,.T.);
#10924 = ORIENTED_EDGE('',*,*,#10815,.T.);
#10925 = ORIENTED_EDGE('',*,*,#10926,.F.);
#10926 = EDGE_CURVE('',#10902,#10793,#10927,.T.);
#10927 = SURFACE_CURVE('',#10928,(#10932,#10939),.PCURVE_S1.);
#10928 = LINE('',#10929,#10930);
#10929 = CARTESIAN_POINT('',(-226.12,93.28,0.));
#10930 = VECTOR('',#10931,1.);
#10931 = DIRECTION('',(0.,0.,1.));
#10932 = PCURVE('',#10673,#10933);
#10933 = DEFINITIONAL_REPRESENTATION('',(#10934),#10938);
#10934 = LINE('',#10935,#10936);
#10935 = CARTESIAN_POINT('',(0.,148.24));
#10936 = VECTOR('',#10937,1.);
#10937 = DIRECTION('',(1.,0.));
#10938 = ( GEOMETRIC_REPRESENTATION_CONTEXT(2) 
PARAMETRIC_REPRESENTATION_CONTEXT() REPRESENTATION_CONTEXT('2D SPACE',''
  ) );
#10939 = PCURVE('',#10775,#10940);
#10940 = DEFINITIONAL_REPRESENTATION('',(#10941),#10945);
#10941 = LINE('',#10942,#10943);
#10942 = CARTESIAN_POINT('',(0.,-26.66));
#10943 = VECTOR('',#10944,1.);
#10944 = DIRECTION('',(1.,0.));
#10945 = ( GEOMETRIC_REPRESENTATION_CONTEXT(2) 
PARAMETRIC_REPRESENTATION_CONTEXT() REPRESENTATION_CONTEXT('2D SPACE',''
  ) );
#10946 = ADVANCED_FACE('',(#10947),#10645,.F.);
#10947 = FACE_BOUND('',#10948,.F.);
#10948 = EDGE_LOOP('',(#10949,#10950,#10951,#10972));
#10949 = ORIENTED_EDGE('',*,*,#10629,.F.);
#10950 = ORIENTED_EDGE('',*,*,#10714,.T.);
#10951 = ORIENTED_EDGE('',*,*,#10952,.T.);
#10952 = EDGE_CURVE('',#10715,#10902,#10953,.T.);
#10953 = SURFACE_CURVE('',#10954,(#10958,#10965),.PCURVE_S1.);
#10954 = LINE('',#10955,#10956);
#10955 = CARTESIAN_POINT('',(-226.12,119.94,0.));
#10956 = VECTOR('',#10957,1.);
#10957 = DIRECTION('',(-1.224646799147E-16,-1.,0.));
#10958 = PCURVE('',#10645,#10959);
#10959 = DEFINITIONAL_REPRESENTATION('',(#10960),#10964);
#10960 = LINE('',#10961,#10962);
#10961 = CARTESIAN_POINT('',(148.24,0.));
#10962 = VECTOR('',#10963,1.);
#10963 = DIRECTION('',(0.,1.));
#10964 = ( GEOMETRIC_REPRESENTATION_CONTEXT(2) 
PARAMETRIC_REPRESENTATION_CONTEXT() REPRESENTATION_CONTEXT('2D SPACE',''
  ) );
#10965 = PCURVE('',#10775,#10966);
#10966 = DEFINITIONAL_REPRESENTATION('',(#10967),#10971);
#10967 = LINE('',#10968,#10969);
#10968 = CARTESIAN_POINT('',(0.,0.));
#10969 = VECTOR('',#10970,1.);
#10970 = DIRECTION('',(0.,-1.));
#10971 = ( GEOMETRIC_REPRESENTATION_CONTEXT(2) 
PARAMETRIC_REPRESENTATION_CONTEXT() REPRESENTATION_CONTEXT('2D SPACE',''
  ) );
#10972 = ORIENTED_EDGE('',*,*,#10901,.F.);
#10973 = ADVANCED_FACE('',(#10974),#10775,.T.);
#10974 = FACE_BOUND('',#10975,.T.);
#10975 = EDGE_LOOP('',(#10976,#10977,#10978,#10979));
#10976 = ORIENTED_EDGE('',*,*,#10761,.F.);
#10977 = ORIENTED_EDGE('',*,*,#10952,.T.);
#10978 = ORIENTED_EDGE('',*,*,#10926,.T.);
#10979 = ORIENTED_EDGE('',*,*,#10792,.F.);
#10980 = ADVANCED_FACE('',(#10981),#10855,.T.);
#10981 = FACE_BOUND('',#10982,.T.);
#10982 = EDGE_LOOP('',(#10983,#11012,#11033,#11034));
#10983 = ORIENTED_EDGE('',*,*,#10984,.F.);
#10984 = EDGE_CURVE('',#10985,#10985,#10987,.T.);
#10985 = VERTEX_POINT('',#10986);
#10986 = CARTESIAN_POINT('',(-212.74,106.61,105.9));
#10987 = SURFACE_CURVE('',#10988,(#10993,#11000),.PCURVE_S1.);
#10988 = CIRCLE('',#10989,5.44);
#10989 = AXIS2_PLACEMENT_3D('',#10990,#10991,#10992);
#10990 = CARTESIAN_POINT('',(-207.3,106.61,105.9));
#10991 = DIRECTION('',(0.,0.,1.));
#10992 = DIRECTION('',(-1.,1.224646799147E-16,0.));
#10993 = PCURVE('',#10855,#10994);
#10994 = DEFINITIONAL_REPRESENTATION('',(#10995),#10999);
#10995 = LINE('',#10996,#10997);
#10996 = CARTESIAN_POINT('',(0.,3.1));
#10997 = VECTOR('',#10998,1.);
#10998 = DIRECTION('',(1.,0.));
#10999 = ( GEOMETRIC_REPRESENTATION_CONTEXT(2) 
PARAMETRIC_REPRESENTATION_CONTEXT() REPRESENTATION_CONTEXT('2D SPACE',''
  ) );
#11000 = PCURVE('',#11001,#11006);
#11001 = PLANE('',#11002);
#11002 = AXIS2_PLACEMENT_3D('',#11003,#11004,#11005);
#11003 = CARTESIAN_POINT('',(-207.3,106.61,105.9));
#11004 = DIRECTION('',(0.,0.,1.));
#11005 = DIRECTION('',(-1.,1.224646799147E-16,0.));
#11006 = DEFINITIONAL_REPRESENTATION('',(#11007),#11011);
#11007 = CIRCLE('',#11008,5.44);
#11008 = AXIS2_PLACEMENT_2D('',#11009,#11010);
#11009 = CARTESIAN_POINT('',(0.,0.));
#11010 = DIRECTION('',(1.,0.));
#11011 = ( GEOMETRIC_REPRESENTATION_CONTEXT(2) 
PARAMETRIC_REPRESENTATION_CONTEXT() REPRESENTATION_CONTEXT('2D SPACE',''
  ) );
#11012 = ORIENTED_EDGE('',*,*,#11013,.F.);
#11013 = EDGE_CURVE('',#10839,#10985,#11014,.T.);
#11014 = SEAM_CURVE('',#11015,(#11019,#11026),.PCURVE_S1.);
#11015 = LINE('',#11016,#11017);
#11016 = CARTESIAN_POINT('',(-212.74,106.61,102.8));
#11017 = VECTOR('',#11018,1.);
#11018 = DIRECTION('',(0.,0.,1.));
#11019 = PCURVE('',#10855,#11020);
#11020 = DEFINITIONAL_REPRESENTATION('',(#11021),#11025);
#11021 = LINE('',#11022,#11023);
#11022 = CARTESIAN_POINT('',(6.28318530718,-0.));
#11023 = VECTOR('',#11024,1.);
#11024 = DIRECTION('',(0.,1.));
#11025 = ( GEOMETRIC_REPRESENTATION_CONTEXT(2) 
PARAMETRIC_REPRESENTATION_CONTEXT() REPRESENTATION_CONTEXT('2D SPACE',''
  ) );
#11026 = PCURVE('',#10855,#11027);
#11027 = DEFINITIONAL_REPRESENTATION('',(#11028),#11032);
#11028 = LINE('',#11029,#11030);
#11029 = CARTESIAN_POINT('',(0.,-0.));
#11030 = VECTOR('',#11031,1.);
#11031 = DIRECTION('',(0.,1.));
#11032 = ( GEOMETRIC_REPRESENTATION_CONTEXT(2) 
PARAMETRIC_REPRESENTATION_CONTEXT() REPRESENTATION_CONTEXT('2D SPACE',''
  ) );
#11033 = ORIENTED_EDGE('',*,*,#10838,.T.);
#11034 = ORIENTED_EDGE('',*,*,#11013,.T.);
#11035 = ADVANCED_FACE('',(#11036),#10886,.T.);
#11036 = FACE_BOUND('',#11037,.T.);
#11037 = EDGE_LOOP('',(#11038,#11067,#11088,#11089));
#11038 = ORIENTED_EDGE('',*,*,#11039,.F.);
#11039 = EDGE_CURVE('',#11040,#11040,#11042,.T.);
#11040 = VERTEX_POINT('',#11041);
#11041 = CARTESIAN_POINT('',(-102.14,106.61,105.9));
#11042 = SURFACE_CURVE('',#11043,(#11048,#11055),.PCURVE_S1.);
#11043 = CIRCLE('',#11044,5.44);
#11044 = AXIS2_PLACEMENT_3D('',#11045,#11046,#11047);
#11045 = CARTESIAN_POINT('',(-96.7,106.61,105.9));
#11046 = DIRECTION('',(0.,0.,1.));
#11047 = DIRECTION('',(-1.,1.224646799147E-16,0.));
#11048 = PCURVE('',#10886,#11049);
#11049 = DEFINITIONAL_REPRESENTATION('',(#11050),#11054);
#11050 = LINE('',#11051,#11052);
#11051 = CARTESIAN_POINT('',(0.,3.1));
#11052 = VECTOR('',#11053,1.);
#11053 = DIRECTION('',(1.,0.));
#11054 = ( GEOMETRIC_REPRESENTATION_CONTEXT(2) 
PARAMETRIC_REPRESENTATION_CONTEXT() REPRESENTATION_CONTEXT('2D SPACE',''
  ) );
#11055 = PCURVE('',#11056,#11061);
#11056 = PLANE('',#11057);
#11057 = AXIS2_PLACEMENT_3D('',#11058,#11059,#11060);
#11058 = CARTESIAN_POINT('',(-96.7,106.61,105.9));
#11059 = DIRECTION('',(0.,0.,1.));
#11060 = DIRECTION('',(-1.,1.224646799147E-16,0.));
#11061 = DEFINITIONAL_REPRESENTATION('',(#11062),#11066);
#11062 = CIRCLE('',#11063,5.44);
#11063 = AXIS2_PLACEMENT_2D('',#11064,#11065);
#11064 = CARTESIAN_POINT('',(0.,0.));
#11065 = DIRECTION('',(1.,0.));
#11066 = ( GEOMETRIC_REPRESENTATION_CONTEXT(2) 
PARAMETRIC_REPRESENTATION_CONTEXT() REPRESENTATION_CONTEXT('2D SPACE',''
  ) );
#11067 = ORIENTED_EDGE('',*,*,#11068,.F.);
#11068 = EDGE_CURVE('',#10870,#11040,#11069,.T.);
#11069 = SEAM_CURVE('',#11070,(#11074,#11081),.PCURVE_S1.);
#11070 = LINE('',#11071,#11072);
#11071 = CARTESIAN_POINT('',(-102.14,106.61,102.8));
#11072 = VECTOR('',#11073,1.);
#11073 = DIRECTION('',(0.,0.,1.));
#11074 = PCURVE('',#10886,#11075);
#11075 = DEFINITIONAL_REPRESENTATION('',(#11076),#11080);
#11076 = LINE('',#11077,#11078);
#11077 = CARTESIAN_POINT('',(6.28318530718,-0.));
#11078 = VECTOR('',#11079,1.);
#11079 = DIRECTION('',(0.,1.));
#11080 = ( GEOMETRIC_REPRESENTATION_CONTEXT(2) 
PARAMETRIC_REPRESENTATION_CONTEXT() REPRESENTATION_CONTEXT('2D SPACE',''
  ) );
#11081 = PCURVE('',#10886,#11082);
#11082 = DEFINITIONAL_REPRESENTATION('',(#11083),#11087);
#11083 = LINE('',#11084,#11085);
#11084 = CARTESIAN_POINT('',(0.,-0.));
#11085 = VECTOR('',#11086,1.);
#11086 = DIRECTION('',(0.,1.));
#11087 = ( GEOMETRIC_REPRESENTATION_CONTEXT(2) 
PARAMETRIC_REPRESENTATION_CONTEXT() REPRESENTATION_CONTEXT('2D SPACE',''
  ) );
#11088 = ORIENTED_EDGE('',*,*,#10869,.T.);
#11089 = ORIENTED_EDGE('',*,*,#11068,.T.);
#11090 = ADVANCED_FACE('',(#11091),#11001,.T.);
#11091 = FACE_BOUND('',#11092,.T.);
#11092 = EDGE_LOOP('',(#11093));
#11093 = ORIENTED_EDGE('',*,*,#10984,.T.);
#11094 = ADVANCED_FACE('',(#11095),#11056,.T.);
#11095 = FACE_BOUND('',#11096,.T.);
#11096 = EDGE_LOOP('',(#11097));
#11097 = ORIENTED_EDGE('',*,*,#11039,.T.);
#11098 = MANIFOLD_SOLID_BREP('',#11099);
#11099 = CLOSED_SHELL('',(#11100,#11220,#11296,#11407,#11456,#11483,
    #11490,#11545,#11600,#11604));
#11100 = ADVANCED_FACE('',(#11101),#11115,.F.);
#11101 = FACE_BOUND('',#11102,.F.);
#11102 = EDGE_LOOP('',(#11103,#11138,#11166,#11194));
#11103 = ORIENTED_EDGE('',*,*,#11104,.F.);
#11104 = EDGE_CURVE('',#11105,#11107,#11109,.T.);
#11105 = VERTEX_POINT('',#11106);
#11106 = CARTESIAN_POINT('',(-74.12,-144.,0.));
#11107 = VERTEX_POINT('',#11108);
#11108 = CARTESIAN_POINT('',(-74.12,-144.,102.8));
#11109 = SURFACE_CURVE('',#11110,(#11114,#11126),.PCURVE_S1.);
#11110 = LINE('',#11111,#11112);
#11111 = CARTESIAN_POINT('',(-74.12,-144.,0.));
#11112 = VECTOR('',#11113,1.);
#11113 = DIRECTION('',(0.,0.,1.));
#11114 = PCURVE('',#11115,#11120);
#11115 = PLANE('',#11116);
#11116 = AXIS2_PLACEMENT_3D('',#11117,#11118,#11119);
#11117 = CARTESIAN_POINT('',(-74.12,-144.,0.));
#11118 = DIRECTION('',(1.,0.,0.));
#11119 = DIRECTION('',(0.,0.,1.));
#11120 = DEFINITIONAL_REPRESENTATION('',(#11121),#11125);
#11121 = LINE('',#11122,#11123);
#11122 = CARTESIAN_POINT('',(0.,0.));
#11123 = VECTOR('',#11124,1.);
#11124 = DIRECTION('',(1.,0.));
#11125 = ( GEOMETRIC_REPRESENTATION_CONTEXT(2) 
PARAMETRIC_REPRESENTATION_CONTEXT() REPRESENTATION_CONTEXT('2D SPACE',''
  ) );
#11126 = PCURVE('',#11127,#11132);
#11127 = PLANE('',#11128);
#11128 = AXIS2_PLACEMENT_3D('',#11129,#11130,#11131);
#11129 = CARTESIAN_POINT('',(-74.12,-144.,0.));
#11130 = DIRECTION('',(0.,1.,0.));
#11131 = DIRECTION('',(0.,0.,1.));
#11132 = DEFINITIONAL_REPRESENTATION('',(#11133),#11137);
#11133 = LINE('',#11134,#11135);
#11134 = CARTESIAN_POINT('',(0.,0.));
#11135 = VECTOR('',#11136,1.);
#11136 = DIRECTION('',(1.,0.));
#11137 = ( GEOMETRIC_REPRESENTATION_CONTEXT(2) 
PARAMETRIC_REPRESENTATION_CONTEXT() REPRESENTATION_CONTEXT('2D SPACE',''
  ) );
#11138 = ORIENTED_EDGE('',*,*,#11139,.T.);
#11139 = EDGE_CURVE('',#11105,#11140,#11142,.T.);
#11140 = VERTEX_POINT('',#11141);
#11141 = CARTESIAN_POINT('',(-74.12,-117.34,0.));
#11142 = SURFACE_CURVE('',#11143,(#11147,#11154),.PCURVE_S1.);
#11143 = LINE('',#11144,#11145);
#11144 = CARTESIAN_POINT('',(-74.12,-144.,0.));
#11145 = VECTOR('',#11146,1.);
#11146 = DIRECTION('',(0.,1.,0.));
#11147 = PCURVE('',#11115,#11148);
#11148 = DEFINITIONAL_REPRESENTATION('',(#11149),#11153);
#11149 = LINE('',#11150,#11151);
#11150 = CARTESIAN_POINT('',(0.,0.));
#11151 = VECTOR('',#11152,1.);
#11152 = DIRECTION('',(0.,-1.));
#11153 = ( GEOMETRIC_REPRESENTATION_CONTEXT(2) 
PARAMETRIC_REPRESENTATION_CONTEXT() REPRESENTATION_CONTEXT('2D SPACE',''
  ) );
#11154 = PCURVE('',#11155,#11160);
#11155 = PLANE('',#11156);
#11156 = AXIS2_PLACEMENT_3D('',#11157,#11158,#11159);
#11157 = CARTESIAN_POINT('',(-74.12,-144.,0.));
#11158 = DIRECTION('',(0.,0.,1.));
#11159 = DIRECTION('',(1.,0.,0.));
#11160 = DEFINITIONAL_REPRESENTATION('',(#11161),#11165);
#11161 = LINE('',#11162,#11163);
#11162 = CARTESIAN_POINT('',(0.,0.));
#11163 = VECTOR('',#11164,1.);
#11164 = DIRECTION('',(0.,1.));
#11165 = ( GEOMETRIC_REPRESENTATION_CONTEXT(2) 
PARAMETRIC_REPRESENTATION_CONTEXT() REPRESENTATION_CONTEXT('2D SPACE',''
  ) );
#11166 = ORIENTED_EDGE('',*,*,#11167,.T.);
#11167 = EDGE_CURVE('',#11140,#11168,#11170,.T.);
#11168 = VERTEX_POINT('',#11169);
#11169 = CARTESIAN_POINT('',(-74.12,-117.34,102.8));
#11170 = SURFACE_CURVE('',#11171,(#11175,#11182),.PCURVE_S1.);
#11171 = LINE('',#11172,#11173);
#11172 = CARTESIAN_POINT('',(-74.12,-117.34,0.));
#11173 = VECTOR('',#11174,1.);
#11174 = DIRECTION('',(0.,0.,1.));
#11175 = PCURVE('',#11115,#11176);
#11176 = DEFINITIONAL_REPRESENTATION('',(#11177),#11181);
#11177 = LINE('',#11178,#11179);
#11178 = CARTESIAN_POINT('',(0.,-26.66));
#11179 = VECTOR('',#11180,1.);
#11180 = DIRECTION('',(1.,0.));
#11181 = ( GEOMETRIC_REPRESENTATION_CONTEXT(2) 
PARAMETRIC_REPRESENTATION_CONTEXT() REPRESENTATION_CONTEXT('2D SPACE',''
  ) );
#11182 = PCURVE('',#11183,#11188);
#11183 = PLANE('',#11184);
#11184 = AXIS2_PLACEMENT_3D('',#11185,#11186,#11187);
#11185 = CARTESIAN_POINT('',(-74.12,-117.34,0.));
#11186 = DIRECTION('',(0.,1.,0.));
#11187 = DIRECTION('',(0.,0.,1.));
#11188 = DEFINITIONAL_REPRESENTATION('',(#11189),#11193);
#11189 = LINE('',#11190,#11191);
#11190 = CARTESIAN_POINT('',(0.,0.));
#11191 = VECTOR('',#11192,1.);
#11192 = DIRECTION('',(1.,0.));
#11193 = ( GEOMETRIC_REPRESENTATION_CONTEXT(2) 
PARAMETRIC_REPRESENTATION_CONTEXT() REPRESENTATION_CONTEXT('2D SPACE',''
  ) );
#11194 = ORIENTED_EDGE('',*,*,#11195,.F.);
#11195 = EDGE_CURVE('',#11107,#11168,#11196,.T.);
#11196 = SURFACE_CURVE('',#11197,(#11201,#11208),.PCURVE_S1.);
#11197 = LINE('',#11198,#11199);
#11198 = CARTESIAN_POINT('',(-74.12,-144.,102.8));
#11199 = VECTOR('',#11200,1.);
#11200 = DIRECTION('',(0.,1.,0.));
#11201 = PCURVE('',#11115,#11202);
#11202 = DEFINITIONAL_REPRESENTATION('',(#11203),#11207);
#11203 = LINE('',#11204,#11205);
#11204 = CARTESIAN_POINT('',(102.8,0.));
#11205 = VECTOR('',#11206,1.);
#11206 = DIRECTION('',(0.,-1.));
#11207 = ( GEOMETRIC_REPRESENTATION_CONTEXT(2) 
PARAMETRIC_REPRESENTATION_CONTEXT() REPRESENTATION_CONTEXT('2D SPACE',''
  ) );
#11208 = PCURVE('',#11209,#11214);
#11209 = PLANE('',#11210);
#11210 = AXIS2_PLACEMENT_3D('',#11211,#11212,#11213);
#11211 = CARTESIAN_POINT('',(-74.12,-144.,102.8));
#11212 = DIRECTION('',(0.,0.,1.));
#11213 = DIRECTION('',(1.,0.,0.));
#11214 = DEFINITIONAL_REPRESENTATION('',(#11215),#11219);
#11215 = LINE('',#11216,#11217);
#11216 = CARTESIAN_POINT('',(0.,0.));
#11217 = VECTOR('',#11218,1.);
#11218 = DIRECTION('',(0.,1.));
#11219 = ( GEOMETRIC_REPRESENTATION_CONTEXT(2) 
PARAMETRIC_REPRESENTATION_CONTEXT() REPRESENTATION_CONTEXT('2D SPACE',''
  ) );
#11220 = ADVANCED_FACE('',(#11221),#11127,.F.);
#11221 = FACE_BOUND('',#11222,.F.);
#11222 = EDGE_LOOP('',(#11223,#11246,#11247,#11270));
#11223 = ORIENTED_EDGE('',*,*,#11224,.F.);
#11224 = EDGE_CURVE('',#11105,#11225,#11227,.T.);
#11225 = VERTEX_POINT('',#11226);
#11226 = CARTESIAN_POINT('',(74.12,-144.,0.));
#11227 = SURFACE_CURVE('',#11228,(#11232,#11239),.PCURVE_S1.);
#11228 = LINE('',#11229,#11230);
#11229 = CARTESIAN_POINT('',(-74.12,-144.,0.));
#11230 = VECTOR('',#11231,1.);
#11231 = DIRECTION('',(1.,0.,0.));
#11232 = PCURVE('',#11127,#11233);
#11233 = DEFINITIONAL_REPRESENTATION('',(#11234),#11238);
#11234 = LINE('',#11235,#11236);
#11235 = CARTESIAN_POINT('',(0.,0.));
#11236 = VECTOR('',#11237,1.);
#11237 = DIRECTION('',(0.,1.));
#11238 = ( GEOMETRIC_REPRESENTATION_CONTEXT(2) 
PARAMETRIC_REPRESENTATION_CONTEXT() REPRESENTATION_CONTEXT('2D SPACE',''
  ) );
#11239 = PCURVE('',#11155,#11240);
#11240 = DEFINITIONAL_REPRESENTATION('',(#11241),#11245);
#11241 = LINE('',#11242,#11243);
#11242 = CARTESIAN_POINT('',(0.,0.));
#11243 = VECTOR('',#11244,1.);
#11244 = DIRECTION('',(1.,0.));
#11245 = ( GEOMETRIC_REPRESENTATION_CONTEXT(2) 
PARAMETRIC_REPRESENTATION_CONTEXT() REPRESENTATION_CONTEXT('2D SPACE',''
  ) );
#11246 = ORIENTED_EDGE('',*,*,#11104,.T.);
#11247 = ORIENTED_EDGE('',*,*,#11248,.T.);
#11248 = EDGE_CURVE('',#11107,#11249,#11251,.T.);
#11249 = VERTEX_POINT('',#11250);
#11250 = CARTESIAN_POINT('',(74.12,-144.,102.8));
#11251 = SURFACE_CURVE('',#11252,(#11256,#11263),.PCURVE_S1.);
#11252 = LINE('',#11253,#11254);
#11253 = CARTESIAN_POINT('',(-74.12,-144.,102.8));
#11254 = VECTOR('',#11255,1.);
#11255 = DIRECTION('',(1.,0.,0.));
#11256 = PCURVE('',#11127,#11257);
#11257 = DEFINITIONAL_REPRESENTATION('',(#11258),#11262);
#11258 = LINE('',#11259,#11260);
#11259 = CARTESIAN_POINT('',(102.8,0.));
#11260 = VECTOR('',#11261,1.);
#11261 = DIRECTION('',(0.,1.));
#11262 = ( GEOMETRIC_REPRESENTATION_CONTEXT(2) 
PARAMETRIC_REPRESENTATION_CONTEXT() REPRESENTATION_CONTEXT('2D SPACE',''
  ) );
#11263 = PCURVE('',#11209,#11264);
#11264 = DEFINITIONAL_REPRESENTATION('',(#11265),#11269);
#11265 = LINE('',#11266,#11267);
#11266 = CARTESIAN_POINT('',(0.,0.));
#11267 = VECTOR('',#11268,1.);
#11268 = DIRECTION('',(1.,0.));
#11269 = ( GEOMETRIC_REPRESENTATION_CONTEXT(2) 
PARAMETRIC_REPRESENTATION_CONTEXT() REPRESENTATION_CONTEXT('2D SPACE',''
  ) );
#11270 = ORIENTED_EDGE('',*,*,#11271,.F.);
#11271 = EDGE_CURVE('',#11225,#11249,#11272,.T.);
#11272 = SURFACE_CURVE('',#11273,(#11277,#11284),.PCURVE_S1.);
#11273 = LINE('',#11274,#11275);
#11274 = CARTESIAN_POINT('',(74.12,-144.,0.));
#11275 = VECTOR('',#11276,1.);
#11276 = DIRECTION('',(0.,0.,1.));
#11277 = PCURVE('',#11127,#11278);
#11278 = DEFINITIONAL_REPRESENTATION('',(#11279),#11283);
#11279 = LINE('',#11280,#11281);
#11280 = CARTESIAN_POINT('',(0.,148.24));
#11281 = VECTOR('',#11282,1.);
#11282 = DIRECTION('',(1.,0.));
#11283 = ( GEOMETRIC_REPRESENTATION_CONTEXT(2) 
PARAMETRIC_REPRESENTATION_CONTEXT() REPRESENTATION_CONTEXT('2D SPACE',''
  ) );
#11284 = PCURVE('',#11285,#11290);
#11285 = PLANE('',#11286);
#11286 = AXIS2_PLACEMENT_3D('',#11287,#11288,#11289);
#11287 = CARTESIAN_POINT('',(74.12,-144.,0.));
#11288 = DIRECTION('',(1.,0.,0.));
#11289 = DIRECTION('',(0.,0.,1.));
#11290 = DEFINITIONAL_REPRESENTATION('',(#11291),#11295);
#11291 = LINE('',#11292,#11293);
#11292 = CARTESIAN_POINT('',(0.,0.));
#11293 = VECTOR('',#11294,1.);
#11294 = DIRECTION('',(1.,0.));
#11295 = ( GEOMETRIC_REPRESENTATION_CONTEXT(2) 
PARAMETRIC_REPRESENTATION_CONTEXT() REPRESENTATION_CONTEXT('2D SPACE',''
  ) );
#11296 = ADVANCED_FACE('',(#11297,#11345,#11376),#11209,.T.);
#11297 = FACE_BOUND('',#11298,.T.);
#11298 = EDGE_LOOP('',(#11299,#11300,#11301,#11324));
#11299 = ORIENTED_EDGE('',*,*,#11195,.F.);
#11300 = ORIENTED_EDGE('',*,*,#11248,.T.);
#11301 = ORIENTED_EDGE('',*,*,#11302,.T.);
#11302 = EDGE_CURVE('',#11249,#11303,#11305,.T.);
#11303 = VERTEX_POINT('',#11304);
#11304 = CARTESIAN_POINT('',(74.12,-117.34,102.8));
#11305 = SURFACE_CURVE('',#11306,(#11310,#11317),.PCURVE_S1.);
#11306 = LINE('',#11307,#11308);
#11307 = CARTESIAN_POINT('',(74.12,-144.,102.8));
#11308 = VECTOR('',#11309,1.);
#11309 = DIRECTION('',(0.,1.,0.));
#11310 = PCURVE('',#11209,#11311);
#11311 = DEFINITIONAL_REPRESENTATION('',(#11312),#11316);
#11312 = LINE('',#11313,#11314);
#11313 = CARTESIAN_POINT('',(148.24,0.));
#11314 = VECTOR('',#11315,1.);
#11315 = DIRECTION('',(0.,1.));
#11316 = ( GEOMETRIC_REPRESENTATION_CONTEXT(2) 
PARAMETRIC_REPRESENTATION_CONTEXT() REPRESENTATION_CONTEXT('2D SPACE',''
  ) );
#11317 = PCURVE('',#11285,#11318);
#11318 = DEFINITIONAL_REPRESENTATION('',(#11319),#11323);
#11319 = LINE('',#11320,#11321);
#11320 = CARTESIAN_POINT('',(102.8,0.));
#11321 = VECTOR('',#11322,1.);
#11322 = DIRECTION('',(0.,-1.));
#11323 = ( GEOMETRIC_REPRESENTATION_CONTEXT(2) 
PARAMETRIC_REPRESENTATION_CONTEXT() REPRESENTATION_CONTEXT('2D SPACE',''
  ) );
#11324 = ORIENTED_EDGE('',*,*,#11325,.F.);
#11325 = EDGE_CURVE('',#11168,#11303,#11326,.T.);
#11326 = SURFACE_CURVE('',#11327,(#11331,#11338),.PCURVE_S1.);
#11327 = LINE('',#11328,#11329);
#11328 = CARTESIAN_POINT('',(-74.12,-117.34,102.8));
#11329 = VECTOR('',#11330,1.);
#11330 = DIRECTION('',(1.,0.,0.));
#11331 = PCURVE('',#11209,#11332);
#11332 = DEFINITIONAL_REPRESENTATION('',(#11333),#11337);
#11333 = LINE('',#11334,#11335);
#11334 = CARTESIAN_POINT('',(0.,26.66));
#11335 = VECTOR('',#11336,1.);
#11336 = DIRECTION('',(1.,0.));
#11337 = ( GEOMETRIC_REPRESENTATION_CONTEXT(2) 
PARAMETRIC_REPRESENTATION_CONTEXT() REPRESENTATION_CONTEXT('2D SPACE',''
  ) );
#11338 = PCURVE('',#11183,#11339);
#11339 = DEFINITIONAL_REPRESENTATION('',(#11340),#11344);
#11340 = LINE('',#11341,#11342);
#11341 = CARTESIAN_POINT('',(102.8,0.));
#11342 = VECTOR('',#11343,1.);
#11343 = DIRECTION('',(0.,1.));
#11344 = ( GEOMETRIC_REPRESENTATION_CONTEXT(2) 
PARAMETRIC_REPRESENTATION_CONTEXT() REPRESENTATION_CONTEXT('2D SPACE',''
  ) );
#11345 = FACE_BOUND('',#11346,.T.);
#11346 = EDGE_LOOP('',(#11347));
#11347 = ORIENTED_EDGE('',*,*,#11348,.F.);
#11348 = EDGE_CURVE('',#11349,#11349,#11351,.T.);
#11349 = VERTEX_POINT('',#11350);
#11350 = CARTESIAN_POINT('',(60.74,-130.67,102.8));
#11351 = SURFACE_CURVE('',#11352,(#11357,#11364),.PCURVE_S1.);
#11352 = CIRCLE('',#11353,5.44);
#11353 = AXIS2_PLACEMENT_3D('',#11354,#11355,#11356);
#11354 = CARTESIAN_POINT('',(55.3,-130.67,102.8));
#11355 = DIRECTION('',(0.,0.,1.));
#11356 = DIRECTION('',(1.,0.,0.));
#11357 = PCURVE('',#11209,#11358);
#11358 = DEFINITIONAL_REPRESENTATION('',(#11359),#11363);
#11359 = CIRCLE('',#11360,5.44);
#11360 = AXIS2_PLACEMENT_2D('',#11361,#11362);
#11361 = CARTESIAN_POINT('',(129.42,13.33));
#11362 = DIRECTION('',(1.,0.));
#11363 = ( GEOMETRIC_REPRESENTATION_CONTEXT(2) 
PARAMETRIC_REPRESENTATION_CONTEXT() REPRESENTATION_CONTEXT('2D SPACE',''
  ) );
#11364 = PCURVE('',#11365,#11370);
#11365 = CYLINDRICAL_SURFACE('',#11366,5.44);
#11366 = AXIS2_PLACEMENT_3D('',#11367,#11368,#11369);
#11367 = CARTESIAN_POINT('',(55.3,-130.67,102.8));
#11368 = DIRECTION('',(0.,0.,1.));
#11369 = DIRECTION('',(1.,0.,0.));
#11370 = DEFINITIONAL_REPRESENTATION('',(#11371),#11375);
#11371 = LINE('',#11372,#11373);
#11372 = CARTESIAN_POINT('',(0.,0.));
#11373 = VECTOR('',#11374,1.);
#11374 = DIRECTION('',(1.,0.));
#11375 = ( GEOMETRIC_REPRESENTATION_CONTEXT(2) 
PARAMETRIC_REPRESENTATION_CONTEXT() REPRESENTATION_CONTEXT('2D SPACE',''
  ) );
#11376 = FACE_BOUND('',#11377,.T.);
#11377 = EDGE_LOOP('',(#11378));
#11378 = ORIENTED_EDGE('',*,*,#11379,.F.);
#11379 = EDGE_CURVE('',#11380,#11380,#11382,.T.);
#11380 = VERTEX_POINT('',#11381);
#11381 = CARTESIAN_POINT('',(-49.86,-130.67,102.8));
#11382 = SURFACE_CURVE('',#11383,(#11388,#11395),.PCURVE_S1.);
#11383 = CIRCLE('',#11384,5.44);
#11384 = AXIS2_PLACEMENT_3D('',#11385,#11386,#11387);
#11385 = CARTESIAN_POINT('',(-55.3,-130.67,102.8));
#11386 = DIRECTION('',(0.,0.,1.));
#11387 = DIRECTION('',(1.,0.,0.));
#11388 = PCURVE('',#11209,#11389);
#11389 = DEFINITIONAL_REPRESENTATION('',(#11390),#11394);
#11390 = CIRCLE('',#11391,5.44);
#11391 = AXIS2_PLACEMENT_2D('',#11392,#11393);
#11392 = CARTESIAN_POINT('',(18.82,13.33));
#11393 = DIRECTION('',(1.,0.));
#11394 = ( GEOMETRIC_REPRESENTATION_CONTEXT(2) 
PARAMETRIC_REPRESENTATION_CONTEXT() REPRESENTATION_CONTEXT('2D SPACE',''
  ) );
#11395 = PCURVE('',#11396,#11401);
#11396 = CYLINDRICAL_SURFACE('',#11397,5.44);
#11397 = AXIS2_PLACEMENT_3D('',#11398,#11399,#11400);
#11398 = CARTESIAN_POINT('',(-55.3,-130.67,102.8));
#11399 = DIRECTION('',(0.,0.,1.));
#11400 = DIRECTION('',(1.,0.,0.));
#11401 = DEFINITIONAL_REPRESENTATION('',(#11402),#11406);
#11402 = LINE('',#11403,#11404);
#11403 = CARTESIAN_POINT('',(0.,0.));
#11404 = VECTOR('',#11405,1.);
#11405 = DIRECTION('',(1.,0.));
#11406 = ( GEOMETRIC_REPRESENTATION_CONTEXT(2) 
PARAMETRIC_REPRESENTATION_CONTEXT() REPRESENTATION_CONTEXT('2D SPACE',''
  ) );
#11407 = ADVANCED_FACE('',(#11408),#11183,.T.);
#11408 = FACE_BOUND('',#11409,.T.);
#11409 = EDGE_LOOP('',(#11410,#11433,#11434,#11435));
#11410 = ORIENTED_EDGE('',*,*,#11411,.F.);
#11411 = EDGE_CURVE('',#11140,#11412,#11414,.T.);
#11412 = VERTEX_POINT('',#11413);
#11413 = CARTESIAN_POINT('',(74.12,-117.34,0.));
#11414 = SURFACE_CURVE('',#11415,(#11419,#11426),.PCURVE_S1.);
#11415 = LINE('',#11416,#11417);
#11416 = CARTESIAN_POINT('',(-74.12,-117.34,0.));
#11417 = VECTOR('',#11418,1.);
#11418 = DIRECTION('',(1.,0.,0.));
#11419 = PCURVE('',#11183,#11420);
#11420 = DEFINITIONAL_REPRESENTATION('',(#11421),#11425);
#11421 = LINE('',#11422,#11423);
#11422 = CARTESIAN_POINT('',(0.,0.));
#11423 = VECTOR('',#11424,1.);
#11424 = DIRECTION('',(0.,1.));
#11425 = ( GEOMETRIC_REPRESENTATION_CONTEXT(2) 
PARAMETRIC_REPRESENTATION_CONTEXT() REPRESENTATION_CONTEXT('2D SPACE',''
  ) );
#11426 = PCURVE('',#11155,#11427);
#11427 = DEFINITIONAL_REPRESENTATION('',(#11428),#11432);
#11428 = LINE('',#11429,#11430);
#11429 = CARTESIAN_POINT('',(0.,26.66));
#11430 = VECTOR('',#11431,1.);
#11431 = DIRECTION('',(1.,0.));
#11432 = ( GEOMETRIC_REPRESENTATION_CONTEXT(2) 
PARAMETRIC_REPRESENTATION_CONTEXT() REPRESENTATION_CONTEXT('2D SPACE',''
  ) );
#11433 = ORIENTED_EDGE('',*,*,#11167,.T.);
#11434 = ORIENTED_EDGE('',*,*,#11325,.T.);
#11435 = ORIENTED_EDGE('',*,*,#11436,.F.);
#11436 = EDGE_CURVE('',#11412,#11303,#11437,.T.);
#11437 = SURFACE_CURVE('',#11438,(#11442,#11449),.PCURVE_S1.);
#11438 = LINE('',#11439,#11440);
#11439 = CARTESIAN_POINT('',(74.12,-117.34,0.));
#11440 = VECTOR('',#11441,1.);
#11441 = DIRECTION('',(0.,0.,1.));
#11442 = PCURVE('',#11183,#11443);
#11443 = DEFINITIONAL_REPRESENTATION('',(#11444),#11448);
#11444 = LINE('',#11445,#11446);
#11445 = CARTESIAN_POINT('',(0.,148.24));
#11446 = VECTOR('',#11447,1.);
#11447 = DIRECTION('',(1.,0.));
#11448 = ( GEOMETRIC_REPRESENTATION_CONTEXT(2) 
PARAMETRIC_REPRESENTATION_CONTEXT() REPRESENTATION_CONTEXT('2D SPACE',''
  ) );
#11449 = PCURVE('',#11285,#11450);
#11450 = DEFINITIONAL_REPRESENTATION('',(#11451),#11455);
#11451 = LINE('',#11452,#11453);
#11452 = CARTESIAN_POINT('',(0.,-26.66));
#11453 = VECTOR('',#11454,1.);
#11454 = DIRECTION('',(1.,0.));
#11455 = ( GEOMETRIC_REPRESENTATION_CONTEXT(2) 
PARAMETRIC_REPRESENTATION_CONTEXT() REPRESENTATION_CONTEXT('2D SPACE',''
  ) );
#11456 = ADVANCED_FACE('',(#11457),#11155,.F.);
#11457 = FACE_BOUND('',#11458,.F.);
#11458 = EDGE_LOOP('',(#11459,#11460,#11461,#11482));
#11459 = ORIENTED_EDGE('',*,*,#11139,.F.);
#11460 = ORIENTED_EDGE('',*,*,#11224,.T.);
#11461 = ORIENTED_EDGE('',*,*,#11462,.T.);
#11462 = EDGE_CURVE('',#11225,#11412,#11463,.T.);
#11463 = SURFACE_CURVE('',#11464,(#11468,#11475),.PCURVE_S1.);
#11464 = LINE('',#11465,#11466);
#11465 = CARTESIAN_POINT('',(74.12,-144.,0.));
#11466 = VECTOR('',#11467,1.);
#11467 = DIRECTION('',(0.,1.,0.));
#11468 = PCURVE('',#11155,#11469);
#11469 = DEFINITIONAL_REPRESENTATION('',(#11470),#11474);
#11470 = LINE('',#11471,#11472);
#11471 = CARTESIAN_POINT('',(148.24,0.));
#11472 = VECTOR('',#11473,1.);
#11473 = DIRECTION('',(0.,1.));
#11474 = ( GEOMETRIC_REPRESENTATION_CONTEXT(2) 
PARAMETRIC_REPRESENTATION_CONTEXT() REPRESENTATION_CONTEXT('2D SPACE',''
  ) );
#11475 = PCURVE('',#11285,#11476);
#11476 = DEFINITIONAL_REPRESENTATION('',(#11477),#11481);
#11477 = LINE('',#11478,#11479);
#11478 = CARTESIAN_POINT('',(0.,0.));
#11479 = VECTOR('',#11480,1.);
#11480 = DIRECTION('',(0.,-1.));
#11481 = ( GEOMETRIC_REPRESENTATION_CONTEXT(2) 
PARAMETRIC_REPRESENTATION_CONTEXT() REPRESENTATION_CONTEXT('2D SPACE',''
  ) );
#11482 = ORIENTED_EDGE('',*,*,#11411,.F.);
#11483 = ADVANCED_FACE('',(#11484),#11285,.T.);
#11484 = FACE_BOUND('',#11485,.T.);
#11485 = EDGE_LOOP('',(#11486,#11487,#11488,#11489));
#11486 = ORIENTED_EDGE('',*,*,#11271,.F.);
#11487 = ORIENTED_EDGE('',*,*,#11462,.T.);
#11488 = ORIENTED_EDGE('',*,*,#11436,.T.);
#11489 = ORIENTED_EDGE('',*,*,#11302,.F.);
#11490 = ADVANCED_FACE('',(#11491),#11365,.T.);
#11491 = FACE_BOUND('',#11492,.T.);
#11492 = EDGE_LOOP('',(#11493,#11522,#11543,#11544));
#11493 = ORIENTED_EDGE('',*,*,#11494,.F.);
#11494 = EDGE_CURVE('',#11495,#11495,#11497,.T.);
#11495 = VERTEX_POINT('',#11496);
#11496 = CARTESIAN_POINT('',(60.74,-130.67,105.9));
#11497 = SURFACE_CURVE('',#11498,(#11503,#11510),.PCURVE_S1.);
#11498 = CIRCLE('',#11499,5.44);
#11499 = AXIS2_PLACEMENT_3D('',#11500,#11501,#11502);
#11500 = CARTESIAN_POINT('',(55.3,-130.67,105.9));
#11501 = DIRECTION('',(0.,0.,1.));
#11502 = DIRECTION('',(1.,0.,0.));
#11503 = PCURVE('',#11365,#11504);
#11504 = DEFINITIONAL_REPRESENTATION('',(#11505),#11509);
#11505 = LINE('',#11506,#11507);
#11506 = CARTESIAN_POINT('',(0.,3.1));
#11507 = VECTOR('',#11508,1.);
#11508 = DIRECTION('',(1.,0.));
#11509 = ( GEOMETRIC_REPRESENTATION_CONTEXT(2) 
PARAMETRIC_REPRESENTATION_CONTEXT() REPRESENTATION_CONTEXT('2D SPACE',''
  ) );
#11510 = PCURVE('',#11511,#11516);
#11511 = PLANE('',#11512);
#11512 = AXIS2_PLACEMENT_3D('',#11513,#11514,#11515);
#11513 = CARTESIAN_POINT('',(55.3,-130.67,105.9));
#11514 = DIRECTION('',(0.,0.,1.));
#11515 = DIRECTION('',(1.,0.,0.));
#11516 = DEFINITIONAL_REPRESENTATION('',(#11517),#11521);
#11517 = CIRCLE('',#11518,5.44);
#11518 = AXIS2_PLACEMENT_2D('',#11519,#11520);
#11519 = CARTESIAN_POINT('',(0.,0.));
#11520 = DIRECTION('',(1.,0.));
#11521 = ( GEOMETRIC_REPRESENTATION_CONTEXT(2) 
PARAMETRIC_REPRESENTATION_CONTEXT() REPRESENTATION_CONTEXT('2D SPACE',''
  ) );
#11522 = ORIENTED_EDGE('',*,*,#11523,.F.);
#11523 = EDGE_CURVE('',#11349,#11495,#11524,.T.);
#11524 = SEAM_CURVE('',#11525,(#11529,#11536),.PCURVE_S1.);
#11525 = LINE('',#11526,#11527);
#11526 = CARTESIAN_POINT('',(60.74,-130.67,102.8));
#11527 = VECTOR('',#11528,1.);
#11528 = DIRECTION('',(0.,0.,1.));
#11529 = PCURVE('',#11365,#11530);
#11530 = DEFINITIONAL_REPRESENTATION('',(#11531),#11535);
#11531 = LINE('',#11532,#11533);
#11532 = CARTESIAN_POINT('',(6.28318530718,-0.));
#11533 = VECTOR('',#11534,1.);
#11534 = DIRECTION('',(0.,1.));
#11535 = ( GEOMETRIC_REPRESENTATION_CONTEXT(2) 
PARAMETRIC_REPRESENTATION_CONTEXT() REPRESENTATION_CONTEXT('2D SPACE',''
  ) );
#11536 = PCURVE('',#11365,#11537);
#11537 = DEFINITIONAL_REPRESENTATION('',(#11538),#11542);
#11538 = LINE('',#11539,#11540);
#11539 = CARTESIAN_POINT('',(0.,-0.));
#11540 = VECTOR('',#11541,1.);
#11541 = DIRECTION('',(0.,1.));
#11542 = ( GEOMETRIC_REPRESENTATION_CONTEXT(2) 
PARAMETRIC_REPRESENTATION_CONTEXT() REPRESENTATION_CONTEXT('2D SPACE',''
  ) );
#11543 = ORIENTED_EDGE('',*,*,#11348,.T.);
#11544 = ORIENTED_EDGE('',*,*,#11523,.T.);
#11545 = ADVANCED_FACE('',(#11546),#11396,.T.);
#11546 = FACE_BOUND('',#11547,.T.);
#11547 = EDGE_LOOP('',(#11548,#11577,#11598,#11599));
#11548 = ORIENTED_EDGE('',*,*,#11549,.F.);
#11549 = EDGE_CURVE('',#11550,#11550,#11552,.T.);
#11550 = VERTEX_POINT('',#11551);
#11551 = CARTESIAN_POINT('',(-49.86,-130.67,105.9));
#11552 = SURFACE_CURVE('',#11553,(#11558,#11565),.PCURVE_S1.);
#11553 = CIRCLE('',#11554,5.44);
#11554 = AXIS2_PLACEMENT_3D('',#11555,#11556,#11557);
#11555 = CARTESIAN_POINT('',(-55.3,-130.67,105.9));
#11556 = DIRECTION('',(0.,0.,1.));
#11557 = DIRECTION('',(1.,0.,0.));
#11558 = PCURVE('',#11396,#11559);
#11559 = DEFINITIONAL_REPRESENTATION('',(#11560),#11564);
#11560 = LINE('',#11561,#11562);
#11561 = CARTESIAN_POINT('',(0.,3.1));
#11562 = VECTOR('',#11563,1.);
#11563 = DIRECTION('',(1.,0.));
#11564 = ( GEOMETRIC_REPRESENTATION_CONTEXT(2) 
PARAMETRIC_REPRESENTATION_CONTEXT() REPRESENTATION_CONTEXT('2D SPACE',''
  ) );
#11565 = PCURVE('',#11566,#11571);
#11566 = PLANE('',#11567);
#11567 = AXIS2_PLACEMENT_3D('',#11568,#11569,#11570);
#11568 = CARTESIAN_POINT('',(-55.3,-130.67,105.9));
#11569 = DIRECTION('',(0.,0.,1.));
#11570 = DIRECTION('',(1.,0.,0.));
#11571 = DEFINITIONAL_REPRESENTATION('',(#11572),#11576);
#11572 = CIRCLE('',#11573,5.44);
#11573 = AXIS2_PLACEMENT_2D('',#11574,#11575);
#11574 = CARTESIAN_POINT('',(0.,0.));
#11575 = DIRECTION('',(1.,0.));
#11576 = ( GEOMETRIC_REPRESENTATION_CONTEXT(2) 
PARAMETRIC_REPRESENTATION_CONTEXT() REPRESENTATION_CONTEXT('2D SPACE',''
  ) );
#11577 = ORIENTED_EDGE('',*,*,#11578,.F.);
#11578 = EDGE_CURVE('',#11380,#11550,#11579,.T.);
#11579 = SEAM_CURVE('',#11580,(#11584,#11591),.PCURVE_S1.);
#11580 = LINE('',#11581,#11582);
#11581 = CARTESIAN_POINT('',(-49.86,-130.67,102.8));
#11582 = VECTOR('',#11583,1.);
#11583 = DIRECTION('',(0.,0.,1.));
#11584 = PCURVE('',#11396,#11585);
#11585 = DEFINITIONAL_REPRESENTATION('',(#11586),#11590);
#11586 = LINE('',#11587,#11588);
#11587 = CARTESIAN_POINT('',(6.28318530718,-0.));
#11588 = VECTOR('',#11589,1.);
#11589 = DIRECTION('',(0.,1.));
#11590 = ( GEOMETRIC_REPRESENTATION_CONTEXT(2) 
PARAMETRIC_REPRESENTATION_CONTEXT() REPRESENTATION_CONTEXT('2D SPACE',''
  ) );
#11591 = PCURVE('',#11396,#11592);
#11592 = DEFINITIONAL_REPRESENTATION('',(#11593),#11597);
#11593 = LINE('',#11594,#11595);
#11594 = CARTESIAN_POINT('',(0.,-0.));
#11595 = VECTOR('',#11596,1.);
#11596 = DIRECTION('',(0.,1.));
#11597 = ( GEOMETRIC_REPRESENTATION_CONTEXT(2) 
PARAMETRIC_REPRESENTATION_CONTEXT() REPRESENTATION_CONTEXT('2D SPACE',''
  ) );
#11598 = ORIENTED_EDGE('',*,*,#11379,.T.);
#11599 = ORIENTED_EDGE('',*,*,#11578,.T.);
#11600 = ADVANCED_FACE('',(#11601),#11511,.T.);
#11601 = FACE_BOUND('',#11602,.T.);
#11602 = EDGE_LOOP('',(#11603));
#11603 = ORIENTED_EDGE('',*,*,#11494,.T.);
#11604 = ADVANCED_FACE('',(#11605),#11566,.T.);
#11605 = FACE_BOUND('',#11606,.T.);
#11606 = EDGE_LOOP('',(#11607));
#11607 = ORIENTED_EDGE('',*,*,#11549,.T.);
#11608 = MANIFOLD_SOLID_BREP('',#11609);
#11609 = CLOSED_SHELL('',(#11610,#11730,#11806,#11917,#11966,#11993,
    #12000,#12055,#12110,#12114));
#11610 = ADVANCED_FACE('',(#11611),#11625,.F.);
#11611 = FACE_BOUND('',#11612,.F.);
#11612 = EDGE_LOOP('',(#11613,#11648,#11676,#11704));
#11613 = ORIENTED_EDGE('',*,*,#11614,.F.);
#11614 = EDGE_CURVE('',#11615,#11617,#11619,.T.);
#11615 = VERTEX_POINT('',#11616);
#11616 = CARTESIAN_POINT('',(74.12,-87.68,0.));
#11617 = VERTEX_POINT('',#11618);
#11618 = CARTESIAN_POINT('',(74.12,-87.68,102.8));
#11619 = SURFACE_CURVE('',#11620,(#11624,#11636),.PCURVE_S1.);
#11620 = LINE('',#11621,#11622);
#11621 = CARTESIAN_POINT('',(74.12,-87.68,0.));
#11622 = VECTOR('',#11623,1.);
#11623 = DIRECTION('',(0.,0.,1.));
#11624 = PCURVE('',#11625,#11630);
#11625 = PLANE('',#11626);
#11626 = AXIS2_PLACEMENT_3D('',#11627,#11628,#11629);
#11627 = CARTESIAN_POINT('',(74.12,-87.68,0.));
#11628 = DIRECTION('',(-1.,1.224646799147E-16,0.));
#11629 = DIRECTION('',(0.,0.,1.));
#11630 = DEFINITIONAL_REPRESENTATION('',(#11631),#11635);
#11631 = LINE('',#11632,#11633);
#11632 = CARTESIAN_POINT('',(0.,0.));
#11633 = VECTOR('',#11634,1.);
#11634 = DIRECTION('',(1.,0.));
#11635 = ( GEOMETRIC_REPRESENTATION_CONTEXT(2) 
PARAMETRIC_REPRESENTATION_CONTEXT() REPRESENTATION_CONTEXT('2D SPACE',''
  ) );
#11636 = PCURVE('',#11637,#11642);
#11637 = PLANE('',#11638);
#11638 = AXIS2_PLACEMENT_3D('',#11639,#11640,#11641);
#11639 = CARTESIAN_POINT('',(74.12,-87.68,0.));
#11640 = DIRECTION('',(-1.224646799147E-16,-1.,0.));
#11641 = DIRECTION('',(0.,0.,1.));
#11642 = DEFINITIONAL_REPRESENTATION('',(#11643),#11647);
#11643 = LINE('',#11644,#11645);
#11644 = CARTESIAN_POINT('',(0.,0.));
#11645 = VECTOR('',#11646,1.);
#11646 = DIRECTION('',(1.,0.));
#11647 = ( GEOMETRIC_REPRESENTATION_CONTEXT(2) 
PARAMETRIC_REPRESENTATION_CONTEXT() REPRESENTATION_CONTEXT('2D SPACE',''
  ) );
#11648 = ORIENTED_EDGE('',*,*,#11649,.T.);
#11649 = EDGE_CURVE('',#11615,#11650,#11652,.T.);
#11650 = VERTEX_POINT('',#11651);
#11651 = CARTESIAN_POINT('',(74.12,-114.34,0.));
#11652 = SURFACE_CURVE('',#11653,(#11657,#11664),.PCURVE_S1.);
#11653 = LINE('',#11654,#11655);
#11654 = CARTESIAN_POINT('',(74.12,-87.68,0.));
#11655 = VECTOR('',#11656,1.);
#11656 = DIRECTION('',(-1.224646799147E-16,-1.,0.));
#11657 = PCURVE('',#11625,#11658);
#11658 = DEFINITIONAL_REPRESENTATION('',(#11659),#11663);
#11659 = LINE('',#11660,#11661);
#11660 = CARTESIAN_POINT('',(0.,0.));
#11661 = VECTOR('',#11662,1.);
#11662 = DIRECTION('',(0.,-1.));
#11663 = ( GEOMETRIC_REPRESENTATION_CONTEXT(2) 
PARAMETRIC_REPRESENTATION_CONTEXT() REPRESENTATION_CONTEXT('2D SPACE',''
  ) );
#11664 = PCURVE('',#11665,#11670);
#11665 = PLANE('',#11666);
#11666 = AXIS2_PLACEMENT_3D('',#11667,#11668,#11669);
#11667 = CARTESIAN_POINT('',(74.12,-87.68,0.));
#11668 = DIRECTION('',(0.,0.,1.));
#11669 = DIRECTION('',(-1.,1.224646799147E-16,0.));
#11670 = DEFINITIONAL_REPRESENTATION('',(#11671),#11675);
#11671 = LINE('',#11672,#11673);
#11672 = CARTESIAN_POINT('',(0.,0.));
#11673 = VECTOR('',#11674,1.);
#11674 = DIRECTION('',(0.,1.));
#11675 = ( GEOMETRIC_REPRESENTATION_CONTEXT(2) 
PARAMETRIC_REPRESENTATION_CONTEXT() REPRESENTATION_CONTEXT('2D SPACE',''
  ) );
#11676 = ORIENTED_EDGE('',*,*,#11677,.T.);
#11677 = EDGE_CURVE('',#11650,#11678,#11680,.T.);
#11678 = VERTEX_POINT('',#11679);
#11679 = CARTESIAN_POINT('',(74.12,-114.34,102.8));
#11680 = SURFACE_CURVE('',#11681,(#11685,#11692),.PCURVE_S1.);
#11681 = LINE('',#11682,#11683);
#11682 = CARTESIAN_POINT('',(74.12,-114.34,0.));
#11683 = VECTOR('',#11684,1.);
#11684 = DIRECTION('',(0.,0.,1.));
#11685 = PCURVE('',#11625,#11686);
#11686 = DEFINITIONAL_REPRESENTATION('',(#11687),#11691);
#11687 = LINE('',#11688,#11689);
#11688 = CARTESIAN_POINT('',(0.,-26.66));
#11689 = VECTOR('',#11690,1.);
#11690 = DIRECTION('',(1.,0.));
#11691 = ( GEOMETRIC_REPRESENTATION_CONTEXT(2) 
PARAMETRIC_REPRESENTATION_CONTEXT() REPRESENTATION_CONTEXT('2D SPACE',''
  ) );
#11692 = PCURVE('',#11693,#11698);
#11693 = PLANE('',#11694);
#11694 = AXIS2_PLACEMENT_3D('',#11695,#11696,#11697);
#11695 = CARTESIAN_POINT('',(74.12,-114.34,0.));
#11696 = DIRECTION('',(-1.224646799147E-16,-1.,0.));
#11697 = DIRECTION('',(0.,0.,1.));
#11698 = DEFINITIONAL_REPRESENTATION('',(#11699),#11703);
#11699 = LINE('',#11700,#11701);
#11700 = CARTESIAN_POINT('',(0.,0.));
#11701 = VECTOR('',#11702,1.);
#11702 = DIRECTION('',(1.,0.));
#11703 = ( GEOMETRIC_REPRESENTATION_CONTEXT(2) 
PARAMETRIC_REPRESENTATION_CONTEXT() REPRESENTATION_CONTEXT('2D SPACE',''
  ) );
#11704 = ORIENTED_EDGE('',*,*,#11705,.F.);
#11705 = EDGE_CURVE('',#11617,#11678,#11706,.T.);
#11706 = SURFACE_CURVE('',#11707,(#11711,#11718),.PCURVE_S1.);
#11707 = LINE('',#11708,#11709);
#11708 = CARTESIAN_POINT('',(74.12,-87.68,102.8));
#11709 = VECTOR('',#11710,1.);
#11710 = DIRECTION('',(-1.224646799147E-16,-1.,0.));
#11711 = PCURVE('',#11625,#11712);
#11712 = DEFINITIONAL_REPRESENTATION('',(#11713),#11717);
#11713 = LINE('',#11714,#11715);
#11714 = CARTESIAN_POINT('',(102.8,0.));
#11715 = VECTOR('',#11716,1.);
#11716 = DIRECTION('',(0.,-1.));
#11717 = ( GEOMETRIC_REPRESENTATION_CONTEXT(2) 
PARAMETRIC_REPRESENTATION_CONTEXT() REPRESENTATION_CONTEXT('2D SPACE',''
  ) );
#11718 = PCURVE('',#11719,#11724);
#11719 = PLANE('',#11720);
#11720 = AXIS2_PLACEMENT_3D('',#11721,#11722,#11723);
#11721 = CARTESIAN_POINT('',(74.12,-87.68,102.8));
#11722 = DIRECTION('',(0.,0.,1.));
#11723 = DIRECTION('',(-1.,1.224646799147E-16,0.));
#11724 = DEFINITIONAL_REPRESENTATION('',(#11725),#11729);
#11725 = LINE('',#11726,#11727);
#11726 = CARTESIAN_POINT('',(0.,0.));
#11727 = VECTOR('',#11728,1.);
#11728 = DIRECTION('',(0.,1.));
#11729 = ( GEOMETRIC_REPRESENTATION_CONTEXT(2) 
PARAMETRIC_REPRESENTATION_CONTEXT() REPRESENTATION_CONTEXT('2D SPACE',''
  ) );
#11730 = ADVANCED_FACE('',(#11731),#11637,.F.);
#11731 = FACE_BOUND('',#11732,.F.);
#11732 = EDGE_LOOP('',(#11733,#11756,#11757,#11780));
#11733 = ORIENTED_EDGE('',*,*,#11734,.F.);
#11734 = EDGE_CURVE('',#11615,#11735,#11737,.T.);
#11735 = VERTEX_POINT('',#11736);
#11736 = CARTESIAN_POINT('',(-74.12,-87.68,0.));
#11737 = SURFACE_CURVE('',#11738,(#11742,#11749),.PCURVE_S1.);
#11738 = LINE('',#11739,#11740);
#11739 = CARTESIAN_POINT('',(74.12,-87.68,0.));
#11740 = VECTOR('',#11741,1.);
#11741 = DIRECTION('',(-1.,1.224646799147E-16,0.));
#11742 = PCURVE('',#11637,#11743);
#11743 = DEFINITIONAL_REPRESENTATION('',(#11744),#11748);
#11744 = LINE('',#11745,#11746);
#11745 = CARTESIAN_POINT('',(0.,0.));
#11746 = VECTOR('',#11747,1.);
#11747 = DIRECTION('',(0.,1.));
#11748 = ( GEOMETRIC_REPRESENTATION_CONTEXT(2) 
PARAMETRIC_REPRESENTATION_CONTEXT() REPRESENTATION_CONTEXT('2D SPACE',''
  ) );
#11749 = PCURVE('',#11665,#11750);
#11750 = DEFINITIONAL_REPRESENTATION('',(#11751),#11755);
#11751 = LINE('',#11752,#11753);
#11752 = CARTESIAN_POINT('',(0.,0.));
#11753 = VECTOR('',#11754,1.);
#11754 = DIRECTION('',(1.,0.));
#11755 = ( GEOMETRIC_REPRESENTATION_CONTEXT(2) 
PARAMETRIC_REPRESENTATION_CONTEXT() REPRESENTATION_CONTEXT('2D SPACE',''
  ) );
#11756 = ORIENTED_EDGE('',*,*,#11614,.T.);
#11757 = ORIENTED_EDGE('',*,*,#11758,.T.);
#11758 = EDGE_CURVE('',#11617,#11759,#11761,.T.);
#11759 = VERTEX_POINT('',#11760);
#11760 = CARTESIAN_POINT('',(-74.12,-87.68,102.8));
#11761 = SURFACE_CURVE('',#11762,(#11766,#11773),.PCURVE_S1.);
#11762 = LINE('',#11763,#11764);
#11763 = CARTESIAN_POINT('',(74.12,-87.68,102.8));
#11764 = VECTOR('',#11765,1.);
#11765 = DIRECTION('',(-1.,1.224646799147E-16,0.));
#11766 = PCURVE('',#11637,#11767);
#11767 = DEFINITIONAL_REPRESENTATION('',(#11768),#11772);
#11768 = LINE('',#11769,#11770);
#11769 = CARTESIAN_POINT('',(102.8,0.));
#11770 = VECTOR('',#11771,1.);
#11771 = DIRECTION('',(0.,1.));
#11772 = ( GEOMETRIC_REPRESENTATION_CONTEXT(2) 
PARAMETRIC_REPRESENTATION_CONTEXT() REPRESENTATION_CONTEXT('2D SPACE',''
  ) );
#11773 = PCURVE('',#11719,#11774);
#11774 = DEFINITIONAL_REPRESENTATION('',(#11775),#11779);
#11775 = LINE('',#11776,#11777);
#11776 = CARTESIAN_POINT('',(0.,0.));
#11777 = VECTOR('',#11778,1.);
#11778 = DIRECTION('',(1.,0.));
#11779 = ( GEOMETRIC_REPRESENTATION_CONTEXT(2) 
PARAMETRIC_REPRESENTATION_CONTEXT() REPRESENTATION_CONTEXT('2D SPACE',''
  ) );
#11780 = ORIENTED_EDGE('',*,*,#11781,.F.);
#11781 = EDGE_CURVE('',#11735,#11759,#11782,.T.);
#11782 = SURFACE_CURVE('',#11783,(#11787,#11794),.PCURVE_S1.);
#11783 = LINE('',#11784,#11785);
#11784 = CARTESIAN_POINT('',(-74.12,-87.68,0.));
#11785 = VECTOR('',#11786,1.);
#11786 = DIRECTION('',(0.,0.,1.));
#11787 = PCURVE('',#11637,#11788);
#11788 = DEFINITIONAL_REPRESENTATION('',(#11789),#11793);
#11789 = LINE('',#11790,#11791);
#11790 = CARTESIAN_POINT('',(0.,148.24));
#11791 = VECTOR('',#11792,1.);
#11792 = DIRECTION('',(1.,0.));
#11793 = ( GEOMETRIC_REPRESENTATION_CONTEXT(2) 
PARAMETRIC_REPRESENTATION_CONTEXT() REPRESENTATION_CONTEXT('2D SPACE',''
  ) );
#11794 = PCURVE('',#11795,#11800);
#11795 = PLANE('',#11796);
#11796 = AXIS2_PLACEMENT_3D('',#11797,#11798,#11799);
#11797 = CARTESIAN_POINT('',(-74.12,-87.68,0.));
#11798 = DIRECTION('',(-1.,1.224646799147E-16,0.));
#11799 = DIRECTION('',(0.,0.,1.));
#11800 = DEFINITIONAL_REPRESENTATION('',(#11801),#11805);
#11801 = LINE('',#11802,#11803);
#11802 = CARTESIAN_POINT('',(0.,0.));
#11803 = VECTOR('',#11804,1.);
#11804 = DIRECTION('',(1.,0.));
#11805 = ( GEOMETRIC_REPRESENTATION_CONTEXT(2) 
PARAMETRIC_REPRESENTATION_CONTEXT() REPRESENTATION_CONTEXT('2D SPACE',''
  ) );
#11806 = ADVANCED_FACE('',(#11807,#11855,#11886),#11719,.T.);
#11807 = FACE_BOUND('',#11808,.T.);
#11808 = EDGE_LOOP('',(#11809,#11810,#11811,#11834));
#11809 = ORIENTED_EDGE('',*,*,#11705,.F.);
#11810 = ORIENTED_EDGE('',*,*,#11758,.T.);
#11811 = ORIENTED_EDGE('',*,*,#11812,.T.);
#11812 = EDGE_CURVE('',#11759,#11813,#11815,.T.);
#11813 = VERTEX_POINT('',#11814);
#11814 = CARTESIAN_POINT('',(-74.12,-114.34,102.8));
#11815 = SURFACE_CURVE('',#11816,(#11820,#11827),.PCURVE_S1.);
#11816 = LINE('',#11817,#11818);
#11817 = CARTESIAN_POINT('',(-74.12,-87.68,102.8));
#11818 = VECTOR('',#11819,1.);
#11819 = DIRECTION('',(-1.224646799147E-16,-1.,0.));
#11820 = PCURVE('',#11719,#11821);
#11821 = DEFINITIONAL_REPRESENTATION('',(#11822),#11826);
#11822 = LINE('',#11823,#11824);
#11823 = CARTESIAN_POINT('',(148.24,0.));
#11824 = VECTOR('',#11825,1.);
#11825 = DIRECTION('',(0.,1.));
#11826 = ( GEOMETRIC_REPRESENTATION_CONTEXT(2) 
PARAMETRIC_REPRESENTATION_CONTEXT() REPRESENTATION_CONTEXT('2D SPACE',''
  ) );
#11827 = PCURVE('',#11795,#11828);
#11828 = DEFINITIONAL_REPRESENTATION('',(#11829),#11833);
#11829 = LINE('',#11830,#11831);
#11830 = CARTESIAN_POINT('',(102.8,0.));
#11831 = VECTOR('',#11832,1.);
#11832 = DIRECTION('',(0.,-1.));
#11833 = ( GEOMETRIC_REPRESENTATION_CONTEXT(2) 
PARAMETRIC_REPRESENTATION_CONTEXT() REPRESENTATION_CONTEXT('2D SPACE',''
  ) );
#11834 = ORIENTED_EDGE('',*,*,#11835,.F.);
#11835 = EDGE_CURVE('',#11678,#11813,#11836,.T.);
#11836 = SURFACE_CURVE('',#11837,(#11841,#11848),.PCURVE_S1.);
#11837 = LINE('',#11838,#11839);
#11838 = CARTESIAN_POINT('',(74.12,-114.34,102.8));
#11839 = VECTOR('',#11840,1.);
#11840 = DIRECTION('',(-1.,1.224646799147E-16,0.));
#11841 = PCURVE('',#11719,#11842);
#11842 = DEFINITIONAL_REPRESENTATION('',(#11843),#11847);
#11843 = LINE('',#11844,#11845);
#11844 = CARTESIAN_POINT('',(0.,26.66));
#11845 = VECTOR('',#11846,1.);
#11846 = DIRECTION('',(1.,0.));
#11847 = ( GEOMETRIC_REPRESENTATION_CONTEXT(2) 
PARAMETRIC_REPRESENTATION_CONTEXT() REPRESENTATION_CONTEXT('2D SPACE',''
  ) );
#11848 = PCURVE('',#11693,#11849);
#11849 = DEFINITIONAL_REPRESENTATION('',(#11850),#11854);
#11850 = LINE('',#11851,#11852);
#11851 = CARTESIAN_POINT('',(102.8,0.));
#11852 = VECTOR('',#11853,1.);
#11853 = DIRECTION('',(0.,1.));
#11854 = ( GEOMETRIC_REPRESENTATION_CONTEXT(2) 
PARAMETRIC_REPRESENTATION_CONTEXT() REPRESENTATION_CONTEXT('2D SPACE',''
  ) );
#11855 = FACE_BOUND('',#11856,.T.);
#11856 = EDGE_LOOP('',(#11857));
#11857 = ORIENTED_EDGE('',*,*,#11858,.F.);
#11858 = EDGE_CURVE('',#11859,#11859,#11861,.T.);
#11859 = VERTEX_POINT('',#11860);
#11860 = CARTESIAN_POINT('',(-60.74,-101.01,102.8));
#11861 = SURFACE_CURVE('',#11862,(#11867,#11874),.PCURVE_S1.);
#11862 = CIRCLE('',#11863,5.44);
#11863 = AXIS2_PLACEMENT_3D('',#11864,#11865,#11866);
#11864 = CARTESIAN_POINT('',(-55.3,-101.01,102.8));
#11865 = DIRECTION('',(0.,0.,1.));
#11866 = DIRECTION('',(-1.,1.224646799147E-16,0.));
#11867 = PCURVE('',#11719,#11868);
#11868 = DEFINITIONAL_REPRESENTATION('',(#11869),#11873);
#11869 = CIRCLE('',#11870,5.44);
#11870 = AXIS2_PLACEMENT_2D('',#11871,#11872);
#11871 = CARTESIAN_POINT('',(129.42,13.33));
#11872 = DIRECTION('',(1.,0.));
#11873 = ( GEOMETRIC_REPRESENTATION_CONTEXT(2) 
PARAMETRIC_REPRESENTATION_CONTEXT() REPRESENTATION_CONTEXT('2D SPACE',''
  ) );
#11874 = PCURVE('',#11875,#11880);
#11875 = CYLINDRICAL_SURFACE('',#11876,5.44);
#11876 = AXIS2_PLACEMENT_3D('',#11877,#11878,#11879);
#11877 = CARTESIAN_POINT('',(-55.3,-101.01,102.8));
#11878 = DIRECTION('',(0.,0.,1.));
#11879 = DIRECTION('',(-1.,1.224646799147E-16,0.));
#11880 = DEFINITIONAL_REPRESENTATION('',(#11881),#11885);
#11881 = LINE('',#11882,#11883);
#11882 = CARTESIAN_POINT('',(0.,0.));
#11883 = VECTOR('',#11884,1.);
#11884 = DIRECTION('',(1.,0.));
#11885 = ( GEOMETRIC_REPRESENTATION_CONTEXT(2) 
PARAMETRIC_REPRESENTATION_CONTEXT() REPRESENTATION_CONTEXT('2D SPACE',''
  ) );
#11886 = FACE_BOUND('',#11887,.T.);
#11887 = EDGE_LOOP('',(#11888));
#11888 = ORIENTED_EDGE('',*,*,#11889,.F.);
#11889 = EDGE_CURVE('',#11890,#11890,#11892,.T.);
#11890 = VERTEX_POINT('',#11891);
#11891 = CARTESIAN_POINT('',(49.86,-101.01,102.8));
#11892 = SURFACE_CURVE('',#11893,(#11898,#11905),.PCURVE_S1.);
#11893 = CIRCLE('',#11894,5.44);
#11894 = AXIS2_PLACEMENT_3D('',#11895,#11896,#11897);
#11895 = CARTESIAN_POINT('',(55.3,-101.01,102.8));
#11896 = DIRECTION('',(0.,0.,1.));
#11897 = DIRECTION('',(-1.,1.224646799147E-16,0.));
#11898 = PCURVE('',#11719,#11899);
#11899 = DEFINITIONAL_REPRESENTATION('',(#11900),#11904);
#11900 = CIRCLE('',#11901,5.44);
#11901 = AXIS2_PLACEMENT_2D('',#11902,#11903);
#11902 = CARTESIAN_POINT('',(18.82,13.33));
#11903 = DIRECTION('',(1.,0.));
#11904 = ( GEOMETRIC_REPRESENTATION_CONTEXT(2) 
PARAMETRIC_REPRESENTATION_CONTEXT() REPRESENTATION_CONTEXT('2D SPACE',''
  ) );
#11905 = PCURVE('',#11906,#11911);
#11906 = CYLINDRICAL_SURFACE('',#11907,5.44);
#11907 = AXIS2_PLACEMENT_3D('',#11908,#11909,#11910);
#11908 = CARTESIAN_POINT('',(55.3,-101.01,102.8));
#11909 = DIRECTION('',(0.,0.,1.));
#11910 = DIRECTION('',(-1.,1.224646799147E-16,0.));
#11911 = DEFINITIONAL_REPRESENTATION('',(#11912),#11916);
#11912 = LINE('',#11913,#11914);
#11913 = CARTESIAN_POINT('',(0.,0.));
#11914 = VECTOR('',#11915,1.);
#11915 = DIRECTION('',(1.,0.));
#11916 = ( GEOMETRIC_REPRESENTATION_CONTEXT(2) 
PARAMETRIC_REPRESENTATION_CONTEXT() REPRESENTATION_CONTEXT('2D SPACE',''
  ) );
#11917 = ADVANCED_FACE('',(#11918),#11693,.T.);
#11918 = FACE_BOUND('',#11919,.T.);
#11919 = EDGE_LOOP('',(#11920,#11943,#11944,#11945));
#11920 = ORIENTED_EDGE('',*,*,#11921,.F.);
#11921 = EDGE_CURVE('',#11650,#11922,#11924,.T.);
#11922 = VERTEX_POINT('',#11923);
#11923 = CARTESIAN_POINT('',(-74.12,-114.34,0.));
#11924 = SURFACE_CURVE('',#11925,(#11929,#11936),.PCURVE_S1.);
#11925 = LINE('',#11926,#11927);
#11926 = CARTESIAN_POINT('',(74.12,-114.34,0.));
#11927 = VECTOR('',#11928,1.);
#11928 = DIRECTION('',(-1.,1.224646799147E-16,0.));
#11929 = PCURVE('',#11693,#11930);
#11930 = DEFINITIONAL_REPRESENTATION('',(#11931),#11935);
#11931 = LINE('',#11932,#11933);
#11932 = CARTESIAN_POINT('',(0.,0.));
#11933 = VECTOR('',#11934,1.);
#11934 = DIRECTION('',(0.,1.));
#11935 = ( GEOMETRIC_REPRESENTATION_CONTEXT(2) 
PARAMETRIC_REPRESENTATION_CONTEXT() REPRESENTATION_CONTEXT('2D SPACE',''
  ) );
#11936 = PCURVE('',#11665,#11937);
#11937 = DEFINITIONAL_REPRESENTATION('',(#11938),#11942);
#11938 = LINE('',#11939,#11940);
#11939 = CARTESIAN_POINT('',(0.,26.66));
#11940 = VECTOR('',#11941,1.);
#11941 = DIRECTION('',(1.,0.));
#11942 = ( GEOMETRIC_REPRESENTATION_CONTEXT(2) 
PARAMETRIC_REPRESENTATION_CONTEXT() REPRESENTATION_CONTEXT('2D SPACE',''
  ) );
#11943 = ORIENTED_EDGE('',*,*,#11677,.T.);
#11944 = ORIENTED_EDGE('',*,*,#11835,.T.);
#11945 = ORIENTED_EDGE('',*,*,#11946,.F.);
#11946 = EDGE_CURVE('',#11922,#11813,#11947,.T.);
#11947 = SURFACE_CURVE('',#11948,(#11952,#11959),.PCURVE_S1.);
#11948 = LINE('',#11949,#11950);
#11949 = CARTESIAN_POINT('',(-74.12,-114.34,0.));
#11950 = VECTOR('',#11951,1.);
#11951 = DIRECTION('',(0.,0.,1.));
#11952 = PCURVE('',#11693,#11953);
#11953 = DEFINITIONAL_REPRESENTATION('',(#11954),#11958);
#11954 = LINE('',#11955,#11956);
#11955 = CARTESIAN_POINT('',(0.,148.24));
#11956 = VECTOR('',#11957,1.);
#11957 = DIRECTION('',(1.,0.));
#11958 = ( GEOMETRIC_REPRESENTATION_CONTEXT(2) 
PARAMETRIC_REPRESENTATION_CONTEXT() REPRESENTATION_CONTEXT('2D SPACE',''
  ) );
#11959 = PCURVE('',#11795,#11960);
#11960 = DEFINITIONAL_REPRESENTATION('',(#11961),#11965);
#11961 = LINE('',#11962,#11963);
#11962 = CARTESIAN_POINT('',(0.,-26.66));
#11963 = VECTOR('',#11964,1.);
#11964 = DIRECTION('',(1.,0.));
#11965 = ( GEOMETRIC_REPRESENTATION_CONTEXT(2) 
PARAMETRIC_REPRESENTATION_CONTEXT() REPRESENTATION_CONTEXT('2D SPACE',''
  ) );
#11966 = ADVANCED_FACE('',(#11967),#11665,.F.);
#11967 = FACE_BOUND('',#11968,.F.);
#11968 = EDGE_LOOP('',(#11969,#11970,#11971,#11992));
#11969 = ORIENTED_EDGE('',*,*,#11649,.F.);
#11970 = ORIENTED_EDGE('',*,*,#11734,.T.);
#11971 = ORIENTED_EDGE('',*,*,#11972,.T.);
#11972 = EDGE_CURVE('',#11735,#11922,#11973,.T.);
#11973 = SURFACE_CURVE('',#11974,(#11978,#11985),.PCURVE_S1.);
#11974 = LINE('',#11975,#11976);
#11975 = CARTESIAN_POINT('',(-74.12,-87.68,0.));
#11976 = VECTOR('',#11977,1.);
#11977 = DIRECTION('',(-1.224646799147E-16,-1.,0.));
#11978 = PCURVE('',#11665,#11979);
#11979 = DEFINITIONAL_REPRESENTATION('',(#11980),#11984);
#11980 = LINE('',#11981,#11982);
#11981 = CARTESIAN_POINT('',(148.24,0.));
#11982 = VECTOR('',#11983,1.);
#11983 = DIRECTION('',(0.,1.));
#11984 = ( GEOMETRIC_REPRESENTATION_CONTEXT(2) 
PARAMETRIC_REPRESENTATION_CONTEXT() REPRESENTATION_CONTEXT('2D SPACE',''
  ) );
#11985 = PCURVE('',#11795,#11986);
#11986 = DEFINITIONAL_REPRESENTATION('',(#11987),#11991);
#11987 = LINE('',#11988,#11989);
#11988 = CARTESIAN_POINT('',(0.,0.));
#11989 = VECTOR('',#11990,1.);
#11990 = DIRECTION('',(0.,-1.));
#11991 = ( GEOMETRIC_REPRESENTATION_CONTEXT(2) 
PARAMETRIC_REPRESENTATION_CONTEXT() REPRESENTATION_CONTEXT('2D SPACE',''
  ) );
#11992 = ORIENTED_EDGE('',*,*,#11921,.F.);
#11993 = ADVANCED_FACE('',(#11994),#11795,.T.);
#11994 = FACE_BOUND('',#11995,.T.);
#11995 = EDGE_LOOP('',(#11996,#11997,#11998,#11999));
#11996 = ORIENTED_EDGE('',*,*,#11781,.F.);
#11997 = ORIENTED_EDGE('',*,*,#11972,.T.);
#11998 = ORIENTED_EDGE('',*,*,#11946,.T.);
#11999 = ORIENTED_EDGE('',*,*,#11812,.F.);
#12000 = ADVANCED_FACE('',(#12001),#11875,.T.);
#12001 = FACE_BOUND('',#12002,.T.);
#12002 = EDGE_LOOP('',(#12003,#12032,#12053,#12054));
#12003 = ORIENTED_EDGE('',*,*,#12004,.F.);
#12004 = EDGE_CURVE('',#12005,#12005,#12007,.T.);
#12005 = VERTEX_POINT('',#12006);
#12006 = CARTESIAN_POINT('',(-60.74,-101.01,105.9));
#12007 = SURFACE_CURVE('',#12008,(#12013,#12020),.PCURVE_S1.);
#12008 = CIRCLE('',#12009,5.44);
#12009 = AXIS2_PLACEMENT_3D('',#12010,#12011,#12012);
#12010 = CARTESIAN_POINT('',(-55.3,-101.01,105.9));
#12011 = DIRECTION('',(0.,0.,1.));
#12012 = DIRECTION('',(-1.,1.224646799147E-16,0.));
#12013 = PCURVE('',#11875,#12014);
#12014 = DEFINITIONAL_REPRESENTATION('',(#12015),#12019);
#12015 = LINE('',#12016,#12017);
#12016 = CARTESIAN_POINT('',(0.,3.1));
#12017 = VECTOR('',#12018,1.);
#12018 = DIRECTION('',(1.,0.));
#12019 = ( GEOMETRIC_REPRESENTATION_CONTEXT(2) 
PARAMETRIC_REPRESENTATION_CONTEXT() REPRESENTATION_CONTEXT('2D SPACE',''
  ) );
#12020 = PCURVE('',#12021,#12026);
#12021 = PLANE('',#12022);
#12022 = AXIS2_PLACEMENT_3D('',#12023,#12024,#12025);
#12023 = CARTESIAN_POINT('',(-55.3,-101.01,105.9));
#12024 = DIRECTION('',(0.,0.,1.));
#12025 = DIRECTION('',(-1.,1.224646799147E-16,0.));
#12026 = DEFINITIONAL_REPRESENTATION('',(#12027),#12031);
#12027 = CIRCLE('',#12028,5.44);
#12028 = AXIS2_PLACEMENT_2D('',#12029,#12030);
#12029 = CARTESIAN_POINT('',(0.,0.));
#12030 = DIRECTION('',(1.,0.));
#12031 = ( GEOMETRIC_REPRESENTATION_CONTEXT(2) 
PARAMETRIC_REPRESENTATION_CONTEXT() REPRESENTATION_CONTEXT('2D SPACE',''
  ) );
#12032 = ORIENTED_EDGE('',*,*,#12033,.F.);
#12033 = EDGE_CURVE('',#11859,#12005,#12034,.T.);
#12034 = SEAM_CURVE('',#12035,(#12039,#12046),.PCURVE_S1.);
#12035 = LINE('',#12036,#12037);
#12036 = CARTESIAN_POINT('',(-60.74,-101.01,102.8));
#12037 = VECTOR('',#12038,1.);
#12038 = DIRECTION('',(0.,0.,1.));
#12039 = PCURVE('',#11875,#12040);
#12040 = DEFINITIONAL_REPRESENTATION('',(#12041),#12045);
#12041 = LINE('',#12042,#12043);
#12042 = CARTESIAN_POINT('',(6.28318530718,-0.));
#12043 = VECTOR('',#12044,1.);
#12044 = DIRECTION('',(0.,1.));
#12045 = ( GEOMETRIC_REPRESENTATION_CONTEXT(2) 
PARAMETRIC_REPRESENTATION_CONTEXT() REPRESENTATION_CONTEXT('2D SPACE',''
  ) );
#12046 = PCURVE('',#11875,#12047);
#12047 = DEFINITIONAL_REPRESENTATION('',(#12048),#12052);
#12048 = LINE('',#12049,#12050);
#12049 = CARTESIAN_POINT('',(0.,-0.));
#12050 = VECTOR('',#12051,1.);
#12051 = DIRECTION('',(0.,1.));
#12052 = ( GEOMETRIC_REPRESENTATION_CONTEXT(2) 
PARAMETRIC_REPRESENTATION_CONTEXT() REPRESENTATION_CONTEXT('2D SPACE',''
  ) );
#12053 = ORIENTED_EDGE('',*,*,#11858,.T.);
#12054 = ORIENTED_EDGE('',*,*,#12033,.T.);
#12055 = ADVANCED_FACE('',(#12056),#11906,.T.);
#12056 = FACE_BOUND('',#12057,.T.);
#12057 = EDGE_LOOP('',(#12058,#12087,#12108,#12109));
#12058 = ORIENTED_EDGE('',*,*,#12059,.F.);
#12059 = EDGE_CURVE('',#12060,#12060,#12062,.T.);
#12060 = VERTEX_POINT('',#12061);
#12061 = CARTESIAN_POINT('',(49.86,-101.01,105.9));
#12062 = SURFACE_CURVE('',#12063,(#12068,#12075),.PCURVE_S1.);
#12063 = CIRCLE('',#12064,5.44);
#12064 = AXIS2_PLACEMENT_3D('',#12065,#12066,#12067);
#12065 = CARTESIAN_POINT('',(55.3,-101.01,105.9));
#12066 = DIRECTION('',(0.,0.,1.));
#12067 = DIRECTION('',(-1.,1.224646799147E-16,0.));
#12068 = PCURVE('',#11906,#12069);
#12069 = DEFINITIONAL_REPRESENTATION('',(#12070),#12074);
#12070 = LINE('',#12071,#12072);
#12071 = CARTESIAN_POINT('',(0.,3.1));
#12072 = VECTOR('',#12073,1.);
#12073 = DIRECTION('',(1.,0.));
#12074 = ( GEOMETRIC_REPRESENTATION_CONTEXT(2) 
PARAMETRIC_REPRESENTATION_CONTEXT() REPRESENTATION_CONTEXT('2D SPACE',''
  ) );
#12075 = PCURVE('',#12076,#12081);
#12076 = PLANE('',#12077);
#12077 = AXIS2_PLACEMENT_3D('',#12078,#12079,#12080);
#12078 = CARTESIAN_POINT('',(55.3,-101.01,105.9));
#12079 = DIRECTION('',(0.,0.,1.));
#12080 = DIRECTION('',(-1.,1.224646799147E-16,0.));
#12081 = DEFINITIONAL_REPRESENTATION('',(#12082),#12086);
#12082 = CIRCLE('',#12083,5.44);
#12083 = AXIS2_PLACEMENT_2D('',#12084,#12085);
#12084 = CARTESIAN_POINT('',(0.,0.));
#12085 = DIRECTION('',(1.,0.));
#12086 = ( GEOMETRIC_REPRESENTATION_CONTEXT(2) 
PARAMETRIC_REPRESENTATION_CONTEXT() REPRESENTATION_CONTEXT('2D SPACE',''
  ) );
#12087 = ORIENTED_EDGE('',*,*,#12088,.F.);
#12088 = EDGE_CURVE('',#11890,#12060,#12089,.T.);
#12089 = SEAM_CURVE('',#12090,(#12094,#12101),.PCURVE_S1.);
#12090 = LINE('',#12091,#12092);
#12091 = CARTESIAN_POINT('',(49.86,-101.01,102.8));
#12092 = VECTOR('',#12093,1.);
#12093 = DIRECTION('',(0.,0.,1.));
#12094 = PCURVE('',#11906,#12095);
#12095 = DEFINITIONAL_REPRESENTATION('',(#12096),#12100);
#12096 = LINE('',#12097,#12098);
#12097 = CARTESIAN_POINT('',(6.28318530718,-0.));
#12098 = VECTOR('',#12099,1.);
#12099 = DIRECTION('',(0.,1.));
#12100 = ( GEOMETRIC_REPRESENTATION_CONTEXT(2) 
PARAMETRIC_REPRESENTATION_CONTEXT() REPRESENTATION_CONTEXT('2D SPACE',''
  ) );
#12101 = PCURVE('',#11906,#12102);
#12102 = DEFINITIONAL_REPRESENTATION('',(#12103),#12107);
#12103 = LINE('',#12104,#12105);
#12104 = CARTESIAN_POINT('',(0.,-0.));
#12105 = VECTOR('',#12106,1.);
#12106 = DIRECTION('',(0.,1.));
#12107 = ( GEOMETRIC_REPRESENTATION_CONTEXT(2) 
PARAMETRIC_REPRESENTATION_CONTEXT() REPRESENTATION_CONTEXT('2D SPACE',''
  ) );
#12108 = ORIENTED_EDGE('',*,*,#11889,.T.);
#12109 = ORIENTED_EDGE('',*,*,#12088,.T.);
#12110 = ADVANCED_FACE('',(#12111),#12021,.T.);
#12111 = FACE_BOUND('',#12112,.T.);
#12112 = EDGE_LOOP('',(#12113));
#12113 = ORIENTED_EDGE('',*,*,#12004,.T.);
#12114 = ADVANCED_FACE('',(#12115),#12076,.T.);
#12115 = FACE_BOUND('',#12116,.T.);
#12116 = EDGE_LOOP('',(#12117));
#12117 = ORIENTED_EDGE('',*,*,#12059,.T.);
#12118 = MANIFOLD_SOLID_BREP('',#12119);
#12119 = CLOSED_SHELL('',(#12120,#12240,#12316,#12427,#12476,#12503,
    #12510,#12565,#12620,#12624));
#12120 = ADVANCED_FACE('',(#12121),#12135,.F.);
#12121 = FACE_BOUND('',#12122,.F.);
#12122 = EDGE_LOOP('',(#12123,#12158,#12186,#12214));
#12123 = ORIENTED_EDGE('',*,*,#12124,.F.);
#12124 = EDGE_CURVE('',#12125,#12127,#12129,.T.);
#12125 = VERTEX_POINT('',#12126);
#12126 = CARTESIAN_POINT('',(-74.12,-84.68,0.));
#12127 = VERTEX_POINT('',#12128);
#12128 = CARTESIAN_POINT('',(-74.12,-84.68,102.8));
#12129 = SURFACE_CURVE('',#12130,(#12134,#12146),.PCURVE_S1.);
#12130 = LINE('',#12131,#12132);
#12131 = CARTESIAN_POINT('',(-74.12,-84.68,0.));
#12132 = VECTOR('',#12133,1.);
#12133 = DIRECTION('',(0.,0.,1.));
#12134 = PCURVE('',#12135,#12140);
#12135 = PLANE('',#12136);
#12136 = AXIS2_PLACEMENT_3D('',#12137,#12138,#12139);
#12137 = CARTESIAN_POINT('',(-74.12,-84.68,0.));
#12138 = DIRECTION('',(1.,0.,0.));
#12139 = DIRECTION('',(0.,0.,1.));
#12140 = DEFINITIONAL_REPRESENTATION('',(#12141),#12145);
#12141 = LINE('',#12142,#12143);
#12142 = CARTESIAN_POINT('',(0.,0.));
#12143 = VECTOR('',#12144,1.);
#12144 = DIRECTION('',(1.,0.));
#12145 = ( GEOMETRIC_REPRESENTATION_CONTEXT(2) 
PARAMETRIC_REPRESENTATION_CONTEXT() REPRESENTATION_CONTEXT('2D SPACE',''
  ) );
#12146 = PCURVE('',#12147,#12152);
#12147 = PLANE('',#12148);
#12148 = AXIS2_PLACEMENT_3D('',#12149,#12150,#12151);
#12149 = CARTESIAN_POINT('',(-74.12,-84.68,0.));
#12150 = DIRECTION('',(0.,1.,0.));
#12151 = DIRECTION('',(0.,0.,1.));
#12152 = DEFINITIONAL_REPRESENTATION('',(#12153),#12157);
#12153 = LINE('',#12154,#12155);
#12154 = CARTESIAN_POINT('',(0.,0.));
#12155 = VECTOR('',#12156,1.);
#12156 = DIRECTION('',(1.,0.));
#12157 = ( GEOMETRIC_REPRESENTATION_CONTEXT(2) 
PARAMETRIC_REPRESENTATION_CONTEXT() REPRESENTATION_CONTEXT('2D SPACE',''
  ) );
#12158 = ORIENTED_EDGE('',*,*,#12159,.T.);
#12159 = EDGE_CURVE('',#12125,#12160,#12162,.T.);
#12160 = VERTEX_POINT('',#12161);
#12161 = CARTESIAN_POINT('',(-74.12,-58.02,0.));
#12162 = SURFACE_CURVE('',#12163,(#12167,#12174),.PCURVE_S1.);
#12163 = LINE('',#12164,#12165);
#12164 = CARTESIAN_POINT('',(-74.12,-84.68,0.));
#12165 = VECTOR('',#12166,1.);
#12166 = DIRECTION('',(0.,1.,0.));
#12167 = PCURVE('',#12135,#12168);
#12168 = DEFINITIONAL_REPRESENTATION('',(#12169),#12173);
#12169 = LINE('',#12170,#12171);
#12170 = CARTESIAN_POINT('',(0.,0.));
#12171 = VECTOR('',#12172,1.);
#12172 = DIRECTION('',(0.,-1.));
#12173 = ( GEOMETRIC_REPRESENTATION_CONTEXT(2) 
PARAMETRIC_REPRESENTATION_CONTEXT() REPRESENTATION_CONTEXT('2D SPACE',''
  ) );
#12174 = PCURVE('',#12175,#12180);
#12175 = PLANE('',#12176);
#12176 = AXIS2_PLACEMENT_3D('',#12177,#12178,#12179);
#12177 = CARTESIAN_POINT('',(-74.12,-84.68,0.));
#12178 = DIRECTION('',(0.,0.,1.));
#12179 = DIRECTION('',(1.,0.,0.));
#12180 = DEFINITIONAL_REPRESENTATION('',(#12181),#12185);
#12181 = LINE('',#12182,#12183);
#12182 = CARTESIAN_POINT('',(0.,0.));
#12183 = VECTOR('',#12184,1.);
#12184 = DIRECTION('',(0.,1.));
#12185 = ( GEOMETRIC_REPRESENTATION_CONTEXT(2) 
PARAMETRIC_REPRESENTATION_CONTEXT() REPRESENTATION_CONTEXT('2D SPACE',''
  ) );
#12186 = ORIENTED_EDGE('',*,*,#12187,.T.);
#12187 = EDGE_CURVE('',#12160,#12188,#12190,.T.);
#12188 = VERTEX_POINT('',#12189);
#12189 = CARTESIAN_POINT('',(-74.12,-58.02,102.8));
#12190 = SURFACE_CURVE('',#12191,(#12195,#12202),.PCURVE_S1.);
#12191 = LINE('',#12192,#12193);
#12192 = CARTESIAN_POINT('',(-74.12,-58.02,0.));
#12193 = VECTOR('',#12194,1.);
#12194 = DIRECTION('',(0.,0.,1.));
#12195 = PCURVE('',#12135,#12196);
#12196 = DEFINITIONAL_REPRESENTATION('',(#12197),#12201);
#12197 = LINE('',#12198,#12199);
#12198 = CARTESIAN_POINT('',(0.,-26.66));
#12199 = VECTOR('',#12200,1.);
#12200 = DIRECTION('',(1.,0.));
#12201 = ( GEOMETRIC_REPRESENTATION_CONTEXT(2) 
PARAMETRIC_REPRESENTATION_CONTEXT() REPRESENTATION_CONTEXT('2D SPACE',''
  ) );
#12202 = PCURVE('',#12203,#12208);
#12203 = PLANE('',#12204);
#12204 = AXIS2_PLACEMENT_3D('',#12205,#12206,#12207);
#12205 = CARTESIAN_POINT('',(-74.12,-58.02,0.));
#12206 = DIRECTION('',(0.,1.,0.));
#12207 = DIRECTION('',(0.,0.,1.));
#12208 = DEFINITIONAL_REPRESENTATION('',(#12209),#12213);
#12209 = LINE('',#12210,#12211);
#12210 = CARTESIAN_POINT('',(0.,0.));
#12211 = VECTOR('',#12212,1.);
#12212 = DIRECTION('',(1.,0.));
#12213 = ( GEOMETRIC_REPRESENTATION_CONTEXT(2) 
PARAMETRIC_REPRESENTATION_CONTEXT() REPRESENTATION_CONTEXT('2D SPACE',''
  ) );
#12214 = ORIENTED_EDGE('',*,*,#12215,.F.);
#12215 = EDGE_CURVE('',#12127,#12188,#12216,.T.);
#12216 = SURFACE_CURVE('',#12217,(#12221,#12228),.PCURVE_S1.);
#12217 = LINE('',#12218,#12219);
#12218 = CARTESIAN_POINT('',(-74.12,-84.68,102.8));
#12219 = VECTOR('',#12220,1.);
#12220 = DIRECTION('',(0.,1.,0.));
#12221 = PCURVE('',#12135,#12222);
#12222 = DEFINITIONAL_REPRESENTATION('',(#12223),#12227);
#12223 = LINE('',#12224,#12225);
#12224 = CARTESIAN_POINT('',(102.8,0.));
#12225 = VECTOR('',#12226,1.);
#12226 = DIRECTION('',(0.,-1.));
#12227 = ( GEOMETRIC_REPRESENTATION_CONTEXT(2) 
PARAMETRIC_REPRESENTATION_CONTEXT() REPRESENTATION_CONTEXT('2D SPACE',''
  ) );
#12228 = PCURVE('',#12229,#12234);
#12229 = PLANE('',#12230);
#12230 = AXIS2_PLACEMENT_3D('',#12231,#12232,#12233);
#12231 = CARTESIAN_POINT('',(-74.12,-84.68,102.8));
#12232 = DIRECTION('',(0.,0.,1.));
#12233 = DIRECTION('',(1.,0.,0.));
#12234 = DEFINITIONAL_REPRESENTATION('',(#12235),#12239);
#12235 = LINE('',#12236,#12237);
#12236 = CARTESIAN_POINT('',(0.,0.));
#12237 = VECTOR('',#12238,1.);
#12238 = DIRECTION('',(0.,1.));
#12239 = ( GEOMETRIC_REPRESENTATION_CONTEXT(2) 
PARAMETRIC_REPRESENTATION_CONTEXT() REPRESENTATION_CONTEXT('2D SPACE',''
  ) );
#12240 = ADVANCED_FACE('',(#12241),#12147,.F.);
#12241 = FACE_BOUND('',#12242,.F.);
#12242 = EDGE_LOOP('',(#12243,#12266,#12267,#12290));
#12243 = ORIENTED_EDGE('',*,*,#12244,.F.);
#12244 = EDGE_CURVE('',#12125,#12245,#12247,.T.);
#12245 = VERTEX_POINT('',#12246);
#12246 = CARTESIAN_POINT('',(74.12,-84.68,0.));
#12247 = SURFACE_CURVE('',#12248,(#12252,#12259),.PCURVE_S1.);
#12248 = LINE('',#12249,#12250);
#12249 = CARTESIAN_POINT('',(-74.12,-84.68,0.));
#12250 = VECTOR('',#12251,1.);
#12251 = DIRECTION('',(1.,0.,0.));
#12252 = PCURVE('',#12147,#12253);
#12253 = DEFINITIONAL_REPRESENTATION('',(#12254),#12258);
#12254 = LINE('',#12255,#12256);
#12255 = CARTESIAN_POINT('',(0.,0.));
#12256 = VECTOR('',#12257,1.);
#12257 = DIRECTION('',(0.,1.));
#12258 = ( GEOMETRIC_REPRESENTATION_CONTEXT(2) 
PARAMETRIC_REPRESENTATION_CONTEXT() REPRESENTATION_CONTEXT('2D SPACE',''
  ) );
#12259 = PCURVE('',#12175,#12260);
#12260 = DEFINITIONAL_REPRESENTATION('',(#12261),#12265);
#12261 = LINE('',#12262,#12263);
#12262 = CARTESIAN_POINT('',(0.,0.));
#12263 = VECTOR('',#12264,1.);
#12264 = DIRECTION('',(1.,0.));
#12265 = ( GEOMETRIC_REPRESENTATION_CONTEXT(2) 
PARAMETRIC_REPRESENTATION_CONTEXT() REPRESENTATION_CONTEXT('2D SPACE',''
  ) );
#12266 = ORIENTED_EDGE('',*,*,#12124,.T.);
#12267 = ORIENTED_EDGE('',*,*,#12268,.T.);
#12268 = EDGE_CURVE('',#12127,#12269,#12271,.T.);
#12269 = VERTEX_POINT('',#12270);
#12270 = CARTESIAN_POINT('',(74.12,-84.68,102.8));
#12271 = SURFACE_CURVE('',#12272,(#12276,#12283),.PCURVE_S1.);
#12272 = LINE('',#12273,#12274);
#12273 = CARTESIAN_POINT('',(-74.12,-84.68,102.8));
#12274 = VECTOR('',#12275,1.);
#12275 = DIRECTION('',(1.,0.,0.));
#12276 = PCURVE('',#12147,#12277);
#12277 = DEFINITIONAL_REPRESENTATION('',(#12278),#12282);
#12278 = LINE('',#12279,#12280);
#12279 = CARTESIAN_POINT('',(102.8,0.));
#12280 = VECTOR('',#12281,1.);
#12281 = DIRECTION('',(0.,1.));
#12282 = ( GEOMETRIC_REPRESENTATION_CONTEXT(2) 
PARAMETRIC_REPRESENTATION_CONTEXT() REPRESENTATION_CONTEXT('2D SPACE',''
  ) );
#12283 = PCURVE('',#12229,#12284);
#12284 = DEFINITIONAL_REPRESENTATION('',(#12285),#12289);
#12285 = LINE('',#12286,#12287);
#12286 = CARTESIAN_POINT('',(0.,0.));
#12287 = VECTOR('',#12288,1.);
#12288 = DIRECTION('',(1.,0.));
#12289 = ( GEOMETRIC_REPRESENTATION_CONTEXT(2) 
PARAMETRIC_REPRESENTATION_CONTEXT() REPRESENTATION_CONTEXT('2D SPACE',''
  ) );
#12290 = ORIENTED_EDGE('',*,*,#12291,.F.);
#12291 = EDGE_CURVE('',#12245,#12269,#12292,.T.);
#12292 = SURFACE_CURVE('',#12293,(#12297,#12304),.PCURVE_S1.);
#12293 = LINE('',#12294,#12295);
#12294 = CARTESIAN_POINT('',(74.12,-84.68,0.));
#12295 = VECTOR('',#12296,1.);
#12296 = DIRECTION('',(0.,0.,1.));
#12297 = PCURVE('',#12147,#12298);
#12298 = DEFINITIONAL_REPRESENTATION('',(#12299),#12303);
#12299 = LINE('',#12300,#12301);
#12300 = CARTESIAN_POINT('',(0.,148.24));
#12301 = VECTOR('',#12302,1.);
#12302 = DIRECTION('',(1.,0.));
#12303 = ( GEOMETRIC_REPRESENTATION_CONTEXT(2) 
PARAMETRIC_REPRESENTATION_CONTEXT() REPRESENTATION_CONTEXT('2D SPACE',''
  ) );
#12304 = PCURVE('',#12305,#12310);
#12305 = PLANE('',#12306);
#12306 = AXIS2_PLACEMENT_3D('',#12307,#12308,#12309);
#12307 = CARTESIAN_POINT('',(74.12,-84.68,0.));
#12308 = DIRECTION('',(1.,0.,0.));
#12309 = DIRECTION('',(0.,0.,1.));
#12310 = DEFINITIONAL_REPRESENTATION('',(#12311),#12315);
#12311 = LINE('',#12312,#12313);
#12312 = CARTESIAN_POINT('',(0.,0.));
#12313 = VECTOR('',#12314,1.);
#12314 = DIRECTION('',(1.,0.));
#12315 = ( GEOMETRIC_REPRESENTATION_CONTEXT(2) 
PARAMETRIC_REPRESENTATION_CONTEXT() REPRESENTATION_CONTEXT('2D SPACE',''
  ) );
#12316 = ADVANCED_FACE('',(#12317,#12365,#12396),#12229,.T.);
#12317 = FACE_BOUND('',#12318,.T.);
#12318 = EDGE_LOOP('',(#12319,#12320,#12321,#12344));
#12319 = ORIENTED_EDGE('',*,*,#12215,.F.);
#12320 = ORIENTED_EDGE('',*,*,#12268,.T.);
#12321 = ORIENTED_EDGE('',*,*,#12322,.T.);
#12322 = EDGE_CURVE('',#12269,#12323,#12325,.T.);
#12323 = VERTEX_POINT('',#12324);
#12324 = CARTESIAN_POINT('',(74.12,-58.02,102.8));
#12325 = SURFACE_CURVE('',#12326,(#12330,#12337),.PCURVE_S1.);
#12326 = LINE('',#12327,#12328);
#12327 = CARTESIAN_POINT('',(74.12,-84.68,102.8));
#12328 = VECTOR('',#12329,1.);
#12329 = DIRECTION('',(0.,1.,0.));
#12330 = PCURVE('',#12229,#12331);
#12331 = DEFINITIONAL_REPRESENTATION('',(#12332),#12336);
#12332 = LINE('',#12333,#12334);
#12333 = CARTESIAN_POINT('',(148.24,0.));
#12334 = VECTOR('',#12335,1.);
#12335 = DIRECTION('',(0.,1.));
#12336 = ( GEOMETRIC_REPRESENTATION_CONTEXT(2) 
PARAMETRIC_REPRESENTATION_CONTEXT() REPRESENTATION_CONTEXT('2D SPACE',''
  ) );
#12337 = PCURVE('',#12305,#12338);
#12338 = DEFINITIONAL_REPRESENTATION('',(#12339),#12343);
#12339 = LINE('',#12340,#12341);
#12340 = CARTESIAN_POINT('',(102.8,0.));
#12341 = VECTOR('',#12342,1.);
#12342 = DIRECTION('',(0.,-1.));
#12343 = ( GEOMETRIC_REPRESENTATION_CONTEXT(2) 
PARAMETRIC_REPRESENTATION_CONTEXT() REPRESENTATION_CONTEXT('2D SPACE',''
  ) );
#12344 = ORIENTED_EDGE('',*,*,#12345,.F.);
#12345 = EDGE_CURVE('',#12188,#12323,#12346,.T.);
#12346 = SURFACE_CURVE('',#12347,(#12351,#12358),.PCURVE_S1.);
#12347 = LINE('',#12348,#12349);
#12348 = CARTESIAN_POINT('',(-74.12,-58.02,102.8));
#12349 = VECTOR('',#12350,1.);
#12350 = DIRECTION('',(1.,0.,0.));
#12351 = PCURVE('',#12229,#12352);
#12352 = DEFINITIONAL_REPRESENTATION('',(#12353),#12357);
#12353 = LINE('',#12354,#12355);
#12354 = CARTESIAN_POINT('',(0.,26.66));
#12355 = VECTOR('',#12356,1.);
#12356 = DIRECTION('',(1.,0.));
#12357 = ( GEOMETRIC_REPRESENTATION_CONTEXT(2) 
PARAMETRIC_REPRESENTATION_CONTEXT() REPRESENTATION_CONTEXT('2D SPACE',''
  ) );
#12358 = PCURVE('',#12203,#12359);
#12359 = DEFINITIONAL_REPRESENTATION('',(#12360),#12364);
#12360 = LINE('',#12361,#12362);
#12361 = CARTESIAN_POINT('',(102.8,0.));
#12362 = VECTOR('',#12363,1.);
#12363 = DIRECTION('',(0.,1.));
#12364 = ( GEOMETRIC_REPRESENTATION_CONTEXT(2) 
PARAMETRIC_REPRESENTATION_CONTEXT() REPRESENTATION_CONTEXT('2D SPACE',''
  ) );
#12365 = FACE_BOUND('',#12366,.T.);
#12366 = EDGE_LOOP('',(#12367));
#12367 = ORIENTED_EDGE('',*,*,#12368,.F.);
#12368 = EDGE_CURVE('',#12369,#12369,#12371,.T.);
#12369 = VERTEX_POINT('',#12370);
#12370 = CARTESIAN_POINT('',(60.74,-71.35,102.8));
#12371 = SURFACE_CURVE('',#12372,(#12377,#12384),.PCURVE_S1.);
#12372 = CIRCLE('',#12373,5.44);
#12373 = AXIS2_PLACEMENT_3D('',#12374,#12375,#12376);
#12374 = CARTESIAN_POINT('',(55.3,-71.35,102.8));
#12375 = DIRECTION('',(0.,0.,1.));
#12376 = DIRECTION('',(1.,0.,0.));
#12377 = PCURVE('',#12229,#12378);
#12378 = DEFINITIONAL_REPRESENTATION('',(#12379),#12383);
#12379 = CIRCLE('',#12380,5.44);
#12380 = AXIS2_PLACEMENT_2D('',#12381,#12382);
#12381 = CARTESIAN_POINT('',(129.42,13.33));
#12382 = DIRECTION('',(1.,0.));
#12383 = ( GEOMETRIC_REPRESENTATION_CONTEXT(2) 
PARAMETRIC_REPRESENTATION_CONTEXT() REPRESENTATION_CONTEXT('2D SPACE',''
  ) );
#12384 = PCURVE('',#12385,#12390);
#12385 = CYLINDRICAL_SURFACE('',#12386,5.44);
#12386 = AXIS2_PLACEMENT_3D('',#12387,#12388,#12389);
#12387 = CARTESIAN_POINT('',(55.3,-71.35,102.8));
#12388 = DIRECTION('',(0.,0.,1.));
#12389 = DIRECTION('',(1.,0.,0.));
#12390 = DEFINITIONAL_REPRESENTATION('',(#12391),#12395);
#12391 = LINE('',#12392,#12393);
#12392 = CARTESIAN_POINT('',(0.,0.));
#12393 = VECTOR('',#12394,1.);
#12394 = DIRECTION('',(1.,0.));
#12395 = ( GEOMETRIC_REPRESENTATION_CONTEXT(2) 
PARAMETRIC_REPRESENTATION_CONTEXT() REPRESENTATION_CONTEXT('2D SPACE',''
  ) );
#12396 = FACE_BOUND('',#12397,.T.);
#12397 = EDGE_LOOP('',(#12398));
#12398 = ORIENTED_EDGE('',*,*,#12399,.F.);
#12399 = EDGE_CURVE('',#12400,#12400,#12402,.T.);
#12400 = VERTEX_POINT('',#12401);
#12401 = CARTESIAN_POINT('',(-49.86,-71.35,102.8));
#12402 = SURFACE_CURVE('',#12403,(#12408,#12415),.PCURVE_S1.);
#12403 = CIRCLE('',#12404,5.44);
#12404 = AXIS2_PLACEMENT_3D('',#12405,#12406,#12407);
#12405 = CARTESIAN_POINT('',(-55.3,-71.35,102.8));
#12406 = DIRECTION('',(0.,0.,1.));
#12407 = DIRECTION('',(1.,0.,0.));
#12408 = PCURVE('',#12229,#12409);
#12409 = DEFINITIONAL_REPRESENTATION('',(#12410),#12414);
#12410 = CIRCLE('',#12411,5.44);
#12411 = AXIS2_PLACEMENT_2D('',#12412,#12413);
#12412 = CARTESIAN_POINT('',(18.82,13.33));
#12413 = DIRECTION('',(1.,0.));
#12414 = ( GEOMETRIC_REPRESENTATION_CONTEXT(2) 
PARAMETRIC_REPRESENTATION_CONTEXT() REPRESENTATION_CONTEXT('2D SPACE',''
  ) );
#12415 = PCURVE('',#12416,#12421);
#12416 = CYLINDRICAL_SURFACE('',#12417,5.44);
#12417 = AXIS2_PLACEMENT_3D('',#12418,#12419,#12420);
#12418 = CARTESIAN_POINT('',(-55.3,-71.35,102.8));
#12419 = DIRECTION('',(0.,0.,1.));
#12420 = DIRECTION('',(1.,0.,0.));
#12421 = DEFINITIONAL_REPRESENTATION('',(#12422),#12426);
#12422 = LINE('',#12423,#12424);
#12423 = CARTESIAN_POINT('',(0.,0.));
#12424 = VECTOR('',#12425,1.);
#12425 = DIRECTION('',(1.,0.));
#12426 = ( GEOMETRIC_REPRESENTATION_CONTEXT(2) 
PARAMETRIC_REPRESENTATION_CONTEXT() REPRESENTATION_CONTEXT('2D SPACE',''
  ) );
#12427 = ADVANCED_FACE('',(#12428),#12203,.T.);
#12428 = FACE_BOUND('',#12429,.T.);
#12429 = EDGE_LOOP('',(#12430,#12453,#12454,#12455));
#12430 = ORIENTED_EDGE('',*,*,#12431,.F.);
#12431 = EDGE_CURVE('',#12160,#12432,#12434,.T.);
#12432 = VERTEX_POINT('',#12433);
#12433 = CARTESIAN_POINT('',(74.12,-58.02,0.));
#12434 = SURFACE_CURVE('',#12435,(#12439,#12446),.PCURVE_S1.);
#12435 = LINE('',#12436,#12437);
#12436 = CARTESIAN_POINT('',(-74.12,-58.02,0.));
#12437 = VECTOR('',#12438,1.);
#12438 = DIRECTION('',(1.,0.,0.));
#12439 = PCURVE('',#12203,#12440);
#12440 = DEFINITIONAL_REPRESENTATION('',(#12441),#12445);
#12441 = LINE('',#12442,#12443);
#12442 = CARTESIAN_POINT('',(0.,0.));
#12443 = VECTOR('',#12444,1.);
#12444 = DIRECTION('',(0.,1.));
#12445 = ( GEOMETRIC_REPRESENTATION_CONTEXT(2) 
PARAMETRIC_REPRESENTATION_CONTEXT() REPRESENTATION_CONTEXT('2D SPACE',''
  ) );
#12446 = PCURVE('',#12175,#12447);
#12447 = DEFINITIONAL_REPRESENTATION('',(#12448),#12452);
#12448 = LINE('',#12449,#12450);
#12449 = CARTESIAN_POINT('',(0.,26.66));
#12450 = VECTOR('',#12451,1.);
#12451 = DIRECTION('',(1.,0.));
#12452 = ( GEOMETRIC_REPRESENTATION_CONTEXT(2) 
PARAMETRIC_REPRESENTATION_CONTEXT() REPRESENTATION_CONTEXT('2D SPACE',''
  ) );
#12453 = ORIENTED_EDGE('',*,*,#12187,.T.);
#12454 = ORIENTED_EDGE('',*,*,#12345,.T.);
#12455 = ORIENTED_EDGE('',*,*,#12456,.F.);
#12456 = EDGE_CURVE('',#12432,#12323,#12457,.T.);
#12457 = SURFACE_CURVE('',#12458,(#12462,#12469),.PCURVE_S1.);
#12458 = LINE('',#12459,#12460);
#12459 = CARTESIAN_POINT('',(74.12,-58.02,0.));
#12460 = VECTOR('',#12461,1.);
#12461 = DIRECTION('',(0.,0.,1.));
#12462 = PCURVE('',#12203,#12463);
#12463 = DEFINITIONAL_REPRESENTATION('',(#12464),#12468);
#12464 = LINE('',#12465,#12466);
#12465 = CARTESIAN_POINT('',(0.,148.24));
#12466 = VECTOR('',#12467,1.);
#12467 = DIRECTION('',(1.,0.));
#12468 = ( GEOMETRIC_REPRESENTATION_CONTEXT(2) 
PARAMETRIC_REPRESENTATION_CONTEXT() REPRESENTATION_CONTEXT('2D SPACE',''
  ) );
#12469 = PCURVE('',#12305,#12470);
#12470 = DEFINITIONAL_REPRESENTATION('',(#12471),#12475);
#12471 = LINE('',#12472,#12473);
#12472 = CARTESIAN_POINT('',(0.,-26.66));
#12473 = VECTOR('',#12474,1.);
#12474 = DIRECTION('',(1.,0.));
#12475 = ( GEOMETRIC_REPRESENTATION_CONTEXT(2) 
PARAMETRIC_REPRESENTATION_CONTEXT() REPRESENTATION_CONTEXT('2D SPACE',''
  ) );
#12476 = ADVANCED_FACE('',(#12477),#12175,.F.);
#12477 = FACE_BOUND('',#12478,.F.);
#12478 = EDGE_LOOP('',(#12479,#12480,#12481,#12502));
#12479 = ORIENTED_EDGE('',*,*,#12159,.F.);
#12480 = ORIENTED_EDGE('',*,*,#12244,.T.);
#12481 = ORIENTED_EDGE('',*,*,#12482,.T.);
#12482 = EDGE_CURVE('',#12245,#12432,#12483,.T.);
#12483 = SURFACE_CURVE('',#12484,(#12488,#12495),.PCURVE_S1.);
#12484 = LINE('',#12485,#12486);
#12485 = CARTESIAN_POINT('',(74.12,-84.68,0.));
#12486 = VECTOR('',#12487,1.);
#12487 = DIRECTION('',(0.,1.,0.));
#12488 = PCURVE('',#12175,#12489);
#12489 = DEFINITIONAL_REPRESENTATION('',(#12490),#12494);
#12490 = LINE('',#12491,#12492);
#12491 = CARTESIAN_POINT('',(148.24,0.));
#12492 = VECTOR('',#12493,1.);
#12493 = DIRECTION('',(0.,1.));
#12494 = ( GEOMETRIC_REPRESENTATION_CONTEXT(2) 
PARAMETRIC_REPRESENTATION_CONTEXT() REPRESENTATION_CONTEXT('2D SPACE',''
  ) );
#12495 = PCURVE('',#12305,#12496);
#12496 = DEFINITIONAL_REPRESENTATION('',(#12497),#12501);
#12497 = LINE('',#12498,#12499);
#12498 = CARTESIAN_POINT('',(0.,0.));
#12499 = VECTOR('',#12500,1.);
#12500 = DIRECTION('',(0.,-1.));
#12501 = ( GEOMETRIC_REPRESENTATION_CONTEXT(2) 
PARAMETRIC_REPRESENTATION_CONTEXT() REPRESENTATION_CONTEXT('2D SPACE',''
  ) );
#12502 = ORIENTED_EDGE('',*,*,#12431,.F.);
#12503 = ADVANCED_FACE('',(#12504),#12305,.T.);
#12504 = FACE_BOUND('',#12505,.T.);
#12505 = EDGE_LOOP('',(#12506,#12507,#12508,#12509));
#12506 = ORIENTED_EDGE('',*,*,#12291,.F.);
#12507 = ORIENTED_EDGE('',*,*,#12482,.T.);
#12508 = ORIENTED_EDGE('',*,*,#12456,.T.);
#12509 = ORIENTED_EDGE('',*,*,#12322,.F.);
#12510 = ADVANCED_FACE('',(#12511),#12385,.T.);
#12511 = FACE_BOUND('',#12512,.T.);
#12512 = EDGE_LOOP('',(#12513,#12542,#12563,#12564));
#12513 = ORIENTED_EDGE('',*,*,#12514,.F.);
#12514 = EDGE_CURVE('',#12515,#12515,#12517,.T.);
#12515 = VERTEX_POINT('',#12516);
#12516 = CARTESIAN_POINT('',(60.74,-71.35,105.9));
#12517 = SURFACE_CURVE('',#12518,(#12523,#12530),.PCURVE_S1.);
#12518 = CIRCLE('',#12519,5.44);
#12519 = AXIS2_PLACEMENT_3D('',#12520,#12521,#12522);
#12520 = CARTESIAN_POINT('',(55.3,-71.35,105.9));
#12521 = DIRECTION('',(0.,0.,1.));
#12522 = DIRECTION('',(1.,0.,0.));
#12523 = PCURVE('',#12385,#12524);
#12524 = DEFINITIONAL_REPRESENTATION('',(#12525),#12529);
#12525 = LINE('',#12526,#12527);
#12526 = CARTESIAN_POINT('',(0.,3.1));
#12527 = VECTOR('',#12528,1.);
#12528 = DIRECTION('',(1.,0.));
#12529 = ( GEOMETRIC_REPRESENTATION_CONTEXT(2) 
PARAMETRIC_REPRESENTATION_CONTEXT() REPRESENTATION_CONTEXT('2D SPACE',''
  ) );
#12530 = PCURVE('',#12531,#12536);
#12531 = PLANE('',#12532);
#12532 = AXIS2_PLACEMENT_3D('',#12533,#12534,#12535);
#12533 = CARTESIAN_POINT('',(55.3,-71.35,105.9));
#12534 = DIRECTION('',(0.,0.,1.));
#12535 = DIRECTION('',(1.,0.,0.));
#12536 = DEFINITIONAL_REPRESENTATION('',(#12537),#12541);
#12537 = CIRCLE('',#12538,5.44);
#12538 = AXIS2_PLACEMENT_2D('',#12539,#12540);
#12539 = CARTESIAN_POINT('',(0.,0.));
#12540 = DIRECTION('',(1.,0.));
#12541 = ( GEOMETRIC_REPRESENTATION_CONTEXT(2) 
PARAMETRIC_REPRESENTATION_CONTEXT() REPRESENTATION_CONTEXT('2D SPACE',''
  ) );
#12542 = ORIENTED_EDGE('',*,*,#12543,.F.);
#12543 = EDGE_CURVE('',#12369,#12515,#12544,.T.);
#12544 = SEAM_CURVE('',#12545,(#12549,#12556),.PCURVE_S1.);
#12545 = LINE('',#12546,#12547);
#12546 = CARTESIAN_POINT('',(60.74,-71.35,102.8));
#12547 = VECTOR('',#12548,1.);
#12548 = DIRECTION('',(0.,0.,1.));
#12549 = PCURVE('',#12385,#12550);
#12550 = DEFINITIONAL_REPRESENTATION('',(#12551),#12555);
#12551 = LINE('',#12552,#12553);
#12552 = CARTESIAN_POINT('',(6.28318530718,-0.));
#12553 = VECTOR('',#12554,1.);
#12554 = DIRECTION('',(0.,1.));
#12555 = ( GEOMETRIC_REPRESENTATION_CONTEXT(2) 
PARAMETRIC_REPRESENTATION_CONTEXT() REPRESENTATION_CONTEXT('2D SPACE',''
  ) );
#12556 = PCURVE('',#12385,#12557);
#12557 = DEFINITIONAL_REPRESENTATION('',(#12558),#12562);
#12558 = LINE('',#12559,#12560);
#12559 = CARTESIAN_POINT('',(0.,-0.));
#12560 = VECTOR('',#12561,1.);
#12561 = DIRECTION('',(0.,1.));
#12562 = ( GEOMETRIC_REPRESENTATION_CONTEXT(2) 
PARAMETRIC_REPRESENTATION_CONTEXT() REPRESENTATION_CONTEXT('2D SPACE',''
  ) );
#12563 = ORIENTED_EDGE('',*,*,#12368,.T.);
#12564 = ORIENTED_EDGE('',*,*,#12543,.T.);
#12565 = ADVANCED_FACE('',(#12566),#12416,.T.);
#12566 = FACE_BOUND('',#12567,.T.);
#12567 = EDGE_LOOP('',(#12568,#12597,#12618,#12619));
#12568 = ORIENTED_EDGE('',*,*,#12569,.F.);
#12569 = EDGE_CURVE('',#12570,#12570,#12572,.T.);
#12570 = VERTEX_POINT('',#12571);
#12571 = CARTESIAN_POINT('',(-49.86,-71.35,105.9));
#12572 = SURFACE_CURVE('',#12573,(#12578,#12585),.PCURVE_S1.);
#12573 = CIRCLE('',#12574,5.44);
#12574 = AXIS2_PLACEMENT_3D('',#12575,#12576,#12577);
#12575 = CARTESIAN_POINT('',(-55.3,-71.35,105.9));
#12576 = DIRECTION('',(0.,0.,1.));
#12577 = DIRECTION('',(1.,0.,0.));
#12578 = PCURVE('',#12416,#12579);
#12579 = DEFINITIONAL_REPRESENTATION('',(#12580),#12584);
#12580 = LINE('',#12581,#12582);
#12581 = CARTESIAN_POINT('',(0.,3.1));
#12582 = VECTOR('',#12583,1.);
#12583 = DIRECTION('',(1.,0.));
#12584 = ( GEOMETRIC_REPRESENTATION_CONTEXT(2) 
PARAMETRIC_REPRESENTATION_CONTEXT() REPRESENTATION_CONTEXT('2D SPACE',''
  ) );
#12585 = PCURVE('',#12586,#12591);
#12586 = PLANE('',#12587);
#12587 = AXIS2_PLACEMENT_3D('',#12588,#12589,#12590);
#12588 = CARTESIAN_POINT('',(-55.3,-71.35,105.9));
#12589 = DIRECTION('',(0.,0.,1.));
#12590 = DIRECTION('',(1.,0.,0.));
#12591 = DEFINITIONAL_REPRESENTATION('',(#12592),#12596);
#12592 = CIRCLE('',#12593,5.44);
#12593 = AXIS2_PLACEMENT_2D('',#12594,#12595);
#12594 = CARTESIAN_POINT('',(0.,0.));
#12595 = DIRECTION('',(1.,0.));
#12596 = ( GEOMETRIC_REPRESENTATION_CONTEXT(2) 
PARAMETRIC_REPRESENTATION_CONTEXT() REPRESENTATION_CONTEXT('2D SPACE',''
  ) );
#12597 = ORIENTED_EDGE('',*,*,#12598,.F.);
#12598 = EDGE_CURVE('',#12400,#12570,#12599,.T.);
#12599 = SEAM_CURVE('',#12600,(#12604,#12611),.PCURVE_S1.);
#12600 = LINE('',#12601,#12602);
#12601 = CARTESIAN_POINT('',(-49.86,-71.35,102.8));
#12602 = VECTOR('',#12603,1.);
#12603 = DIRECTION('',(0.,0.,1.));
#12604 = PCURVE('',#12416,#12605);
#12605 = DEFINITIONAL_REPRESENTATION('',(#12606),#12610);
#12606 = LINE('',#12607,#12608);
#12607 = CARTESIAN_POINT('',(6.28318530718,-0.));
#12608 = VECTOR('',#12609,1.);
#12609 = DIRECTION('',(0.,1.));
#12610 = ( GEOMETRIC_REPRESENTATION_CONTEXT(2) 
PARAMETRIC_REPRESENTATION_CONTEXT() REPRESENTATION_CONTEXT('2D SPACE',''
  ) );
#12611 = PCURVE('',#12416,#12612);
#12612 = DEFINITIONAL_REPRESENTATION('',(#12613),#12617);
#12613 = LINE('',#12614,#12615);
#12614 = CARTESIAN_POINT('',(0.,-0.));
#12615 = VECTOR('',#12616,1.);
#12616 = DIRECTION('',(0.,1.));
#12617 = ( GEOMETRIC_REPRESENTATION_CONTEXT(2) 
PARAMETRIC_REPRESENTATION_CONTEXT() REPRESENTATION_CONTEXT('2D SPACE',''
  ) );
#12618 = ORIENTED_EDGE('',*,*,#12399,.T.);
#12619 = ORIENTED_EDGE('',*,*,#12598,.T.);
#12620 = ADVANCED_FACE('',(#12621),#12531,.T.);
#12621 = FACE_BOUND('',#12622,.T.);
#12622 = EDGE_LOOP('',(#12623));
#12623 = ORIENTED_EDGE('',*,*,#12514,.T.);
#12624 = ADVANCED_FACE('',(#12625),#12586,.T.);
#12625 = FACE_BOUND('',#12626,.T.);
#12626 = EDGE_LOOP('',(#12627));
#12627 = ORIENTED_EDGE('',*,*,#12569,.T.);
#12628 = MANIFOLD_SOLID_BREP('',#12629);
#12629 = CLOSED_SHELL('',(#12630,#12750,#12826,#12937,#12986,#13013,
    #13020,#13075,#13130,#13134));
#12630 = ADVANCED_FACE('',(#12631),#12645,.F.);
#12631 = FACE_BOUND('',#12632,.F.);
#12632 = EDGE_LOOP('',(#12633,#12668,#12696,#12724));
#12633 = ORIENTED_EDGE('',*,*,#12634,.F.);
#12634 = EDGE_CURVE('',#12635,#12637,#12639,.T.);
#12635 = VERTEX_POINT('',#12636);
#12636 = CARTESIAN_POINT('',(74.12,-28.36,0.));
#12637 = VERTEX_POINT('',#12638);
#12638 = CARTESIAN_POINT('',(74.12,-28.36,102.8));
#12639 = SURFACE_CURVE('',#12640,(#12644,#12656),.PCURVE_S1.);
#12640 = LINE('',#12641,#12642);
#12641 = CARTESIAN_POINT('',(74.12,-28.36,0.));
#12642 = VECTOR('',#12643,1.);
#12643 = DIRECTION('',(0.,0.,1.));
#12644 = PCURVE('',#12645,#12650);
#12645 = PLANE('',#12646);
#12646 = AXIS2_PLACEMENT_3D('',#12647,#12648,#12649);
#12647 = CARTESIAN_POINT('',(74.12,-28.36,0.));
#12648 = DIRECTION('',(-1.,1.224646799147E-16,0.));
#12649 = DIRECTION('',(0.,0.,1.));
#12650 = DEFINITIONAL_REPRESENTATION('',(#12651),#12655);
#12651 = LINE('',#12652,#12653);
#12652 = CARTESIAN_POINT('',(0.,0.));
#12653 = VECTOR('',#12654,1.);
#12654 = DIRECTION('',(1.,0.));
#12655 = ( GEOMETRIC_REPRESENTATION_CONTEXT(2) 
PARAMETRIC_REPRESENTATION_CONTEXT() REPRESENTATION_CONTEXT('2D SPACE',''
  ) );
#12656 = PCURVE('',#12657,#12662);
#12657 = PLANE('',#12658);
#12658 = AXIS2_PLACEMENT_3D('',#12659,#12660,#12661);
#12659 = CARTESIAN_POINT('',(74.12,-28.36,0.));
#12660 = DIRECTION('',(-1.224646799147E-16,-1.,0.));
#12661 = DIRECTION('',(0.,0.,1.));
#12662 = DEFINITIONAL_REPRESENTATION('',(#12663),#12667);
#12663 = LINE('',#12664,#12665);
#12664 = CARTESIAN_POINT('',(0.,0.));
#12665 = VECTOR('',#12666,1.);
#12666 = DIRECTION('',(1.,0.));
#12667 = ( GEOMETRIC_REPRESENTATION_CONTEXT(2) 
PARAMETRIC_REPRESENTATION_CONTEXT() REPRESENTATION_CONTEXT('2D SPACE',''
  ) );
#12668 = ORIENTED_EDGE('',*,*,#12669,.T.);
#12669 = EDGE_CURVE('',#12635,#12670,#12672,.T.);
#12670 = VERTEX_POINT('',#12671);
#12671 = CARTESIAN_POINT('',(74.12,-55.02,0.));
#12672 = SURFACE_CURVE('',#12673,(#12677,#12684),.PCURVE_S1.);
#12673 = LINE('',#12674,#12675);
#12674 = CARTESIAN_POINT('',(74.12,-28.36,0.));
#12675 = VECTOR('',#12676,1.);
#12676 = DIRECTION('',(-1.224646799147E-16,-1.,0.));
#12677 = PCURVE('',#12645,#12678);
#12678 = DEFINITIONAL_REPRESENTATION('',(#12679),#12683);
#12679 = LINE('',#12680,#12681);
#12680 = CARTESIAN_POINT('',(0.,0.));
#12681 = VECTOR('',#12682,1.);
#12682 = DIRECTION('',(0.,-1.));
#12683 = ( GEOMETRIC_REPRESENTATION_CONTEXT(2) 
PARAMETRIC_REPRESENTATION_CONTEXT() REPRESENTATION_CONTEXT('2D SPACE',''
  ) );
#12684 = PCURVE('',#12685,#12690);
#12685 = PLANE('',#12686);
#12686 = AXIS2_PLACEMENT_3D('',#12687,#12688,#12689);
#12687 = CARTESIAN_POINT('',(74.12,-28.36,0.));
#12688 = DIRECTION('',(0.,0.,1.));
#12689 = DIRECTION('',(-1.,1.224646799147E-16,0.));
#12690 = DEFINITIONAL_REPRESENTATION('',(#12691),#12695);
#12691 = LINE('',#12692,#12693);
#12692 = CARTESIAN_POINT('',(0.,0.));
#12693 = VECTOR('',#12694,1.);
#12694 = DIRECTION('',(0.,1.));
#12695 = ( GEOMETRIC_REPRESENTATION_CONTEXT(2) 
PARAMETRIC_REPRESENTATION_CONTEXT() REPRESENTATION_CONTEXT('2D SPACE',''
  ) );
#12696 = ORIENTED_EDGE('',*,*,#12697,.T.);
#12697 = EDGE_CURVE('',#12670,#12698,#12700,.T.);
#12698 = VERTEX_POINT('',#12699);
#12699 = CARTESIAN_POINT('',(74.12,-55.02,102.8));
#12700 = SURFACE_CURVE('',#12701,(#12705,#12712),.PCURVE_S1.);
#12701 = LINE('',#12702,#12703);
#12702 = CARTESIAN_POINT('',(74.12,-55.02,0.));
#12703 = VECTOR('',#12704,1.);
#12704 = DIRECTION('',(0.,0.,1.));
#12705 = PCURVE('',#12645,#12706);
#12706 = DEFINITIONAL_REPRESENTATION('',(#12707),#12711);
#12707 = LINE('',#12708,#12709);
#12708 = CARTESIAN_POINT('',(0.,-26.66));
#12709 = VECTOR('',#12710,1.);
#12710 = DIRECTION('',(1.,0.));
#12711 = ( GEOMETRIC_REPRESENTATION_CONTEXT(2) 
PARAMETRIC_REPRESENTATION_CONTEXT() REPRESENTATION_CONTEXT('2D SPACE',''
  ) );
#12712 = PCURVE('',#12713,#12718);
#12713 = PLANE('',#12714);
#12714 = AXIS2_PLACEMENT_3D('',#12715,#12716,#12717);
#12715 = CARTESIAN_POINT('',(74.12,-55.02,0.));
#12716 = DIRECTION('',(-1.224646799147E-16,-1.,0.));
#12717 = DIRECTION('',(0.,0.,1.));
#12718 = DEFINITIONAL_REPRESENTATION('',(#12719),#12723);
#12719 = LINE('',#12720,#12721);
#12720 = CARTESIAN_POINT('',(0.,0.));
#12721 = VECTOR('',#12722,1.);
#12722 = DIRECTION('',(1.,0.));
#12723 = ( GEOMETRIC_REPRESENTATION_CONTEXT(2) 
PARAMETRIC_REPRESENTATION_CONTEXT() REPRESENTATION_CONTEXT('2D SPACE',''
  ) );
#12724 = ORIENTED_EDGE('',*,*,#12725,.F.);
#12725 = EDGE_CURVE('',#12637,#12698,#12726,.T.);
#12726 = SURFACE_CURVE('',#12727,(#12731,#12738),.PCURVE_S1.);
#12727 = LINE('',#12728,#12729);
#12728 = CARTESIAN_POINT('',(74.12,-28.36,102.8));
#12729 = VECTOR('',#12730,1.);
#12730 = DIRECTION('',(-1.224646799147E-16,-1.,0.));
#12731 = PCURVE('',#12645,#12732);
#12732 = DEFINITIONAL_REPRESENTATION('',(#12733),#12737);
#12733 = LINE('',#12734,#12735);
#12734 = CARTESIAN_POINT('',(102.8,0.));
#12735 = VECTOR('',#12736,1.);
#12736 = DIRECTION('',(0.,-1.));
#12737 = ( GEOMETRIC_REPRESENTATION_CONTEXT(2) 
PARAMETRIC_REPRESENTATION_CONTEXT() REPRESENTATION_CONTEXT('2D SPACE',''
  ) );
#12738 = PCURVE('',#12739,#12744);
#12739 = PLANE('',#12740);
#12740 = AXIS2_PLACEMENT_3D('',#12741,#12742,#12743);
#12741 = CARTESIAN_POINT('',(74.12,-28.36,102.8));
#12742 = DIRECTION('',(0.,0.,1.));
#12743 = DIRECTION('',(-1.,1.224646799147E-16,0.));
#12744 = DEFINITIONAL_REPRESENTATION('',(#12745),#12749);
#12745 = LINE('',#12746,#12747);
#12746 = CARTESIAN_POINT('',(0.,0.));
#12747 = VECTOR('',#12748,1.);
#12748 = DIRECTION('',(0.,1.));
#12749 = ( GEOMETRIC_REPRESENTATION_CONTEXT(2) 
PARAMETRIC_REPRESENTATION_CONTEXT() REPRESENTATION_CONTEXT('2D SPACE',''
  ) );
#12750 = ADVANCED_FACE('',(#12751),#12657,.F.);
#12751 = FACE_BOUND('',#12752,.F.);
#12752 = EDGE_LOOP('',(#12753,#12776,#12777,#12800));
#12753 = ORIENTED_EDGE('',*,*,#12754,.F.);
#12754 = EDGE_CURVE('',#12635,#12755,#12757,.T.);
#12755 = VERTEX_POINT('',#12756);
#12756 = CARTESIAN_POINT('',(-74.12,-28.36,0.));
#12757 = SURFACE_CURVE('',#12758,(#12762,#12769),.PCURVE_S1.);
#12758 = LINE('',#12759,#12760);
#12759 = CARTESIAN_POINT('',(74.12,-28.36,0.));
#12760 = VECTOR('',#12761,1.);
#12761 = DIRECTION('',(-1.,1.224646799147E-16,0.));
#12762 = PCURVE('',#12657,#12763);
#12763 = DEFINITIONAL_REPRESENTATION('',(#12764),#12768);
#12764 = LINE('',#12765,#12766);
#12765 = CARTESIAN_POINT('',(0.,0.));
#12766 = VECTOR('',#12767,1.);
#12767 = DIRECTION('',(0.,1.));
#12768 = ( GEOMETRIC_REPRESENTATION_CONTEXT(2) 
PARAMETRIC_REPRESENTATION_CONTEXT() REPRESENTATION_CONTEXT('2D SPACE',''
  ) );
#12769 = PCURVE('',#12685,#12770);
#12770 = DEFINITIONAL_REPRESENTATION('',(#12771),#12775);
#12771 = LINE('',#12772,#12773);
#12772 = CARTESIAN_POINT('',(0.,0.));
#12773 = VECTOR('',#12774,1.);
#12774 = DIRECTION('',(1.,0.));
#12775 = ( GEOMETRIC_REPRESENTATION_CONTEXT(2) 
PARAMETRIC_REPRESENTATION_CONTEXT() REPRESENTATION_CONTEXT('2D SPACE',''
  ) );
#12776 = ORIENTED_EDGE('',*,*,#12634,.T.);
#12777 = ORIENTED_EDGE('',*,*,#12778,.T.);
#12778 = EDGE_CURVE('',#12637,#12779,#12781,.T.);
#12779 = VERTEX_POINT('',#12780);
#12780 = CARTESIAN_POINT('',(-74.12,-28.36,102.8));
#12781 = SURFACE_CURVE('',#12782,(#12786,#12793),.PCURVE_S1.);
#12782 = LINE('',#12783,#12784);
#12783 = CARTESIAN_POINT('',(74.12,-28.36,102.8));
#12784 = VECTOR('',#12785,1.);
#12785 = DIRECTION('',(-1.,1.224646799147E-16,0.));
#12786 = PCURVE('',#12657,#12787);
#12787 = DEFINITIONAL_REPRESENTATION('',(#12788),#12792);
#12788 = LINE('',#12789,#12790);
#12789 = CARTESIAN_POINT('',(102.8,0.));
#12790 = VECTOR('',#12791,1.);
#12791 = DIRECTION('',(0.,1.));
#12792 = ( GEOMETRIC_REPRESENTATION_CONTEXT(2) 
PARAMETRIC_REPRESENTATION_CONTEXT() REPRESENTATION_CONTEXT('2D SPACE',''
  ) );
#12793 = PCURVE('',#12739,#12794);
#12794 = DEFINITIONAL_REPRESENTATION('',(#12795),#12799);
#12795 = LINE('',#12796,#12797);
#12796 = CARTESIAN_POINT('',(0.,0.));
#12797 = VECTOR('',#12798,1.);
#12798 = DIRECTION('',(1.,0.));
#12799 = ( GEOMETRIC_REPRESENTATION_CONTEXT(2) 
PARAMETRIC_REPRESENTATION_CONTEXT() REPRESENTATION_CONTEXT('2D SPACE',''
  ) );
#12800 = ORIENTED_EDGE('',*,*,#12801,.F.);
#12801 = EDGE_CURVE('',#12755,#12779,#12802,.T.);
#12802 = SURFACE_CURVE('',#12803,(#12807,#12814),.PCURVE_S1.);
#12803 = LINE('',#12804,#12805);
#12804 = CARTESIAN_POINT('',(-74.12,-28.36,0.));
#12805 = VECTOR('',#12806,1.);
#12806 = DIRECTION('',(0.,0.,1.));
#12807 = PCURVE('',#12657,#12808);
#12808 = DEFINITIONAL_REPRESENTATION('',(#12809),#12813);
#12809 = LINE('',#12810,#12811);
#12810 = CARTESIAN_POINT('',(0.,148.24));
#12811 = VECTOR('',#12812,1.);
#12812 = DIRECTION('',(1.,0.));
#12813 = ( GEOMETRIC_REPRESENTATION_CONTEXT(2) 
PARAMETRIC_REPRESENTATION_CONTEXT() REPRESENTATION_CONTEXT('2D SPACE',''
  ) );
#12814 = PCURVE('',#12815,#12820);
#12815 = PLANE('',#12816);
#12816 = AXIS2_PLACEMENT_3D('',#12817,#12818,#12819);
#12817 = CARTESIAN_POINT('',(-74.12,-28.36,0.));
#12818 = DIRECTION('',(-1.,1.224646799147E-16,0.));
#12819 = DIRECTION('',(0.,0.,1.));
#12820 = DEFINITIONAL_REPRESENTATION('',(#12821),#12825);
#12821 = LINE('',#12822,#12823);
#12822 = CARTESIAN_POINT('',(0.,0.));
#12823 = VECTOR('',#12824,1.);
#12824 = DIRECTION('',(1.,0.));
#12825 = ( GEOMETRIC_REPRESENTATION_CONTEXT(2) 
PARAMETRIC_REPRESENTATION_CONTEXT() REPRESENTATION_CONTEXT('2D SPACE',''
  ) );
#12826 = ADVANCED_FACE('',(#12827,#12875,#12906),#12739,.T.);
#12827 = FACE_BOUND('',#12828,.T.);
#12828 = EDGE_LOOP('',(#12829,#12830,#12831,#12854));
#12829 = ORIENTED_EDGE('',*,*,#12725,.F.);
#12830 = ORIENTED_EDGE('',*,*,#12778,.T.);
#12831 = ORIENTED_EDGE('',*,*,#12832,.T.);
#12832 = EDGE_CURVE('',#12779,#12833,#12835,.T.);
#12833 = VERTEX_POINT('',#12834);
#12834 = CARTESIAN_POINT('',(-74.12,-55.02,102.8));
#12835 = SURFACE_CURVE('',#12836,(#12840,#12847),.PCURVE_S1.);
#12836 = LINE('',#12837,#12838);
#12837 = CARTESIAN_POINT('',(-74.12,-28.36,102.8));
#12838 = VECTOR('',#12839,1.);
#12839 = DIRECTION('',(-1.224646799147E-16,-1.,0.));
#12840 = PCURVE('',#12739,#12841);
#12841 = DEFINITIONAL_REPRESENTATION('',(#12842),#12846);
#12842 = LINE('',#12843,#12844);
#12843 = CARTESIAN_POINT('',(148.24,0.));
#12844 = VECTOR('',#12845,1.);
#12845 = DIRECTION('',(0.,1.));
#12846 = ( GEOMETRIC_REPRESENTATION_CONTEXT(2) 
PARAMETRIC_REPRESENTATION_CONTEXT() REPRESENTATION_CONTEXT('2D SPACE',''
  ) );
#12847 = PCURVE('',#12815,#12848);
#12848 = DEFINITIONAL_REPRESENTATION('',(#12849),#12853);
#12849 = LINE('',#12850,#12851);
#12850 = CARTESIAN_POINT('',(102.8,0.));
#12851 = VECTOR('',#12852,1.);
#12852 = DIRECTION('',(0.,-1.));
#12853 = ( GEOMETRIC_REPRESENTATION_CONTEXT(2) 
PARAMETRIC_REPRESENTATION_CONTEXT() REPRESENTATION_CONTEXT('2D SPACE',''
  ) );
#12854 = ORIENTED_EDGE('',*,*,#12855,.F.);
#12855 = EDGE_CURVE('',#12698,#12833,#12856,.T.);
#12856 = SURFACE_CURVE('',#12857,(#12861,#12868),.PCURVE_S1.);
#12857 = LINE('',#12858,#12859);
#12858 = CARTESIAN_POINT('',(74.12,-55.02,102.8));
#12859 = VECTOR('',#12860,1.);
#12860 = DIRECTION('',(-1.,1.224646799147E-16,0.));
#12861 = PCURVE('',#12739,#12862);
#12862 = DEFINITIONAL_REPRESENTATION('',(#12863),#12867);
#12863 = LINE('',#12864,#12865);
#12864 = CARTESIAN_POINT('',(0.,26.66));
#12865 = VECTOR('',#12866,1.);
#12866 = DIRECTION('',(1.,0.));
#12867 = ( GEOMETRIC_REPRESENTATION_CONTEXT(2) 
PARAMETRIC_REPRESENTATION_CONTEXT() REPRESENTATION_CONTEXT('2D SPACE',''
  ) );
#12868 = PCURVE('',#12713,#12869);
#12869 = DEFINITIONAL_REPRESENTATION('',(#12870),#12874);
#12870 = LINE('',#12871,#12872);
#12871 = CARTESIAN_POINT('',(102.8,0.));
#12872 = VECTOR('',#12873,1.);
#12873 = DIRECTION('',(0.,1.));
#12874 = ( GEOMETRIC_REPRESENTATION_CONTEXT(2) 
PARAMETRIC_REPRESENTATION_CONTEXT() REPRESENTATION_CONTEXT('2D SPACE',''
  ) );
#12875 = FACE_BOUND('',#12876,.T.);
#12876 = EDGE_LOOP('',(#12877));
#12877 = ORIENTED_EDGE('',*,*,#12878,.F.);
#12878 = EDGE_CURVE('',#12879,#12879,#12881,.T.);
#12879 = VERTEX_POINT('',#12880);
#12880 = CARTESIAN_POINT('',(-60.74,-41.69,102.8));
#12881 = SURFACE_CURVE('',#12882,(#12887,#12894),.PCURVE_S1.);
#12882 = CIRCLE('',#12883,5.44);
#12883 = AXIS2_PLACEMENT_3D('',#12884,#12885,#12886);
#12884 = CARTESIAN_POINT('',(-55.3,-41.69,102.8));
#12885 = DIRECTION('',(0.,0.,1.));
#12886 = DIRECTION('',(-1.,1.224646799147E-16,0.));
#12887 = PCURVE('',#12739,#12888);
#12888 = DEFINITIONAL_REPRESENTATION('',(#12889),#12893);
#12889 = CIRCLE('',#12890,5.44);
#12890 = AXIS2_PLACEMENT_2D('',#12891,#12892);
#12891 = CARTESIAN_POINT('',(129.42,13.33));
#12892 = DIRECTION('',(1.,0.));
#12893 = ( GEOMETRIC_REPRESENTATION_CONTEXT(2) 
PARAMETRIC_REPRESENTATION_CONTEXT() REPRESENTATION_CONTEXT('2D SPACE',''
  ) );
#12894 = PCURVE('',#12895,#12900);
#12895 = CYLINDRICAL_SURFACE('',#12896,5.44);
#12896 = AXIS2_PLACEMENT_3D('',#12897,#12898,#12899);
#12897 = CARTESIAN_POINT('',(-55.3,-41.69,102.8));
#12898 = DIRECTION('',(0.,0.,1.));
#12899 = DIRECTION('',(-1.,1.224646799147E-16,0.));
#12900 = DEFINITIONAL_REPRESENTATION('',(#12901),#12905);
#12901 = LINE('',#12902,#12903);
#12902 = CARTESIAN_POINT('',(0.,0.));
#12903 = VECTOR('',#12904,1.);
#12904 = DIRECTION('',(1.,0.));
#12905 = ( GEOMETRIC_REPRESENTATION_CONTEXT(2) 
PARAMETRIC_REPRESENTATION_CONTEXT() REPRESENTATION_CONTEXT('2D SPACE',''
  ) );
#12906 = FACE_BOUND('',#12907,.T.);
#12907 = EDGE_LOOP('',(#12908));
#12908 = ORIENTED_EDGE('',*,*,#12909,.F.);
#12909 = EDGE_CURVE('',#12910,#12910,#12912,.T.);
#12910 = VERTEX_POINT('',#12911);
#12911 = CARTESIAN_POINT('',(49.86,-41.69,102.8));
#12912 = SURFACE_CURVE('',#12913,(#12918,#12925),.PCURVE_S1.);
#12913 = CIRCLE('',#12914,5.44);
#12914 = AXIS2_PLACEMENT_3D('',#12915,#12916,#12917);
#12915 = CARTESIAN_POINT('',(55.3,-41.69,102.8));
#12916 = DIRECTION('',(0.,0.,1.));
#12917 = DIRECTION('',(-1.,1.224646799147E-16,0.));
#12918 = PCURVE('',#12739,#12919);
#12919 = DEFINITIONAL_REPRESENTATION('',(#12920),#12924);
#12920 = CIRCLE('',#12921,5.44);
#12921 = AXIS2_PLACEMENT_2D('',#12922,#12923);
#12922 = CARTESIAN_POINT('',(18.82,13.33));
#12923 = DIRECTION('',(1.,0.));
#12924 = ( GEOMETRIC_REPRESENTATION_CONTEXT(2) 
PARAMETRIC_REPRESENTATION_CONTEXT() REPRESENTATION_CONTEXT('2D SPACE',''
  ) );
#12925 = PCURVE('',#12926,#12931);
#12926 = CYLINDRICAL_SURFACE('',#12927,5.44);
#12927 = AXIS2_PLACEMENT_3D('',#12928,#12929,#12930);
#12928 = CARTESIAN_POINT('',(55.3,-41.69,102.8));
#12929 = DIRECTION('',(0.,0.,1.));
#12930 = DIRECTION('',(-1.,1.224646799147E-16,0.));
#12931 = DEFINITIONAL_REPRESENTATION('',(#12932),#12936);
#12932 = LINE('',#12933,#12934);
#12933 = CARTESIAN_POINT('',(0.,0.));
#12934 = VECTOR('',#12935,1.);
#12935 = DIRECTION('',(1.,0.));
#12936 = ( GEOMETRIC_REPRESENTATION_CONTEXT(2) 
PARAMETRIC_REPRESENTATION_CONTEXT() REPRESENTATION_CONTEXT('2D SPACE',''
  ) );
#12937 = ADVANCED_FACE('',(#12938),#12713,.T.);
#12938 = FACE_BOUND('',#12939,.T.);
#12939 = EDGE_LOOP('',(#12940,#12963,#12964,#12965));
#12940 = ORIENTED_EDGE('',*,*,#12941,.F.);
#12941 = EDGE_CURVE('',#12670,#12942,#12944,.T.);
#12942 = VERTEX_POINT('',#12943);
#12943 = CARTESIAN_POINT('',(-74.12,-55.02,0.));
#12944 = SURFACE_CURVE('',#12945,(#12949,#12956),.PCURVE_S1.);
#12945 = LINE('',#12946,#12947);
#12946 = CARTESIAN_POINT('',(74.12,-55.02,0.));
#12947 = VECTOR('',#12948,1.);
#12948 = DIRECTION('',(-1.,1.224646799147E-16,0.));
#12949 = PCURVE('',#12713,#12950);
#12950 = DEFINITIONAL_REPRESENTATION('',(#12951),#12955);
#12951 = LINE('',#12952,#12953);
#12952 = CARTESIAN_POINT('',(0.,0.));
#12953 = VECTOR('',#12954,1.);
#12954 = DIRECTION('',(0.,1.));
#12955 = ( GEOMETRIC_REPRESENTATION_CONTEXT(2) 
PARAMETRIC_REPRESENTATION_CONTEXT() REPRESENTATION_CONTEXT('2D SPACE',''
  ) );
#12956 = PCURVE('',#12685,#12957);
#12957 = DEFINITIONAL_REPRESENTATION('',(#12958),#12962);
#12958 = LINE('',#12959,#12960);
#12959 = CARTESIAN_POINT('',(0.,26.66));
#12960 = VECTOR('',#12961,1.);
#12961 = DIRECTION('',(1.,0.));
#12962 = ( GEOMETRIC_REPRESENTATION_CONTEXT(2) 
PARAMETRIC_REPRESENTATION_CONTEXT() REPRESENTATION_CONTEXT('2D SPACE',''
  ) );
#12963 = ORIENTED_EDGE('',*,*,#12697,.T.);
#12964 = ORIENTED_EDGE('',*,*,#12855,.T.);
#12965 = ORIENTED_EDGE('',*,*,#12966,.F.);
#12966 = EDGE_CURVE('',#12942,#12833,#12967,.T.);
#12967 = SURFACE_CURVE('',#12968,(#12972,#12979),.PCURVE_S1.);
#12968 = LINE('',#12969,#12970);
#12969 = CARTESIAN_POINT('',(-74.12,-55.02,0.));
#12970 = VECTOR('',#12971,1.);
#12971 = DIRECTION('',(0.,0.,1.));
#12972 = PCURVE('',#12713,#12973);
#12973 = DEFINITIONAL_REPRESENTATION('',(#12974),#12978);
#12974 = LINE('',#12975,#12976);
#12975 = CARTESIAN_POINT('',(0.,148.24));
#12976 = VECTOR('',#12977,1.);
#12977 = DIRECTION('',(1.,0.));
#12978 = ( GEOMETRIC_REPRESENTATION_CONTEXT(2) 
PARAMETRIC_REPRESENTATION_CONTEXT() REPRESENTATION_CONTEXT('2D SPACE',''
  ) );
#12979 = PCURVE('',#12815,#12980);
#12980 = DEFINITIONAL_REPRESENTATION('',(#12981),#12985);
#12981 = LINE('',#12982,#12983);
#12982 = CARTESIAN_POINT('',(0.,-26.66));
#12983 = VECTOR('',#12984,1.);
#12984 = DIRECTION('',(1.,0.));
#12985 = ( GEOMETRIC_REPRESENTATION_CONTEXT(2) 
PARAMETRIC_REPRESENTATION_CONTEXT() REPRESENTATION_CONTEXT('2D SPACE',''
  ) );
#12986 = ADVANCED_FACE('',(#12987),#12685,.F.);
#12987 = FACE_BOUND('',#12988,.F.);
#12988 = EDGE_LOOP('',(#12989,#12990,#12991,#13012));
#12989 = ORIENTED_EDGE('',*,*,#12669,.F.);
#12990 = ORIENTED_EDGE('',*,*,#12754,.T.);
#12991 = ORIENTED_EDGE('',*,*,#12992,.T.);
#12992 = EDGE_CURVE('',#12755,#12942,#12993,.T.);
#12993 = SURFACE_CURVE('',#12994,(#12998,#13005),.PCURVE_S1.);
#12994 = LINE('',#12995,#12996);
#12995 = CARTESIAN_POINT('',(-74.12,-28.36,0.));
#12996 = VECTOR('',#12997,1.);
#12997 = DIRECTION('',(-1.224646799147E-16,-1.,0.));
#12998 = PCURVE('',#12685,#12999);
#12999 = DEFINITIONAL_REPRESENTATION('',(#13000),#13004);
#13000 = LINE('',#13001,#13002);
#13001 = CARTESIAN_POINT('',(148.24,0.));
#13002 = VECTOR('',#13003,1.);
#13003 = DIRECTION('',(0.,1.));
#13004 = ( GEOMETRIC_REPRESENTATION_CONTEXT(2) 
PARAMETRIC_REPRESENTATION_CONTEXT() REPRESENTATION_CONTEXT('2D SPACE',''
  ) );
#13005 = PCURVE('',#12815,#13006);
#13006 = DEFINITIONAL_REPRESENTATION('',(#13007),#13011);
#13007 = LINE('',#13008,#13009);
#13008 = CARTESIAN_POINT('',(0.,0.));
#13009 = VECTOR('',#13010,1.);
#13010 = DIRECTION('',(0.,-1.));
#13011 = ( GEOMETRIC_REPRESENTATION_CONTEXT(2) 
PARAMETRIC_REPRESENTATION_CONTEXT() REPRESENTATION_CONTEXT('2D SPACE',''
  ) );
#13012 = ORIENTED_EDGE('',*,*,#12941,.F.);
#13013 = ADVANCED_FACE('',(#13014),#12815,.T.);
#13014 = FACE_BOUND('',#13015,.T.);
#13015 = EDGE_LOOP('',(#13016,#13017,#13018,#13019));
#13016 = ORIENTED_EDGE('',*,*,#12801,.F.);
#13017 = ORIENTED_EDGE('',*,*,#12992,.T.);
#13018 = ORIENTED_EDGE('',*,*,#12966,.T.);
#13019 = ORIENTED_EDGE('',*,*,#12832,.F.);
#13020 = ADVANCED_FACE('',(#13021),#12895,.T.);
#13021 = FACE_BOUND('',#13022,.T.);
#13022 = EDGE_LOOP('',(#13023,#13052,#13073,#13074));
#13023 = ORIENTED_EDGE('',*,*,#13024,.F.);
#13024 = EDGE_CURVE('',#13025,#13025,#13027,.T.);
#13025 = VERTEX_POINT('',#13026);
#13026 = CARTESIAN_POINT('',(-60.74,-41.69,105.9));
#13027 = SURFACE_CURVE('',#13028,(#13033,#13040),.PCURVE_S1.);
#13028 = CIRCLE('',#13029,5.44);
#13029 = AXIS2_PLACEMENT_3D('',#13030,#13031,#13032);
#13030 = CARTESIAN_POINT('',(-55.3,-41.69,105.9));
#13031 = DIRECTION('',(0.,0.,1.));
#13032 = DIRECTION('',(-1.,1.224646799147E-16,0.));
#13033 = PCURVE('',#12895,#13034);
#13034 = DEFINITIONAL_REPRESENTATION('',(#13035),#13039);
#13035 = LINE('',#13036,#13037);
#13036 = CARTESIAN_POINT('',(0.,3.1));
#13037 = VECTOR('',#13038,1.);
#13038 = DIRECTION('',(1.,0.));
#13039 = ( GEOMETRIC_REPRESENTATION_CONTEXT(2) 
PARAMETRIC_REPRESENTATION_CONTEXT() REPRESENTATION_CONTEXT('2D SPACE',''
  ) );
#13040 = PCURVE('',#13041,#13046);
#13041 = PLANE('',#13042);
#13042 = AXIS2_PLACEMENT_3D('',#13043,#13044,#13045);
#13043 = CARTESIAN_POINT('',(-55.3,-41.69,105.9));
#13044 = DIRECTION('',(0.,0.,1.));
#13045 = DIRECTION('',(-1.,1.224646799147E-16,0.));
#13046 = DEFINITIONAL_REPRESENTATION('',(#13047),#13051);
#13047 = CIRCLE('',#13048,5.44);
#13048 = AXIS2_PLACEMENT_2D('',#13049,#13050);
#13049 = CARTESIAN_POINT('',(0.,0.));
#13050 = DIRECTION('',(1.,0.));
#13051 = ( GEOMETRIC_REPRESENTATION_CONTEXT(2) 
PARAMETRIC_REPRESENTATION_CONTEXT() REPRESENTATION_CONTEXT('2D SPACE',''
  ) );
#13052 = ORIENTED_EDGE('',*,*,#13053,.F.);
#13053 = EDGE_CURVE('',#12879,#13025,#13054,.T.);
#13054 = SEAM_CURVE('',#13055,(#13059,#13066),.PCURVE_S1.);
#13055 = LINE('',#13056,#13057);
#13056 = CARTESIAN_POINT('',(-60.74,-41.69,102.8));
#13057 = VECTOR('',#13058,1.);
#13058 = DIRECTION('',(0.,0.,1.));
#13059 = PCURVE('',#12895,#13060);
#13060 = DEFINITIONAL_REPRESENTATION('',(#13061),#13065);
#13061 = LINE('',#13062,#13063);
#13062 = CARTESIAN_POINT('',(6.28318530718,-0.));
#13063 = VECTOR('',#13064,1.);
#13064 = DIRECTION('',(0.,1.));
#13065 = ( GEOMETRIC_REPRESENTATION_CONTEXT(2) 
PARAMETRIC_REPRESENTATION_CONTEXT() REPRESENTATION_CONTEXT('2D SPACE',''
  ) );
#13066 = PCURVE('',#12895,#13067);
#13067 = DEFINITIONAL_REPRESENTATION('',(#13068),#13072);
#13068 = LINE('',#13069,#13070);
#13069 = CARTESIAN_POINT('',(0.,-0.));
#13070 = VECTOR('',#13071,1.);
#13071 = DIRECTION('',(0.,1.));
#13072 = ( GEOMETRIC_REPRESENTATION_CONTEXT(2) 
PARAMETRIC_REPRESENTATION_CONTEXT() REPRESENTATION_CONTEXT('2D SPACE',''
  ) );
#13073 = ORIENTED_EDGE('',*,*,#12878,.T.);
#13074 = ORIENTED_EDGE('',*,*,#13053,.T.);
#13075 = ADVANCED_FACE('',(#13076),#12926,.T.);
#13076 = FACE_BOUND('',#13077,.T.);
#13077 = EDGE_LOOP('',(#13078,#13107,#13128,#13129));
#13078 = ORIENTED_EDGE('',*,*,#13079,.F.);
#13079 = EDGE_CURVE('',#13080,#13080,#13082,.T.);
#13080 = VERTEX_POINT('',#13081);
#13081 = CARTESIAN_POINT('',(49.86,-41.69,105.9));
#13082 = SURFACE_CURVE('',#13083,(#13088,#13095),.PCURVE_S1.);
#13083 = CIRCLE('',#13084,5.44);
#13084 = AXIS2_PLACEMENT_3D('',#13085,#13086,#13087);
#13085 = CARTESIAN_POINT('',(55.3,-41.69,105.9));
#13086 = DIRECTION('',(0.,0.,1.));
#13087 = DIRECTION('',(-1.,1.224646799147E-16,0.));
#13088 = PCURVE('',#12926,#13089);
#13089 = DEFINITIONAL_REPRESENTATION('',(#13090),#13094);
#13090 = LINE('',#13091,#13092);
#13091 = CARTESIAN_POINT('',(0.,3.1));
#13092 = VECTOR('',#13093,1.);
#13093 = DIRECTION('',(1.,0.));
#13094 = ( GEOMETRIC_REPRESENTATION_CONTEXT(2) 
PARAMETRIC_REPRESENTATION_CONTEXT() REPRESENTATION_CONTEXT('2D SPACE',''
  ) );
#13095 = PCURVE('',#13096,#13101);
#13096 = PLANE('',#13097);
#13097 = AXIS2_PLACEMENT_3D('',#13098,#13099,#13100);
#13098 = CARTESIAN_POINT('',(55.3,-41.69,105.9));
#13099 = DIRECTION('',(0.,0.,1.));
#13100 = DIRECTION('',(-1.,1.224646799147E-16,0.));
#13101 = DEFINITIONAL_REPRESENTATION('',(#13102),#13106);
#13102 = CIRCLE('',#13103,5.44);
#13103 = AXIS2_PLACEMENT_2D('',#13104,#13105);
#13104 = CARTESIAN_POINT('',(0.,0.));
#13105 = DIRECTION('',(1.,0.));
#13106 = ( GEOMETRIC_REPRESENTATION_CONTEXT(2) 
PARAMETRIC_REPRESENTATION_CONTEXT() REPRESENTATION_CONTEXT('2D SPACE',''
  ) );
#13107 = ORIENTED_EDGE('',*,*,#13108,.F.);
#13108 = EDGE_CURVE('',#12910,#13080,#13109,.T.);
#13109 = SEAM_CURVE('',#13110,(#13114,#13121),.PCURVE_S1.);
#13110 = LINE('',#13111,#13112);
#13111 = CARTESIAN_POINT('',(49.86,-41.69,102.8));
#13112 = VECTOR('',#13113,1.);
#13113 = DIRECTION('',(0.,0.,1.));
#13114 = PCURVE('',#12926,#13115);
#13115 = DEFINITIONAL_REPRESENTATION('',(#13116),#13120);
#13116 = LINE('',#13117,#13118);
#13117 = CARTESIAN_POINT('',(6.28318530718,-0.));
#13118 = VECTOR('',#13119,1.);
#13119 = DIRECTION('',(0.,1.));
#13120 = ( GEOMETRIC_REPRESENTATION_CONTEXT(2) 
PARAMETRIC_REPRESENTATION_CONTEXT() REPRESENTATION_CONTEXT('2D SPACE',''
  ) );
#13121 = PCURVE('',#12926,#13122);
#13122 = DEFINITIONAL_REPRESENTATION('',(#13123),#13127);
#13123 = LINE('',#13124,#13125);
#13124 = CARTESIAN_POINT('',(0.,-0.));
#13125 = VECTOR('',#13126,1.);
#13126 = DIRECTION('',(0.,1.));
#13127 = ( GEOMETRIC_REPRESENTATION_CONTEXT(2) 
PARAMETRIC_REPRESENTATION_CONTEXT() REPRESENTATION_CONTEXT('2D SPACE',''
  ) );
#13128 = ORIENTED_EDGE('',*,*,#12909,.T.);
#13129 = ORIENTED_EDGE('',*,*,#13108,.T.);
#13130 = ADVANCED_FACE('',(#13131),#13041,.T.);
#13131 = FACE_BOUND('',#13132,.T.);
#13132 = EDGE_LOOP('',(#13133));
#13133 = ORIENTED_EDGE('',*,*,#13024,.T.);
#13134 = ADVANCED_FACE('',(#13135),#13096,.T.);
#13135 = FACE_BOUND('',#13136,.T.);
#13136 = EDGE_LOOP('',(#13137));
#13137 = ORIENTED_EDGE('',*,*,#13079,.T.);
#13138 = MANIFOLD_SOLID_BREP('',#13139);
#13139 = CLOSED_SHELL('',(#13140,#13260,#13336,#13447,#13496,#13523,
    #13530,#13585,#13640,#13644));
#13140 = ADVANCED_FACE('',(#13141),#13155,.F.);
#13141 = FACE_BOUND('',#13142,.F.);
#13142 = EDGE_LOOP('',(#13143,#13178,#13206,#13234));
#13143 = ORIENTED_EDGE('',*,*,#13144,.F.);
#13144 = EDGE_CURVE('',#13145,#13147,#13149,.T.);
#13145 = VERTEX_POINT('',#13146);
#13146 = CARTESIAN_POINT('',(-74.12,-25.36,0.));
#13147 = VERTEX_POINT('',#13148);
#13148 = CARTESIAN_POINT('',(-74.12,-25.36,102.8));
#13149 = SURFACE_CURVE('',#13150,(#13154,#13166),.PCURVE_S1.);
#13150 = LINE('',#13151,#13152);
#13151 = CARTESIAN_POINT('',(-74.12,-25.36,0.));
#13152 = VECTOR('',#13153,1.);
#13153 = DIRECTION('',(0.,0.,1.));
#13154 = PCURVE('',#13155,#13160);
#13155 = PLANE('',#13156);
#13156 = AXIS2_PLACEMENT_3D('',#13157,#13158,#13159);
#13157 = CARTESIAN_POINT('',(-74.12,-25.36,0.));
#13158 = DIRECTION('',(1.,0.,0.));
#13159 = DIRECTION('',(0.,0.,1.));
#13160 = DEFINITIONAL_REPRESENTATION('',(#13161),#13165);
#13161 = LINE('',#13162,#13163);
#13162 = CARTESIAN_POINT('',(0.,0.));
#13163 = VECTOR('',#13164,1.);
#13164 = DIRECTION('',(1.,0.));
#13165 = ( GEOMETRIC_REPRESENTATION_CONTEXT(2) 
PARAMETRIC_REPRESENTATION_CONTEXT() REPRESENTATION_CONTEXT('2D SPACE',''
  ) );
#13166 = PCURVE('',#13167,#13172);
#13167 = PLANE('',#13168);
#13168 = AXIS2_PLACEMENT_3D('',#13169,#13170,#13171);
#13169 = CARTESIAN_POINT('',(-74.12,-25.36,0.));
#13170 = DIRECTION('',(0.,1.,0.));
#13171 = DIRECTION('',(0.,0.,1.));
#13172 = DEFINITIONAL_REPRESENTATION('',(#13173),#13177);
#13173 = LINE('',#13174,#13175);
#13174 = CARTESIAN_POINT('',(0.,0.));
#13175 = VECTOR('',#13176,1.);
#13176 = DIRECTION('',(1.,0.));
#13177 = ( GEOMETRIC_REPRESENTATION_CONTEXT(2) 
PARAMETRIC_REPRESENTATION_CONTEXT() REPRESENTATION_CONTEXT('2D SPACE',''
  ) );
#13178 = ORIENTED_EDGE('',*,*,#13179,.T.);
#13179 = EDGE_CURVE('',#13145,#13180,#13182,.T.);
#13180 = VERTEX_POINT('',#13181);
#13181 = CARTESIAN_POINT('',(-74.12,1.3,0.));
#13182 = SURFACE_CURVE('',#13183,(#13187,#13194),.PCURVE_S1.);
#13183 = LINE('',#13184,#13185);
#13184 = CARTESIAN_POINT('',(-74.12,-25.36,0.));
#13185 = VECTOR('',#13186,1.);
#13186 = DIRECTION('',(0.,1.,0.));
#13187 = PCURVE('',#13155,#13188);
#13188 = DEFINITIONAL_REPRESENTATION('',(#13189),#13193);
#13189 = LINE('',#13190,#13191);
#13190 = CARTESIAN_POINT('',(0.,0.));
#13191 = VECTOR('',#13192,1.);
#13192 = DIRECTION('',(0.,-1.));
#13193 = ( GEOMETRIC_REPRESENTATION_CONTEXT(2) 
PARAMETRIC_REPRESENTATION_CONTEXT() REPRESENTATION_CONTEXT('2D SPACE',''
  ) );
#13194 = PCURVE('',#13195,#13200);
#13195 = PLANE('',#13196);
#13196 = AXIS2_PLACEMENT_3D('',#13197,#13198,#13199);
#13197 = CARTESIAN_POINT('',(-74.12,-25.36,0.));
#13198 = DIRECTION('',(0.,0.,1.));
#13199 = DIRECTION('',(1.,0.,0.));
#13200 = DEFINITIONAL_REPRESENTATION('',(#13201),#13205);
#13201 = LINE('',#13202,#13203);
#13202 = CARTESIAN_POINT('',(0.,0.));
#13203 = VECTOR('',#13204,1.);
#13204 = DIRECTION('',(0.,1.));
#13205 = ( GEOMETRIC_REPRESENTATION_CONTEXT(2) 
PARAMETRIC_REPRESENTATION_CONTEXT() REPRESENTATION_CONTEXT('2D SPACE',''
  ) );
#13206 = ORIENTED_EDGE('',*,*,#13207,.T.);
#13207 = EDGE_CURVE('',#13180,#13208,#13210,.T.);
#13208 = VERTEX_POINT('',#13209);
#13209 = CARTESIAN_POINT('',(-74.12,1.3,102.8));
#13210 = SURFACE_CURVE('',#13211,(#13215,#13222),.PCURVE_S1.);
#13211 = LINE('',#13212,#13213);
#13212 = CARTESIAN_POINT('',(-74.12,1.3,0.));
#13213 = VECTOR('',#13214,1.);
#13214 = DIRECTION('',(0.,0.,1.));
#13215 = PCURVE('',#13155,#13216);
#13216 = DEFINITIONAL_REPRESENTATION('',(#13217),#13221);
#13217 = LINE('',#13218,#13219);
#13218 = CARTESIAN_POINT('',(0.,-26.66));
#13219 = VECTOR('',#13220,1.);
#13220 = DIRECTION('',(1.,0.));
#13221 = ( GEOMETRIC_REPRESENTATION_CONTEXT(2) 
PARAMETRIC_REPRESENTATION_CONTEXT() REPRESENTATION_CONTEXT('2D SPACE',''
  ) );
#13222 = PCURVE('',#13223,#13228);
#13223 = PLANE('',#13224);
#13224 = AXIS2_PLACEMENT_3D('',#13225,#13226,#13227);
#13225 = CARTESIAN_POINT('',(-74.12,1.3,0.));
#13226 = DIRECTION('',(0.,1.,0.));
#13227 = DIRECTION('',(0.,0.,1.));
#13228 = DEFINITIONAL_REPRESENTATION('',(#13229),#13233);
#13229 = LINE('',#13230,#13231);
#13230 = CARTESIAN_POINT('',(0.,0.));
#13231 = VECTOR('',#13232,1.);
#13232 = DIRECTION('',(1.,0.));
#13233 = ( GEOMETRIC_REPRESENTATION_CONTEXT(2) 
PARAMETRIC_REPRESENTATION_CONTEXT() REPRESENTATION_CONTEXT('2D SPACE',''
  ) );
#13234 = ORIENTED_EDGE('',*,*,#13235,.F.);
#13235 = EDGE_CURVE('',#13147,#13208,#13236,.T.);
#13236 = SURFACE_CURVE('',#13237,(#13241,#13248),.PCURVE_S1.);
#13237 = LINE('',#13238,#13239);
#13238 = CARTESIAN_POINT('',(-74.12,-25.36,102.8));
#13239 = VECTOR('',#13240,1.);
#13240 = DIRECTION('',(0.,1.,0.));
#13241 = PCURVE('',#13155,#13242);
#13242 = DEFINITIONAL_REPRESENTATION('',(#13243),#13247);
#13243 = LINE('',#13244,#13245);
#13244 = CARTESIAN_POINT('',(102.8,0.));
#13245 = VECTOR('',#13246,1.);
#13246 = DIRECTION('',(0.,-1.));
#13247 = ( GEOMETRIC_REPRESENTATION_CONTEXT(2) 
PARAMETRIC_REPRESENTATION_CONTEXT() REPRESENTATION_CONTEXT('2D SPACE',''
  ) );
#13248 = PCURVE('',#13249,#13254);
#13249 = PLANE('',#13250);
#13250 = AXIS2_PLACEMENT_3D('',#13251,#13252,#13253);
#13251 = CARTESIAN_POINT('',(-74.12,-25.36,102.8));
#13252 = DIRECTION('',(0.,0.,1.));
#13253 = DIRECTION('',(1.,0.,0.));
#13254 = DEFINITIONAL_REPRESENTATION('',(#13255),#13259);
#13255 = LINE('',#13256,#13257);
#13256 = CARTESIAN_POINT('',(0.,0.));
#13257 = VECTOR('',#13258,1.);
#13258 = DIRECTION('',(0.,1.));
#13259 = ( GEOMETRIC_REPRESENTATION_CONTEXT(2) 
PARAMETRIC_REPRESENTATION_CONTEXT() REPRESENTATION_CONTEXT('2D SPACE',''
  ) );
#13260 = ADVANCED_FACE('',(#13261),#13167,.F.);
#13261 = FACE_BOUND('',#13262,.F.);
#13262 = EDGE_LOOP('',(#13263,#13286,#13287,#13310));
#13263 = ORIENTED_EDGE('',*,*,#13264,.F.);
#13264 = EDGE_CURVE('',#13145,#13265,#13267,.T.);
#13265 = VERTEX_POINT('',#13266);
#13266 = CARTESIAN_POINT('',(74.12,-25.36,0.));
#13267 = SURFACE_CURVE('',#13268,(#13272,#13279),.PCURVE_S1.);
#13268 = LINE('',#13269,#13270);
#13269 = CARTESIAN_POINT('',(-74.12,-25.36,0.));
#13270 = VECTOR('',#13271,1.);
#13271 = DIRECTION('',(1.,0.,0.));
#13272 = PCURVE('',#13167,#13273);
#13273 = DEFINITIONAL_REPRESENTATION('',(#13274),#13278);
#13274 = LINE('',#13275,#13276);
#13275 = CARTESIAN_POINT('',(0.,0.));
#13276 = VECTOR('',#13277,1.);
#13277 = DIRECTION('',(0.,1.));
#13278 = ( GEOMETRIC_REPRESENTATION_CONTEXT(2) 
PARAMETRIC_REPRESENTATION_CONTEXT() REPRESENTATION_CONTEXT('2D SPACE',''
  ) );
#13279 = PCURVE('',#13195,#13280);
#13280 = DEFINITIONAL_REPRESENTATION('',(#13281),#13285);
#13281 = LINE('',#13282,#13283);
#13282 = CARTESIAN_POINT('',(0.,0.));
#13283 = VECTOR('',#13284,1.);
#13284 = DIRECTION('',(1.,0.));
#13285 = ( GEOMETRIC_REPRESENTATION_CONTEXT(2) 
PARAMETRIC_REPRESENTATION_CONTEXT() REPRESENTATION_CONTEXT('2D SPACE',''
  ) );
#13286 = ORIENTED_EDGE('',*,*,#13144,.T.);
#13287 = ORIENTED_EDGE('',*,*,#13288,.T.);
#13288 = EDGE_CURVE('',#13147,#13289,#13291,.T.);
#13289 = VERTEX_POINT('',#13290);
#13290 = CARTESIAN_POINT('',(74.12,-25.36,102.8));
#13291 = SURFACE_CURVE('',#13292,(#13296,#13303),.PCURVE_S1.);
#13292 = LINE('',#13293,#13294);
#13293 = CARTESIAN_POINT('',(-74.12,-25.36,102.8));
#13294 = VECTOR('',#13295,1.);
#13295 = DIRECTION('',(1.,0.,0.));
#13296 = PCURVE('',#13167,#13297);
#13297 = DEFINITIONAL_REPRESENTATION('',(#13298),#13302);
#13298 = LINE('',#13299,#13300);
#13299 = CARTESIAN_POINT('',(102.8,0.));
#13300 = VECTOR('',#13301,1.);
#13301 = DIRECTION('',(0.,1.));
#13302 = ( GEOMETRIC_REPRESENTATION_CONTEXT(2) 
PARAMETRIC_REPRESENTATION_CONTEXT() REPRESENTATION_CONTEXT('2D SPACE',''
  ) );
#13303 = PCURVE('',#13249,#13304);
#13304 = DEFINITIONAL_REPRESENTATION('',(#13305),#13309);
#13305 = LINE('',#13306,#13307);
#13306 = CARTESIAN_POINT('',(0.,0.));
#13307 = VECTOR('',#13308,1.);
#13308 = DIRECTION('',(1.,0.));
#13309 = ( GEOMETRIC_REPRESENTATION_CONTEXT(2) 
PARAMETRIC_REPRESENTATION_CONTEXT() REPRESENTATION_CONTEXT('2D SPACE',''
  ) );
#13310 = ORIENTED_EDGE('',*,*,#13311,.F.);
#13311 = EDGE_CURVE('',#13265,#13289,#13312,.T.);
#13312 = SURFACE_CURVE('',#13313,(#13317,#13324),.PCURVE_S1.);
#13313 = LINE('',#13314,#13315);
#13314 = CARTESIAN_POINT('',(74.12,-25.36,0.));
#13315 = VECTOR('',#13316,1.);
#13316 = DIRECTION('',(0.,0.,1.));
#13317 = PCURVE('',#13167,#13318);
#13318 = DEFINITIONAL_REPRESENTATION('',(#13319),#13323);
#13319 = LINE('',#13320,#13321);
#13320 = CARTESIAN_POINT('',(0.,148.24));
#13321 = VECTOR('',#13322,1.);
#13322 = DIRECTION('',(1.,0.));
#13323 = ( GEOMETRIC_REPRESENTATION_CONTEXT(2) 
PARAMETRIC_REPRESENTATION_CONTEXT() REPRESENTATION_CONTEXT('2D SPACE',''
  ) );
#13324 = PCURVE('',#13325,#13330);
#13325 = PLANE('',#13326);
#13326 = AXIS2_PLACEMENT_3D('',#13327,#13328,#13329);
#13327 = CARTESIAN_POINT('',(74.12,-25.36,0.));
#13328 = DIRECTION('',(1.,0.,0.));
#13329 = DIRECTION('',(0.,0.,1.));
#13330 = DEFINITIONAL_REPRESENTATION('',(#13331),#13335);
#13331 = LINE('',#13332,#13333);
#13332 = CARTESIAN_POINT('',(0.,0.));
#13333 = VECTOR('',#13334,1.);
#13334 = DIRECTION('',(1.,0.));
#13335 = ( GEOMETRIC_REPRESENTATION_CONTEXT(2) 
PARAMETRIC_REPRESENTATION_CONTEXT() REPRESENTATION_CONTEXT('2D SPACE',''
  ) );
#13336 = ADVANCED_FACE('',(#13337,#13385,#13416),#13249,.T.);
#13337 = FACE_BOUND('',#13338,.T.);
#13338 = EDGE_LOOP('',(#13339,#13340,#13341,#13364));
#13339 = ORIENTED_EDGE('',*,*,#13235,.F.);
#13340 = ORIENTED_EDGE('',*,*,#13288,.T.);
#13341 = ORIENTED_EDGE('',*,*,#13342,.T.);
#13342 = EDGE_CURVE('',#13289,#13343,#13345,.T.);
#13343 = VERTEX_POINT('',#13344);
#13344 = CARTESIAN_POINT('',(74.12,1.3,102.8));
#13345 = SURFACE_CURVE('',#13346,(#13350,#13357),.PCURVE_S1.);
#13346 = LINE('',#13347,#13348);
#13347 = CARTESIAN_POINT('',(74.12,-25.36,102.8));
#13348 = VECTOR('',#13349,1.);
#13349 = DIRECTION('',(0.,1.,0.));
#13350 = PCURVE('',#13249,#13351);
#13351 = DEFINITIONAL_REPRESENTATION('',(#13352),#13356);
#13352 = LINE('',#13353,#13354);
#13353 = CARTESIAN_POINT('',(148.24,0.));
#13354 = VECTOR('',#13355,1.);
#13355 = DIRECTION('',(0.,1.));
#13356 = ( GEOMETRIC_REPRESENTATION_CONTEXT(2) 
PARAMETRIC_REPRESENTATION_CONTEXT() REPRESENTATION_CONTEXT('2D SPACE',''
  ) );
#13357 = PCURVE('',#13325,#13358);
#13358 = DEFINITIONAL_REPRESENTATION('',(#13359),#13363);
#13359 = LINE('',#13360,#13361);
#13360 = CARTESIAN_POINT('',(102.8,0.));
#13361 = VECTOR('',#13362,1.);
#13362 = DIRECTION('',(0.,-1.));
#13363 = ( GEOMETRIC_REPRESENTATION_CONTEXT(2) 
PARAMETRIC_REPRESENTATION_CONTEXT() REPRESENTATION_CONTEXT('2D SPACE',''
  ) );
#13364 = ORIENTED_EDGE('',*,*,#13365,.F.);
#13365 = EDGE_CURVE('',#13208,#13343,#13366,.T.);
#13366 = SURFACE_CURVE('',#13367,(#13371,#13378),.PCURVE_S1.);
#13367 = LINE('',#13368,#13369);
#13368 = CARTESIAN_POINT('',(-74.12,1.3,102.8));
#13369 = VECTOR('',#13370,1.);
#13370 = DIRECTION('',(1.,0.,0.));
#13371 = PCURVE('',#13249,#13372);
#13372 = DEFINITIONAL_REPRESENTATION('',(#13373),#13377);
#13373 = LINE('',#13374,#13375);
#13374 = CARTESIAN_POINT('',(0.,26.66));
#13375 = VECTOR('',#13376,1.);
#13376 = DIRECTION('',(1.,0.));
#13377 = ( GEOMETRIC_REPRESENTATION_CONTEXT(2) 
PARAMETRIC_REPRESENTATION_CONTEXT() REPRESENTATION_CONTEXT('2D SPACE',''
  ) );
#13378 = PCURVE('',#13223,#13379);
#13379 = DEFINITIONAL_REPRESENTATION('',(#13380),#13384);
#13380 = LINE('',#13381,#13382);
#13381 = CARTESIAN_POINT('',(102.8,0.));
#13382 = VECTOR('',#13383,1.);
#13383 = DIRECTION('',(0.,1.));
#13384 = ( GEOMETRIC_REPRESENTATION_CONTEXT(2) 
PARAMETRIC_REPRESENTATION_CONTEXT() REPRESENTATION_CONTEXT('2D SPACE',''
  ) );
#13385 = FACE_BOUND('',#13386,.T.);
#13386 = EDGE_LOOP('',(#13387));
#13387 = ORIENTED_EDGE('',*,*,#13388,.F.);
#13388 = EDGE_CURVE('',#13389,#13389,#13391,.T.);
#13389 = VERTEX_POINT('',#13390);
#13390 = CARTESIAN_POINT('',(60.74,-12.03,102.8));
#13391 = SURFACE_CURVE('',#13392,(#13397,#13404),.PCURVE_S1.);
#13392 = CIRCLE('',#13393,5.44);
#13393 = AXIS2_PLACEMENT_3D('',#13394,#13395,#13396);
#13394 = CARTESIAN_POINT('',(55.3,-12.03,102.8));
#13395 = DIRECTION('',(0.,0.,1.));
#13396 = DIRECTION('',(1.,0.,0.));
#13397 = PCURVE('',#13249,#13398);
#13398 = DEFINITIONAL_REPRESENTATION('',(#13399),#13403);
#13399 = CIRCLE('',#13400,5.44);
#13400 = AXIS2_PLACEMENT_2D('',#13401,#13402);
#13401 = CARTESIAN_POINT('',(129.42,13.33));
#13402 = DIRECTION('',(1.,0.));
#13403 = ( GEOMETRIC_REPRESENTATION_CONTEXT(2) 
PARAMETRIC_REPRESENTATION_CONTEXT() REPRESENTATION_CONTEXT('2D SPACE',''
  ) );
#13404 = PCURVE('',#13405,#13410);
#13405 = CYLINDRICAL_SURFACE('',#13406,5.44);
#13406 = AXIS2_PLACEMENT_3D('',#13407,#13408,#13409);
#13407 = CARTESIAN_POINT('',(55.3,-12.03,102.8));
#13408 = DIRECTION('',(0.,0.,1.));
#13409 = DIRECTION('',(1.,0.,0.));
#13410 = DEFINITIONAL_REPRESENTATION('',(#13411),#13415);
#13411 = LINE('',#13412,#13413);
#13412 = CARTESIAN_POINT('',(0.,0.));
#13413 = VECTOR('',#13414,1.);
#13414 = DIRECTION('',(1.,0.));
#13415 = ( GEOMETRIC_REPRESENTATION_CONTEXT(2) 
PARAMETRIC_REPRESENTATION_CONTEXT() REPRESENTATION_CONTEXT('2D SPACE',''
  ) );
#13416 = FACE_BOUND('',#13417,.T.);
#13417 = EDGE_LOOP('',(#13418));
#13418 = ORIENTED_EDGE('',*,*,#13419,.F.);
#13419 = EDGE_CURVE('',#13420,#13420,#13422,.T.);
#13420 = VERTEX_POINT('',#13421);
#13421 = CARTESIAN_POINT('',(-49.86,-12.03,102.8));
#13422 = SURFACE_CURVE('',#13423,(#13428,#13435),.PCURVE_S1.);
#13423 = CIRCLE('',#13424,5.44);
#13424 = AXIS2_PLACEMENT_3D('',#13425,#13426,#13427);
#13425 = CARTESIAN_POINT('',(-55.3,-12.03,102.8));
#13426 = DIRECTION('',(0.,0.,1.));
#13427 = DIRECTION('',(1.,0.,0.));
#13428 = PCURVE('',#13249,#13429);
#13429 = DEFINITIONAL_REPRESENTATION('',(#13430),#13434);
#13430 = CIRCLE('',#13431,5.44);
#13431 = AXIS2_PLACEMENT_2D('',#13432,#13433);
#13432 = CARTESIAN_POINT('',(18.82,13.33));
#13433 = DIRECTION('',(1.,0.));
#13434 = ( GEOMETRIC_REPRESENTATION_CONTEXT(2) 
PARAMETRIC_REPRESENTATION_CONTEXT() REPRESENTATION_CONTEXT('2D SPACE',''
  ) );
#13435 = PCURVE('',#13436,#13441);
#13436 = CYLINDRICAL_SURFACE('',#13437,5.44);
#13437 = AXIS2_PLACEMENT_3D('',#13438,#13439,#13440);
#13438 = CARTESIAN_POINT('',(-55.3,-12.03,102.8));
#13439 = DIRECTION('',(0.,0.,1.));
#13440 = DIRECTION('',(1.,0.,0.));
#13441 = DEFINITIONAL_REPRESENTATION('',(#13442),#13446);
#13442 = LINE('',#13443,#13444);
#13443 = CARTESIAN_POINT('',(0.,0.));
#13444 = VECTOR('',#13445,1.);
#13445 = DIRECTION('',(1.,0.));
#13446 = ( GEOMETRIC_REPRESENTATION_CONTEXT(2) 
PARAMETRIC_REPRESENTATION_CONTEXT() REPRESENTATION_CONTEXT('2D SPACE',''
  ) );
#13447 = ADVANCED_FACE('',(#13448),#13223,.T.);
#13448 = FACE_BOUND('',#13449,.T.);
#13449 = EDGE_LOOP('',(#13450,#13473,#13474,#13475));
#13450 = ORIENTED_EDGE('',*,*,#13451,.F.);
#13451 = EDGE_CURVE('',#13180,#13452,#13454,.T.);
#13452 = VERTEX_POINT('',#13453);
#13453 = CARTESIAN_POINT('',(74.12,1.3,0.));
#13454 = SURFACE_CURVE('',#13455,(#13459,#13466),.PCURVE_S1.);
#13455 = LINE('',#13456,#13457);
#13456 = CARTESIAN_POINT('',(-74.12,1.3,0.));
#13457 = VECTOR('',#13458,1.);
#13458 = DIRECTION('',(1.,0.,0.));
#13459 = PCURVE('',#13223,#13460);
#13460 = DEFINITIONAL_REPRESENTATION('',(#13461),#13465);
#13461 = LINE('',#13462,#13463);
#13462 = CARTESIAN_POINT('',(0.,0.));
#13463 = VECTOR('',#13464,1.);
#13464 = DIRECTION('',(0.,1.));
#13465 = ( GEOMETRIC_REPRESENTATION_CONTEXT(2) 
PARAMETRIC_REPRESENTATION_CONTEXT() REPRESENTATION_CONTEXT('2D SPACE',''
  ) );
#13466 = PCURVE('',#13195,#13467);
#13467 = DEFINITIONAL_REPRESENTATION('',(#13468),#13472);
#13468 = LINE('',#13469,#13470);
#13469 = CARTESIAN_POINT('',(0.,26.66));
#13470 = VECTOR('',#13471,1.);
#13471 = DIRECTION('',(1.,0.));
#13472 = ( GEOMETRIC_REPRESENTATION_CONTEXT(2) 
PARAMETRIC_REPRESENTATION_CONTEXT() REPRESENTATION_CONTEXT('2D SPACE',''
  ) );
#13473 = ORIENTED_EDGE('',*,*,#13207,.T.);
#13474 = ORIENTED_EDGE('',*,*,#13365,.T.);
#13475 = ORIENTED_EDGE('',*,*,#13476,.F.);
#13476 = EDGE_CURVE('',#13452,#13343,#13477,.T.);
#13477 = SURFACE_CURVE('',#13478,(#13482,#13489),.PCURVE_S1.);
#13478 = LINE('',#13479,#13480);
#13479 = CARTESIAN_POINT('',(74.12,1.3,0.));
#13480 = VECTOR('',#13481,1.);
#13481 = DIRECTION('',(0.,0.,1.));
#13482 = PCURVE('',#13223,#13483);
#13483 = DEFINITIONAL_REPRESENTATION('',(#13484),#13488);
#13484 = LINE('',#13485,#13486);
#13485 = CARTESIAN_POINT('',(0.,148.24));
#13486 = VECTOR('',#13487,1.);
#13487 = DIRECTION('',(1.,0.));
#13488 = ( GEOMETRIC_REPRESENTATION_CONTEXT(2) 
PARAMETRIC_REPRESENTATION_CONTEXT() REPRESENTATION_CONTEXT('2D SPACE',''
  ) );
#13489 = PCURVE('',#13325,#13490);
#13490 = DEFINITIONAL_REPRESENTATION('',(#13491),#13495);
#13491 = LINE('',#13492,#13493);
#13492 = CARTESIAN_POINT('',(0.,-26.66));
#13493 = VECTOR('',#13494,1.);
#13494 = DIRECTION('',(1.,0.));
#13495 = ( GEOMETRIC_REPRESENTATION_CONTEXT(2) 
PARAMETRIC_REPRESENTATION_CONTEXT() REPRESENTATION_CONTEXT('2D SPACE',''
  ) );
#13496 = ADVANCED_FACE('',(#13497),#13195,.F.);
#13497 = FACE_BOUND('',#13498,.F.);
#13498 = EDGE_LOOP('',(#13499,#13500,#13501,#13522));
#13499 = ORIENTED_EDGE('',*,*,#13179,.F.);
#13500 = ORIENTED_EDGE('',*,*,#13264,.T.);
#13501 = ORIENTED_EDGE('',*,*,#13502,.T.);
#13502 = EDGE_CURVE('',#13265,#13452,#13503,.T.);
#13503 = SURFACE_CURVE('',#13504,(#13508,#13515),.PCURVE_S1.);
#13504 = LINE('',#13505,#13506);
#13505 = CARTESIAN_POINT('',(74.12,-25.36,0.));
#13506 = VECTOR('',#13507,1.);
#13507 = DIRECTION('',(0.,1.,0.));
#13508 = PCURVE('',#13195,#13509);
#13509 = DEFINITIONAL_REPRESENTATION('',(#13510),#13514);
#13510 = LINE('',#13511,#13512);
#13511 = CARTESIAN_POINT('',(148.24,0.));
#13512 = VECTOR('',#13513,1.);
#13513 = DIRECTION('',(0.,1.));
#13514 = ( GEOMETRIC_REPRESENTATION_CONTEXT(2) 
PARAMETRIC_REPRESENTATION_CONTEXT() REPRESENTATION_CONTEXT('2D SPACE',''
  ) );
#13515 = PCURVE('',#13325,#13516);
#13516 = DEFINITIONAL_REPRESENTATION('',(#13517),#13521);
#13517 = LINE('',#13518,#13519);
#13518 = CARTESIAN_POINT('',(0.,0.));
#13519 = VECTOR('',#13520,1.);
#13520 = DIRECTION('',(0.,-1.));
#13521 = ( GEOMETRIC_REPRESENTATION_CONTEXT(2) 
PARAMETRIC_REPRESENTATION_CONTEXT() REPRESENTATION_CONTEXT('2D SPACE',''
  ) );
#13522 = ORIENTED_EDGE('',*,*,#13451,.F.);
#13523 = ADVANCED_FACE('',(#13524),#13325,.T.);
#13524 = FACE_BOUND('',#13525,.T.);
#13525 = EDGE_LOOP('',(#13526,#13527,#13528,#13529));
#13526 = ORIENTED_EDGE('',*,*,#13311,.F.);
#13527 = ORIENTED_EDGE('',*,*,#13502,.T.);
#13528 = ORIENTED_EDGE('',*,*,#13476,.T.);
#13529 = ORIENTED_EDGE('',*,*,#13342,.F.);
#13530 = ADVANCED_FACE('',(#13531),#13405,.T.);
#13531 = FACE_BOUND('',#13532,.T.);
#13532 = EDGE_LOOP('',(#13533,#13562,#13583,#13584));
#13533 = ORIENTED_EDGE('',*,*,#13534,.F.);
#13534 = EDGE_CURVE('',#13535,#13535,#13537,.T.);
#13535 = VERTEX_POINT('',#13536);
#13536 = CARTESIAN_POINT('',(60.74,-12.03,105.9));
#13537 = SURFACE_CURVE('',#13538,(#13543,#13550),.PCURVE_S1.);
#13538 = CIRCLE('',#13539,5.44);
#13539 = AXIS2_PLACEMENT_3D('',#13540,#13541,#13542);
#13540 = CARTESIAN_POINT('',(55.3,-12.03,105.9));
#13541 = DIRECTION('',(0.,0.,1.));
#13542 = DIRECTION('',(1.,0.,0.));
#13543 = PCURVE('',#13405,#13544);
#13544 = DEFINITIONAL_REPRESENTATION('',(#13545),#13549);
#13545 = LINE('',#13546,#13547);
#13546 = CARTESIAN_POINT('',(0.,3.1));
#13547 = VECTOR('',#13548,1.);
#13548 = DIRECTION('',(1.,0.));
#13549 = ( GEOMETRIC_REPRESENTATION_CONTEXT(2) 
PARAMETRIC_REPRESENTATION_CONTEXT() REPRESENTATION_CONTEXT('2D SPACE',''
  ) );
#13550 = PCURVE('',#13551,#13556);
#13551 = PLANE('',#13552);
#13552 = AXIS2_PLACEMENT_3D('',#13553,#13554,#13555);
#13553 = CARTESIAN_POINT('',(55.3,-12.03,105.9));
#13554 = DIRECTION('',(0.,0.,1.));
#13555 = DIRECTION('',(1.,0.,0.));
#13556 = DEFINITIONAL_REPRESENTATION('',(#13557),#13561);
#13557 = CIRCLE('',#13558,5.44);
#13558 = AXIS2_PLACEMENT_2D('',#13559,#13560);
#13559 = CARTESIAN_POINT('',(0.,0.));
#13560 = DIRECTION('',(1.,0.));
#13561 = ( GEOMETRIC_REPRESENTATION_CONTEXT(2) 
PARAMETRIC_REPRESENTATION_CONTEXT() REPRESENTATION_CONTEXT('2D SPACE',''
  ) );
#13562 = ORIENTED_EDGE('',*,*,#13563,.F.);
#13563 = EDGE_CURVE('',#13389,#13535,#13564,.T.);
#13564 = SEAM_CURVE('',#13565,(#13569,#13576),.PCURVE_S1.);
#13565 = LINE('',#13566,#13567);
#13566 = CARTESIAN_POINT('',(60.74,-12.03,102.8));
#13567 = VECTOR('',#13568,1.);
#13568 = DIRECTION('',(0.,0.,1.));
#13569 = PCURVE('',#13405,#13570);
#13570 = DEFINITIONAL_REPRESENTATION('',(#13571),#13575);
#13571 = LINE('',#13572,#13573);
#13572 = CARTESIAN_POINT('',(6.28318530718,-0.));
#13573 = VECTOR('',#13574,1.);
#13574 = DIRECTION('',(0.,1.));
#13575 = ( GEOMETRIC_REPRESENTATION_CONTEXT(2) 
PARAMETRIC_REPRESENTATION_CONTEXT() REPRESENTATION_CONTEXT('2D SPACE',''
  ) );
#13576 = PCURVE('',#13405,#13577);
#13577 = DEFINITIONAL_REPRESENTATION('',(#13578),#13582);
#13578 = LINE('',#13579,#13580);
#13579 = CARTESIAN_POINT('',(0.,-0.));
#13580 = VECTOR('',#13581,1.);
#13581 = DIRECTION('',(0.,1.));
#13582 = ( GEOMETRIC_REPRESENTATION_CONTEXT(2) 
PARAMETRIC_REPRESENTATION_CONTEXT() REPRESENTATION_CONTEXT('2D SPACE',''
  ) );
#13583 = ORIENTED_EDGE('',*,*,#13388,.T.);
#13584 = ORIENTED_EDGE('',*,*,#13563,.T.);
#13585 = ADVANCED_FACE('',(#13586),#13436,.T.);
#13586 = FACE_BOUND('',#13587,.T.);
#13587 = EDGE_LOOP('',(#13588,#13617,#13638,#13639));
#13588 = ORIENTED_EDGE('',*,*,#13589,.F.);
#13589 = EDGE_CURVE('',#13590,#13590,#13592,.T.);
#13590 = VERTEX_POINT('',#13591);
#13591 = CARTESIAN_POINT('',(-49.86,-12.03,105.9));
#13592 = SURFACE_CURVE('',#13593,(#13598,#13605),.PCURVE_S1.);
#13593 = CIRCLE('',#13594,5.44);
#13594 = AXIS2_PLACEMENT_3D('',#13595,#13596,#13597);
#13595 = CARTESIAN_POINT('',(-55.3,-12.03,105.9));
#13596 = DIRECTION('',(0.,0.,1.));
#13597 = DIRECTION('',(1.,0.,0.));
#13598 = PCURVE('',#13436,#13599);
#13599 = DEFINITIONAL_REPRESENTATION('',(#13600),#13604);
#13600 = LINE('',#13601,#13602);
#13601 = CARTESIAN_POINT('',(0.,3.1));
#13602 = VECTOR('',#13603,1.);
#13603 = DIRECTION('',(1.,0.));
#13604 = ( GEOMETRIC_REPRESENTATION_CONTEXT(2) 
PARAMETRIC_REPRESENTATION_CONTEXT() REPRESENTATION_CONTEXT('2D SPACE',''
  ) );
#13605 = PCURVE('',#13606,#13611);
#13606 = PLANE('',#13607);
#13607 = AXIS2_PLACEMENT_3D('',#13608,#13609,#13610);
#13608 = CARTESIAN_POINT('',(-55.3,-12.03,105.9));
#13609 = DIRECTION('',(0.,0.,1.));
#13610 = DIRECTION('',(1.,0.,0.));
#13611 = DEFINITIONAL_REPRESENTATION('',(#13612),#13616);
#13612 = CIRCLE('',#13613,5.44);
#13613 = AXIS2_PLACEMENT_2D('',#13614,#13615);
#13614 = CARTESIAN_POINT('',(0.,0.));
#13615 = DIRECTION('',(1.,0.));
#13616 = ( GEOMETRIC_REPRESENTATION_CONTEXT(2) 
PARAMETRIC_REPRESENTATION_CONTEXT() REPRESENTATION_CONTEXT('2D SPACE',''
  ) );
#13617 = ORIENTED_EDGE('',*,*,#13618,.F.);
#13618 = EDGE_CURVE('',#13420,#13590,#13619,.T.);
#13619 = SEAM_CURVE('',#13620,(#13624,#13631),.PCURVE_S1.);
#13620 = LINE('',#13621,#13622);
#13621 = CARTESIAN_POINT('',(-49.86,-12.03,102.8));
#13622 = VECTOR('',#13623,1.);
#13623 = DIRECTION('',(0.,0.,1.));
#13624 = PCURVE('',#13436,#13625);
#13625 = DEFINITIONAL_REPRESENTATION('',(#13626),#13630);
#13626 = LINE('',#13627,#13628);
#13627 = CARTESIAN_POINT('',(6.28318530718,-0.));
#13628 = VECTOR('',#13629,1.);
#13629 = DIRECTION('',(0.,1.));
#13630 = ( GEOMETRIC_REPRESENTATION_CONTEXT(2) 
PARAMETRIC_REPRESENTATION_CONTEXT() REPRESENTATION_CONTEXT('2D SPACE',''
  ) );
#13631 = PCURVE('',#13436,#13632);
#13632 = DEFINITIONAL_REPRESENTATION('',(#13633),#13637);
#13633 = LINE('',#13634,#13635);
#13634 = CARTESIAN_POINT('',(0.,-0.));
#13635 = VECTOR('',#13636,1.);
#13636 = DIRECTION('',(0.,1.));
#13637 = ( GEOMETRIC_REPRESENTATION_CONTEXT(2) 
PARAMETRIC_REPRESENTATION_CONTEXT() REPRESENTATION_CONTEXT('2D SPACE',''
  ) );
#13638 = ORIENTED_EDGE('',*,*,#13419,.T.);
#13639 = ORIENTED_EDGE('',*,*,#13618,.T.);
#13640 = ADVANCED_FACE('',(#13641),#13551,.T.);
#13641 = FACE_BOUND('',#13642,.T.);
#13642 = EDGE_LOOP('',(#13643));
#13643 = ORIENTED_EDGE('',*,*,#13534,.T.);
#13644 = ADVANCED_FACE('',(#13645),#13606,.T.);
#13645 = FACE_BOUND('',#13646,.T.);
#13646 = EDGE_LOOP('',(#13647));
#13647 = ORIENTED_EDGE('',*,*,#13589,.T.);
#13648 = MANIFOLD_SOLID_BREP('',#13649);
#13649 = CLOSED_SHELL('',(#13650,#13770,#13846,#13957,#14006,#14033,
    #14040,#14095,#14150,#14154));
#13650 = ADVANCED_FACE('',(#13651),#13665,.F.);
#13651 = FACE_BOUND('',#13652,.F.);
#13652 = EDGE_LOOP('',(#13653,#13688,#13716,#13744));
#13653 = ORIENTED_EDGE('',*,*,#13654,.F.);
#13654 = EDGE_CURVE('',#13655,#13657,#13659,.T.);
#13655 = VERTEX_POINT('',#13656);
#13656 = CARTESIAN_POINT('',(74.12,30.96,0.));
#13657 = VERTEX_POINT('',#13658);
#13658 = CARTESIAN_POINT('',(74.12,30.96,102.8));
#13659 = SURFACE_CURVE('',#13660,(#13664,#13676),.PCURVE_S1.);
#13660 = LINE('',#13661,#13662);
#13661 = CARTESIAN_POINT('',(74.12,30.96,0.));
#13662 = VECTOR('',#13663,1.);
#13663 = DIRECTION('',(0.,0.,1.));
#13664 = PCURVE('',#13665,#13670);
#13665 = PLANE('',#13666);
#13666 = AXIS2_PLACEMENT_3D('',#13667,#13668,#13669);
#13667 = CARTESIAN_POINT('',(74.12,30.96,0.));
#13668 = DIRECTION('',(-1.,1.224646799147E-16,0.));
#13669 = DIRECTION('',(0.,0.,1.));
#13670 = DEFINITIONAL_REPRESENTATION('',(#13671),#13675);
#13671 = LINE('',#13672,#13673);
#13672 = CARTESIAN_POINT('',(0.,0.));
#13673 = VECTOR('',#13674,1.);
#13674 = DIRECTION('',(1.,0.));
#13675 = ( GEOMETRIC_REPRESENTATION_CONTEXT(2) 
PARAMETRIC_REPRESENTATION_CONTEXT() REPRESENTATION_CONTEXT('2D SPACE',''
  ) );
#13676 = PCURVE('',#13677,#13682);
#13677 = PLANE('',#13678);
#13678 = AXIS2_PLACEMENT_3D('',#13679,#13680,#13681);
#13679 = CARTESIAN_POINT('',(74.12,30.96,0.));
#13680 = DIRECTION('',(-1.224646799147E-16,-1.,0.));
#13681 = DIRECTION('',(0.,0.,1.));
#13682 = DEFINITIONAL_REPRESENTATION('',(#13683),#13687);
#13683 = LINE('',#13684,#13685);
#13684 = CARTESIAN_POINT('',(0.,0.));
#13685 = VECTOR('',#13686,1.);
#13686 = DIRECTION('',(1.,0.));
#13687 = ( GEOMETRIC_REPRESENTATION_CONTEXT(2) 
PARAMETRIC_REPRESENTATION_CONTEXT() REPRESENTATION_CONTEXT('2D SPACE',''
  ) );
#13688 = ORIENTED_EDGE('',*,*,#13689,.T.);
#13689 = EDGE_CURVE('',#13655,#13690,#13692,.T.);
#13690 = VERTEX_POINT('',#13691);
#13691 = CARTESIAN_POINT('',(74.12,4.3,0.));
#13692 = SURFACE_CURVE('',#13693,(#13697,#13704),.PCURVE_S1.);
#13693 = LINE('',#13694,#13695);
#13694 = CARTESIAN_POINT('',(74.12,30.96,0.));
#13695 = VECTOR('',#13696,1.);
#13696 = DIRECTION('',(-1.224646799147E-16,-1.,0.));
#13697 = PCURVE('',#13665,#13698);
#13698 = DEFINITIONAL_REPRESENTATION('',(#13699),#13703);
#13699 = LINE('',#13700,#13701);
#13700 = CARTESIAN_POINT('',(0.,0.));
#13701 = VECTOR('',#13702,1.);
#13702 = DIRECTION('',(0.,-1.));
#13703 = ( GEOMETRIC_REPRESENTATION_CONTEXT(2) 
PARAMETRIC_REPRESENTATION_CONTEXT() REPRESENTATION_CONTEXT('2D SPACE',''
  ) );
#13704 = PCURVE('',#13705,#13710);
#13705 = PLANE('',#13706);
#13706 = AXIS2_PLACEMENT_3D('',#13707,#13708,#13709);
#13707 = CARTESIAN_POINT('',(74.12,30.96,0.));
#13708 = DIRECTION('',(0.,0.,1.));
#13709 = DIRECTION('',(-1.,1.224646799147E-16,0.));
#13710 = DEFINITIONAL_REPRESENTATION('',(#13711),#13715);
#13711 = LINE('',#13712,#13713);
#13712 = CARTESIAN_POINT('',(0.,0.));
#13713 = VECTOR('',#13714,1.);
#13714 = DIRECTION('',(0.,1.));
#13715 = ( GEOMETRIC_REPRESENTATION_CONTEXT(2) 
PARAMETRIC_REPRESENTATION_CONTEXT() REPRESENTATION_CONTEXT('2D SPACE',''
  ) );
#13716 = ORIENTED_EDGE('',*,*,#13717,.T.);
#13717 = EDGE_CURVE('',#13690,#13718,#13720,.T.);
#13718 = VERTEX_POINT('',#13719);
#13719 = CARTESIAN_POINT('',(74.12,4.3,102.8));
#13720 = SURFACE_CURVE('',#13721,(#13725,#13732),.PCURVE_S1.);
#13721 = LINE('',#13722,#13723);
#13722 = CARTESIAN_POINT('',(74.12,4.3,0.));
#13723 = VECTOR('',#13724,1.);
#13724 = DIRECTION('',(0.,0.,1.));
#13725 = PCURVE('',#13665,#13726);
#13726 = DEFINITIONAL_REPRESENTATION('',(#13727),#13731);
#13727 = LINE('',#13728,#13729);
#13728 = CARTESIAN_POINT('',(0.,-26.66));
#13729 = VECTOR('',#13730,1.);
#13730 = DIRECTION('',(1.,0.));
#13731 = ( GEOMETRIC_REPRESENTATION_CONTEXT(2) 
PARAMETRIC_REPRESENTATION_CONTEXT() REPRESENTATION_CONTEXT('2D SPACE',''
  ) );
#13732 = PCURVE('',#13733,#13738);
#13733 = PLANE('',#13734);
#13734 = AXIS2_PLACEMENT_3D('',#13735,#13736,#13737);
#13735 = CARTESIAN_POINT('',(74.12,4.3,0.));
#13736 = DIRECTION('',(-1.224646799147E-16,-1.,0.));
#13737 = DIRECTION('',(0.,0.,1.));
#13738 = DEFINITIONAL_REPRESENTATION('',(#13739),#13743);
#13739 = LINE('',#13740,#13741);
#13740 = CARTESIAN_POINT('',(0.,0.));
#13741 = VECTOR('',#13742,1.);
#13742 = DIRECTION('',(1.,0.));
#13743 = ( GEOMETRIC_REPRESENTATION_CONTEXT(2) 
PARAMETRIC_REPRESENTATION_CONTEXT() REPRESENTATION_CONTEXT('2D SPACE',''
  ) );
#13744 = ORIENTED_EDGE('',*,*,#13745,.F.);
#13745 = EDGE_CURVE('',#13657,#13718,#13746,.T.);
#13746 = SURFACE_CURVE('',#13747,(#13751,#13758),.PCURVE_S1.);
#13747 = LINE('',#13748,#13749);
#13748 = CARTESIAN_POINT('',(74.12,30.96,102.8));
#13749 = VECTOR('',#13750,1.);
#13750 = DIRECTION('',(-1.224646799147E-16,-1.,0.));
#13751 = PCURVE('',#13665,#13752);
#13752 = DEFINITIONAL_REPRESENTATION('',(#13753),#13757);
#13753 = LINE('',#13754,#13755);
#13754 = CARTESIAN_POINT('',(102.8,0.));
#13755 = VECTOR('',#13756,1.);
#13756 = DIRECTION('',(0.,-1.));
#13757 = ( GEOMETRIC_REPRESENTATION_CONTEXT(2) 
PARAMETRIC_REPRESENTATION_CONTEXT() REPRESENTATION_CONTEXT('2D SPACE',''
  ) );
#13758 = PCURVE('',#13759,#13764);
#13759 = PLANE('',#13760);
#13760 = AXIS2_PLACEMENT_3D('',#13761,#13762,#13763);
#13761 = CARTESIAN_POINT('',(74.12,30.96,102.8));
#13762 = DIRECTION('',(0.,0.,1.));
#13763 = DIRECTION('',(-1.,1.224646799147E-16,0.));
#13764 = DEFINITIONAL_REPRESENTATION('',(#13765),#13769);
#13765 = LINE('',#13766,#13767);
#13766 = CARTESIAN_POINT('',(0.,0.));
#13767 = VECTOR('',#13768,1.);
#13768 = DIRECTION('',(0.,1.));
#13769 = ( GEOMETRIC_REPRESENTATION_CONTEXT(2) 
PARAMETRIC_REPRESENTATION_CONTEXT() REPRESENTATION_CONTEXT('2D SPACE',''
  ) );
#13770 = ADVANCED_FACE('',(#13771),#13677,.F.);
#13771 = FACE_BOUND('',#13772,.F.);
#13772 = EDGE_LOOP('',(#13773,#13796,#13797,#13820));
#13773 = ORIENTED_EDGE('',*,*,#13774,.F.);
#13774 = EDGE_CURVE('',#13655,#13775,#13777,.T.);
#13775 = VERTEX_POINT('',#13776);
#13776 = CARTESIAN_POINT('',(-74.12,30.96,0.));
#13777 = SURFACE_CURVE('',#13778,(#13782,#13789),.PCURVE_S1.);
#13778 = LINE('',#13779,#13780);
#13779 = CARTESIAN_POINT('',(74.12,30.96,0.));
#13780 = VECTOR('',#13781,1.);
#13781 = DIRECTION('',(-1.,1.224646799147E-16,0.));
#13782 = PCURVE('',#13677,#13783);
#13783 = DEFINITIONAL_REPRESENTATION('',(#13784),#13788);
#13784 = LINE('',#13785,#13786);
#13785 = CARTESIAN_POINT('',(0.,0.));
#13786 = VECTOR('',#13787,1.);
#13787 = DIRECTION('',(0.,1.));
#13788 = ( GEOMETRIC_REPRESENTATION_CONTEXT(2) 
PARAMETRIC_REPRESENTATION_CONTEXT() REPRESENTATION_CONTEXT('2D SPACE',''
  ) );
#13789 = PCURVE('',#13705,#13790);
#13790 = DEFINITIONAL_REPRESENTATION('',(#13791),#13795);
#13791 = LINE('',#13792,#13793);
#13792 = CARTESIAN_POINT('',(0.,0.));
#13793 = VECTOR('',#13794,1.);
#13794 = DIRECTION('',(1.,0.));
#13795 = ( GEOMETRIC_REPRESENTATION_CONTEXT(2) 
PARAMETRIC_REPRESENTATION_CONTEXT() REPRESENTATION_CONTEXT('2D SPACE',''
  ) );
#13796 = ORIENTED_EDGE('',*,*,#13654,.T.);
#13797 = ORIENTED_EDGE('',*,*,#13798,.T.);
#13798 = EDGE_CURVE('',#13657,#13799,#13801,.T.);
#13799 = VERTEX_POINT('',#13800);
#13800 = CARTESIAN_POINT('',(-74.12,30.96,102.8));
#13801 = SURFACE_CURVE('',#13802,(#13806,#13813),.PCURVE_S1.);
#13802 = LINE('',#13803,#13804);
#13803 = CARTESIAN_POINT('',(74.12,30.96,102.8));
#13804 = VECTOR('',#13805,1.);
#13805 = DIRECTION('',(-1.,1.224646799147E-16,0.));
#13806 = PCURVE('',#13677,#13807);
#13807 = DEFINITIONAL_REPRESENTATION('',(#13808),#13812);
#13808 = LINE('',#13809,#13810);
#13809 = CARTESIAN_POINT('',(102.8,0.));
#13810 = VECTOR('',#13811,1.);
#13811 = DIRECTION('',(0.,1.));
#13812 = ( GEOMETRIC_REPRESENTATION_CONTEXT(2) 
PARAMETRIC_REPRESENTATION_CONTEXT() REPRESENTATION_CONTEXT('2D SPACE',''
  ) );
#13813 = PCURVE('',#13759,#13814);
#13814 = DEFINITIONAL_REPRESENTATION('',(#13815),#13819);
#13815 = LINE('',#13816,#13817);
#13816 = CARTESIAN_POINT('',(0.,0.));
#13817 = VECTOR('',#13818,1.);
#13818 = DIRECTION('',(1.,0.));
#13819 = ( GEOMETRIC_REPRESENTATION_CONTEXT(2) 
PARAMETRIC_REPRESENTATION_CONTEXT() REPRESENTATION_CONTEXT('2D SPACE',''
  ) );
#13820 = ORIENTED_EDGE('',*,*,#13821,.F.);
#13821 = EDGE_CURVE('',#13775,#13799,#13822,.T.);
#13822 = SURFACE_CURVE('',#13823,(#13827,#13834),.PCURVE_S1.);
#13823 = LINE('',#13824,#13825);
#13824 = CARTESIAN_POINT('',(-74.12,30.96,0.));
#13825 = VECTOR('',#13826,1.);
#13826 = DIRECTION('',(0.,0.,1.));
#13827 = PCURVE('',#13677,#13828);
#13828 = DEFINITIONAL_REPRESENTATION('',(#13829),#13833);
#13829 = LINE('',#13830,#13831);
#13830 = CARTESIAN_POINT('',(0.,148.24));
#13831 = VECTOR('',#13832,1.);
#13832 = DIRECTION('',(1.,0.));
#13833 = ( GEOMETRIC_REPRESENTATION_CONTEXT(2) 
PARAMETRIC_REPRESENTATION_CONTEXT() REPRESENTATION_CONTEXT('2D SPACE',''
  ) );
#13834 = PCURVE('',#13835,#13840);
#13835 = PLANE('',#13836);
#13836 = AXIS2_PLACEMENT_3D('',#13837,#13838,#13839);
#13837 = CARTESIAN_POINT('',(-74.12,30.96,0.));
#13838 = DIRECTION('',(-1.,1.224646799147E-16,0.));
#13839 = DIRECTION('',(0.,0.,1.));
#13840 = DEFINITIONAL_REPRESENTATION('',(#13841),#13845);
#13841 = LINE('',#13842,#13843);
#13842 = CARTESIAN_POINT('',(0.,0.));
#13843 = VECTOR('',#13844,1.);
#13844 = DIRECTION('',(1.,0.));
#13845 = ( GEOMETRIC_REPRESENTATION_CONTEXT(2) 
PARAMETRIC_REPRESENTATION_CONTEXT() REPRESENTATION_CONTEXT('2D SPACE',''
  ) );
#13846 = ADVANCED_FACE('',(#13847,#13895,#13926),#13759,.T.);
#13847 = FACE_BOUND('',#13848,.T.);
#13848 = EDGE_LOOP('',(#13849,#13850,#13851,#13874));
#13849 = ORIENTED_EDGE('',*,*,#13745,.F.);
#13850 = ORIENTED_EDGE('',*,*,#13798,.T.);
#13851 = ORIENTED_EDGE('',*,*,#13852,.T.);
#13852 = EDGE_CURVE('',#13799,#13853,#13855,.T.);
#13853 = VERTEX_POINT('',#13854);
#13854 = CARTESIAN_POINT('',(-74.12,4.3,102.8));
#13855 = SURFACE_CURVE('',#13856,(#13860,#13867),.PCURVE_S1.);
#13856 = LINE('',#13857,#13858);
#13857 = CARTESIAN_POINT('',(-74.12,30.96,102.8));
#13858 = VECTOR('',#13859,1.);
#13859 = DIRECTION('',(-1.224646799147E-16,-1.,0.));
#13860 = PCURVE('',#13759,#13861);
#13861 = DEFINITIONAL_REPRESENTATION('',(#13862),#13866);
#13862 = LINE('',#13863,#13864);
#13863 = CARTESIAN_POINT('',(148.24,0.));
#13864 = VECTOR('',#13865,1.);
#13865 = DIRECTION('',(0.,1.));
#13866 = ( GEOMETRIC_REPRESENTATION_CONTEXT(2) 
PARAMETRIC_REPRESENTATION_CONTEXT() REPRESENTATION_CONTEXT('2D SPACE',''
  ) );
#13867 = PCURVE('',#13835,#13868);
#13868 = DEFINITIONAL_REPRESENTATION('',(#13869),#13873);
#13869 = LINE('',#13870,#13871);
#13870 = CARTESIAN_POINT('',(102.8,0.));
#13871 = VECTOR('',#13872,1.);
#13872 = DIRECTION('',(0.,-1.));
#13873 = ( GEOMETRIC_REPRESENTATION_CONTEXT(2) 
PARAMETRIC_REPRESENTATION_CONTEXT() REPRESENTATION_CONTEXT('2D SPACE',''
  ) );
#13874 = ORIENTED_EDGE('',*,*,#13875,.F.);
#13875 = EDGE_CURVE('',#13718,#13853,#13876,.T.);
#13876 = SURFACE_CURVE('',#13877,(#13881,#13888),.PCURVE_S1.);
#13877 = LINE('',#13878,#13879);
#13878 = CARTESIAN_POINT('',(74.12,4.3,102.8));
#13879 = VECTOR('',#13880,1.);
#13880 = DIRECTION('',(-1.,1.224646799147E-16,0.));
#13881 = PCURVE('',#13759,#13882);
#13882 = DEFINITIONAL_REPRESENTATION('',(#13883),#13887);
#13883 = LINE('',#13884,#13885);
#13884 = CARTESIAN_POINT('',(0.,26.66));
#13885 = VECTOR('',#13886,1.);
#13886 = DIRECTION('',(1.,0.));
#13887 = ( GEOMETRIC_REPRESENTATION_CONTEXT(2) 
PARAMETRIC_REPRESENTATION_CONTEXT() REPRESENTATION_CONTEXT('2D SPACE',''
  ) );
#13888 = PCURVE('',#13733,#13889);
#13889 = DEFINITIONAL_REPRESENTATION('',(#13890),#13894);
#13890 = LINE('',#13891,#13892);
#13891 = CARTESIAN_POINT('',(102.8,0.));
#13892 = VECTOR('',#13893,1.);
#13893 = DIRECTION('',(0.,1.));
#13894 = ( GEOMETRIC_REPRESENTATION_CONTEXT(2) 
PARAMETRIC_REPRESENTATION_CONTEXT() REPRESENTATION_CONTEXT('2D SPACE',''
  ) );
#13895 = FACE_BOUND('',#13896,.T.);
#13896 = EDGE_LOOP('',(#13897));
#13897 = ORIENTED_EDGE('',*,*,#13898,.F.);
#13898 = EDGE_CURVE('',#13899,#13899,#13901,.T.);
#13899 = VERTEX_POINT('',#13900);
#13900 = CARTESIAN_POINT('',(-60.74,17.63,102.8));
#13901 = SURFACE_CURVE('',#13902,(#13907,#13914),.PCURVE_S1.);
#13902 = CIRCLE('',#13903,5.44);
#13903 = AXIS2_PLACEMENT_3D('',#13904,#13905,#13906);
#13904 = CARTESIAN_POINT('',(-55.3,17.63,102.8));
#13905 = DIRECTION('',(0.,0.,1.));
#13906 = DIRECTION('',(-1.,1.224646799147E-16,0.));
#13907 = PCURVE('',#13759,#13908);
#13908 = DEFINITIONAL_REPRESENTATION('',(#13909),#13913);
#13909 = CIRCLE('',#13910,5.44);
#13910 = AXIS2_PLACEMENT_2D('',#13911,#13912);
#13911 = CARTESIAN_POINT('',(129.42,13.33));
#13912 = DIRECTION('',(1.,0.));
#13913 = ( GEOMETRIC_REPRESENTATION_CONTEXT(2) 
PARAMETRIC_REPRESENTATION_CONTEXT() REPRESENTATION_CONTEXT('2D SPACE',''
  ) );
#13914 = PCURVE('',#13915,#13920);
#13915 = CYLINDRICAL_SURFACE('',#13916,5.44);
#13916 = AXIS2_PLACEMENT_3D('',#13917,#13918,#13919);
#13917 = CARTESIAN_POINT('',(-55.3,17.63,102.8));
#13918 = DIRECTION('',(0.,0.,1.));
#13919 = DIRECTION('',(-1.,1.224646799147E-16,0.));
#13920 = DEFINITIONAL_REPRESENTATION('',(#13921),#13925);
#13921 = LINE('',#13922,#13923);
#13922 = CARTESIAN_POINT('',(0.,0.));
#13923 = VECTOR('',#13924,1.);
#13924 = DIRECTION('',(1.,0.));
#13925 = ( GEOMETRIC_REPRESENTATION_CONTEXT(2) 
PARAMETRIC_REPRESENTATION_CONTEXT() REPRESENTATION_CONTEXT('2D SPACE',''
  ) );
#13926 = FACE_BOUND('',#13927,.T.);
#13927 = EDGE_LOOP('',(#13928));
#13928 = ORIENTED_EDGE('',*,*,#13929,.F.);
#13929 = EDGE_CURVE('',#13930,#13930,#13932,.T.);
#13930 = VERTEX_POINT('',#13931);
#13931 = CARTESIAN_POINT('',(49.86,17.63,102.8));
#13932 = SURFACE_CURVE('',#13933,(#13938,#13945),.PCURVE_S1.);
#13933 = CIRCLE('',#13934,5.44);
#13934 = AXIS2_PLACEMENT_3D('',#13935,#13936,#13937);
#13935 = CARTESIAN_POINT('',(55.3,17.63,102.8));
#13936 = DIRECTION('',(0.,0.,1.));
#13937 = DIRECTION('',(-1.,1.224646799147E-16,0.));
#13938 = PCURVE('',#13759,#13939);
#13939 = DEFINITIONAL_REPRESENTATION('',(#13940),#13944);
#13940 = CIRCLE('',#13941,5.44);
#13941 = AXIS2_PLACEMENT_2D('',#13942,#13943);
#13942 = CARTESIAN_POINT('',(18.82,13.33));
#13943 = DIRECTION('',(1.,0.));
#13944 = ( GEOMETRIC_REPRESENTATION_CONTEXT(2) 
PARAMETRIC_REPRESENTATION_CONTEXT() REPRESENTATION_CONTEXT('2D SPACE',''
  ) );
#13945 = PCURVE('',#13946,#13951);
#13946 = CYLINDRICAL_SURFACE('',#13947,5.44);
#13947 = AXIS2_PLACEMENT_3D('',#13948,#13949,#13950);
#13948 = CARTESIAN_POINT('',(55.3,17.63,102.8));
#13949 = DIRECTION('',(0.,0.,1.));
#13950 = DIRECTION('',(-1.,1.224646799147E-16,0.));
#13951 = DEFINITIONAL_REPRESENTATION('',(#13952),#13956);
#13952 = LINE('',#13953,#13954);
#13953 = CARTESIAN_POINT('',(0.,0.));
#13954 = VECTOR('',#13955,1.);
#13955 = DIRECTION('',(1.,0.));
#13956 = ( GEOMETRIC_REPRESENTATION_CONTEXT(2) 
PARAMETRIC_REPRESENTATION_CONTEXT() REPRESENTATION_CONTEXT('2D SPACE',''
  ) );
#13957 = ADVANCED_FACE('',(#13958),#13733,.T.);
#13958 = FACE_BOUND('',#13959,.T.);
#13959 = EDGE_LOOP('',(#13960,#13983,#13984,#13985));
#13960 = ORIENTED_EDGE('',*,*,#13961,.F.);
#13961 = EDGE_CURVE('',#13690,#13962,#13964,.T.);
#13962 = VERTEX_POINT('',#13963);
#13963 = CARTESIAN_POINT('',(-74.12,4.3,0.));
#13964 = SURFACE_CURVE('',#13965,(#13969,#13976),.PCURVE_S1.);
#13965 = LINE('',#13966,#13967);
#13966 = CARTESIAN_POINT('',(74.12,4.3,0.));
#13967 = VECTOR('',#13968,1.);
#13968 = DIRECTION('',(-1.,1.224646799147E-16,0.));
#13969 = PCURVE('',#13733,#13970);
#13970 = DEFINITIONAL_REPRESENTATION('',(#13971),#13975);
#13971 = LINE('',#13972,#13973);
#13972 = CARTESIAN_POINT('',(0.,0.));
#13973 = VECTOR('',#13974,1.);
#13974 = DIRECTION('',(0.,1.));
#13975 = ( GEOMETRIC_REPRESENTATION_CONTEXT(2) 
PARAMETRIC_REPRESENTATION_CONTEXT() REPRESENTATION_CONTEXT('2D SPACE',''
  ) );
#13976 = PCURVE('',#13705,#13977);
#13977 = DEFINITIONAL_REPRESENTATION('',(#13978),#13982);
#13978 = LINE('',#13979,#13980);
#13979 = CARTESIAN_POINT('',(0.,26.66));
#13980 = VECTOR('',#13981,1.);
#13981 = DIRECTION('',(1.,0.));
#13982 = ( GEOMETRIC_REPRESENTATION_CONTEXT(2) 
PARAMETRIC_REPRESENTATION_CONTEXT() REPRESENTATION_CONTEXT('2D SPACE',''
  ) );
#13983 = ORIENTED_EDGE('',*,*,#13717,.T.);
#13984 = ORIENTED_EDGE('',*,*,#13875,.T.);
#13985 = ORIENTED_EDGE('',*,*,#13986,.F.);
#13986 = EDGE_CURVE('',#13962,#13853,#13987,.T.);
#13987 = SURFACE_CURVE('',#13988,(#13992,#13999),.PCURVE_S1.);
#13988 = LINE('',#13989,#13990);
#13989 = CARTESIAN_POINT('',(-74.12,4.3,0.));
#13990 = VECTOR('',#13991,1.);
#13991 = DIRECTION('',(0.,0.,1.));
#13992 = PCURVE('',#13733,#13993);
#13993 = DEFINITIONAL_REPRESENTATION('',(#13994),#13998);
#13994 = LINE('',#13995,#13996);
#13995 = CARTESIAN_POINT('',(0.,148.24));
#13996 = VECTOR('',#13997,1.);
#13997 = DIRECTION('',(1.,0.));
#13998 = ( GEOMETRIC_REPRESENTATION_CONTEXT(2) 
PARAMETRIC_REPRESENTATION_CONTEXT() REPRESENTATION_CONTEXT('2D SPACE',''
  ) );
#13999 = PCURVE('',#13835,#14000);
#14000 = DEFINITIONAL_REPRESENTATION('',(#14001),#14005);
#14001 = LINE('',#14002,#14003);
#14002 = CARTESIAN_POINT('',(0.,-26.66));
#14003 = VECTOR('',#14004,1.);
#14004 = DIRECTION('',(1.,0.));
#14005 = ( GEOMETRIC_REPRESENTATION_CONTEXT(2) 
PARAMETRIC_REPRESENTATION_CONTEXT() REPRESENTATION_CONTEXT('2D SPACE',''
  ) );
#14006 = ADVANCED_FACE('',(#14007),#13705,.F.);
#14007 = FACE_BOUND('',#14008,.F.);
#14008 = EDGE_LOOP('',(#14009,#14010,#14011,#14032));
#14009 = ORIENTED_EDGE('',*,*,#13689,.F.);
#14010 = ORIENTED_EDGE('',*,*,#13774,.T.);
#14011 = ORIENTED_EDGE('',*,*,#14012,.T.);
#14012 = EDGE_CURVE('',#13775,#13962,#14013,.T.);
#14013 = SURFACE_CURVE('',#14014,(#14018,#14025),.PCURVE_S1.);
#14014 = LINE('',#14015,#14016);
#14015 = CARTESIAN_POINT('',(-74.12,30.96,0.));
#14016 = VECTOR('',#14017,1.);
#14017 = DIRECTION('',(-1.224646799147E-16,-1.,0.));
#14018 = PCURVE('',#13705,#14019);
#14019 = DEFINITIONAL_REPRESENTATION('',(#14020),#14024);
#14020 = LINE('',#14021,#14022);
#14021 = CARTESIAN_POINT('',(148.24,0.));
#14022 = VECTOR('',#14023,1.);
#14023 = DIRECTION('',(0.,1.));
#14024 = ( GEOMETRIC_REPRESENTATION_CONTEXT(2) 
PARAMETRIC_REPRESENTATION_CONTEXT() REPRESENTATION_CONTEXT('2D SPACE',''
  ) );
#14025 = PCURVE('',#13835,#14026);
#14026 = DEFINITIONAL_REPRESENTATION('',(#14027),#14031);
#14027 = LINE('',#14028,#14029);
#14028 = CARTESIAN_POINT('',(0.,0.));
#14029 = VECTOR('',#14030,1.);
#14030 = DIRECTION('',(0.,-1.));
#14031 = ( GEOMETRIC_REPRESENTATION_CONTEXT(2) 
PARAMETRIC_REPRESENTATION_CONTEXT() REPRESENTATION_CONTEXT('2D SPACE',''
  ) );
#14032 = ORIENTED_EDGE('',*,*,#13961,.F.);
#14033 = ADVANCED_FACE('',(#14034),#13835,.T.);
#14034 = FACE_BOUND('',#14035,.T.);
#14035 = EDGE_LOOP('',(#14036,#14037,#14038,#14039));
#14036 = ORIENTED_EDGE('',*,*,#13821,.F.);
#14037 = ORIENTED_EDGE('',*,*,#14012,.T.);
#14038 = ORIENTED_EDGE('',*,*,#13986,.T.);
#14039 = ORIENTED_EDGE('',*,*,#13852,.F.);
#14040 = ADVANCED_FACE('',(#14041),#13915,.T.);
#14041 = FACE_BOUND('',#14042,.T.);
#14042 = EDGE_LOOP('',(#14043,#14072,#14093,#14094));
#14043 = ORIENTED_EDGE('',*,*,#14044,.F.);
#14044 = EDGE_CURVE('',#14045,#14045,#14047,.T.);
#14045 = VERTEX_POINT('',#14046);
#14046 = CARTESIAN_POINT('',(-60.74,17.63,105.9));
#14047 = SURFACE_CURVE('',#14048,(#14053,#14060),.PCURVE_S1.);
#14048 = CIRCLE('',#14049,5.44);
#14049 = AXIS2_PLACEMENT_3D('',#14050,#14051,#14052);
#14050 = CARTESIAN_POINT('',(-55.3,17.63,105.9));
#14051 = DIRECTION('',(0.,0.,1.));
#14052 = DIRECTION('',(-1.,1.224646799147E-16,0.));
#14053 = PCURVE('',#13915,#14054);
#14054 = DEFINITIONAL_REPRESENTATION('',(#14055),#14059);
#14055 = LINE('',#14056,#14057);
#14056 = CARTESIAN_POINT('',(0.,3.1));
#14057 = VECTOR('',#14058,1.);
#14058 = DIRECTION('',(1.,0.));
#14059 = ( GEOMETRIC_REPRESENTATION_CONTEXT(2) 
PARAMETRIC_REPRESENTATION_CONTEXT() REPRESENTATION_CONTEXT('2D SPACE',''
  ) );
#14060 = PCURVE('',#14061,#14066);
#14061 = PLANE('',#14062);
#14062 = AXIS2_PLACEMENT_3D('',#14063,#14064,#14065);
#14063 = CARTESIAN_POINT('',(-55.3,17.63,105.9));
#14064 = DIRECTION('',(0.,0.,1.));
#14065 = DIRECTION('',(-1.,1.224646799147E-16,0.));
#14066 = DEFINITIONAL_REPRESENTATION('',(#14067),#14071);
#14067 = CIRCLE('',#14068,5.44);
#14068 = AXIS2_PLACEMENT_2D('',#14069,#14070);
#14069 = CARTESIAN_POINT('',(0.,0.));
#14070 = DIRECTION('',(1.,0.));
#14071 = ( GEOMETRIC_REPRESENTATION_CONTEXT(2) 
PARAMETRIC_REPRESENTATION_CONTEXT() REPRESENTATION_CONTEXT('2D SPACE',''
  ) );
#14072 = ORIENTED_EDGE('',*,*,#14073,.F.);
#14073 = EDGE_CURVE('',#13899,#14045,#14074,.T.);
#14074 = SEAM_CURVE('',#14075,(#14079,#14086),.PCURVE_S1.);
#14075 = LINE('',#14076,#14077);
#14076 = CARTESIAN_POINT('',(-60.74,17.63,102.8));
#14077 = VECTOR('',#14078,1.);
#14078 = DIRECTION('',(0.,0.,1.));
#14079 = PCURVE('',#13915,#14080);
#14080 = DEFINITIONAL_REPRESENTATION('',(#14081),#14085);
#14081 = LINE('',#14082,#14083);
#14082 = CARTESIAN_POINT('',(6.28318530718,-0.));
#14083 = VECTOR('',#14084,1.);
#14084 = DIRECTION('',(0.,1.));
#14085 = ( GEOMETRIC_REPRESENTATION_CONTEXT(2) 
PARAMETRIC_REPRESENTATION_CONTEXT() REPRESENTATION_CONTEXT('2D SPACE',''
  ) );
#14086 = PCURVE('',#13915,#14087);
#14087 = DEFINITIONAL_REPRESENTATION('',(#14088),#14092);
#14088 = LINE('',#14089,#14090);
#14089 = CARTESIAN_POINT('',(0.,-0.));
#14090 = VECTOR('',#14091,1.);
#14091 = DIRECTION('',(0.,1.));
#14092 = ( GEOMETRIC_REPRESENTATION_CONTEXT(2) 
PARAMETRIC_REPRESENTATION_CONTEXT() REPRESENTATION_CONTEXT('2D SPACE',''
  ) );
#14093 = ORIENTED_EDGE('',*,*,#13898,.T.);
#14094 = ORIENTED_EDGE('',*,*,#14073,.T.);
#14095 = ADVANCED_FACE('',(#14096),#13946,.T.);
#14096 = FACE_BOUND('',#14097,.T.);
#14097 = EDGE_LOOP('',(#14098,#14127,#14148,#14149));
#14098 = ORIENTED_EDGE('',*,*,#14099,.F.);
#14099 = EDGE_CURVE('',#14100,#14100,#14102,.T.);
#14100 = VERTEX_POINT('',#14101);
#14101 = CARTESIAN_POINT('',(49.86,17.63,105.9));
#14102 = SURFACE_CURVE('',#14103,(#14108,#14115),.PCURVE_S1.);
#14103 = CIRCLE('',#14104,5.44);
#14104 = AXIS2_PLACEMENT_3D('',#14105,#14106,#14107);
#14105 = CARTESIAN_POINT('',(55.3,17.63,105.9));
#14106 = DIRECTION('',(0.,0.,1.));
#14107 = DIRECTION('',(-1.,1.224646799147E-16,0.));
#14108 = PCURVE('',#13946,#14109);
#14109 = DEFINITIONAL_REPRESENTATION('',(#14110),#14114);
#14110 = LINE('',#14111,#14112);
#14111 = CARTESIAN_POINT('',(0.,3.1));
#14112 = VECTOR('',#14113,1.);
#14113 = DIRECTION('',(1.,0.));
#14114 = ( GEOMETRIC_REPRESENTATION_CONTEXT(2) 
PARAMETRIC_REPRESENTATION_CONTEXT() REPRESENTATION_CONTEXT('2D SPACE',''
  ) );
#14115 = PCURVE('',#14116,#14121);
#14116 = PLANE('',#14117);
#14117 = AXIS2_PLACEMENT_3D('',#14118,#14119,#14120);
#14118 = CARTESIAN_POINT('',(55.3,17.63,105.9));
#14119 = DIRECTION('',(0.,0.,1.));
#14120 = DIRECTION('',(-1.,1.224646799147E-16,0.));
#14121 = DEFINITIONAL_REPRESENTATION('',(#14122),#14126);
#14122 = CIRCLE('',#14123,5.44);
#14123 = AXIS2_PLACEMENT_2D('',#14124,#14125);
#14124 = CARTESIAN_POINT('',(0.,0.));
#14125 = DIRECTION('',(1.,0.));
#14126 = ( GEOMETRIC_REPRESENTATION_CONTEXT(2) 
PARAMETRIC_REPRESENTATION_CONTEXT() REPRESENTATION_CONTEXT('2D SPACE',''
  ) );
#14127 = ORIENTED_EDGE('',*,*,#14128,.F.);
#14128 = EDGE_CURVE('',#13930,#14100,#14129,.T.);
#14129 = SEAM_CURVE('',#14130,(#14134,#14141),.PCURVE_S1.);
#14130 = LINE('',#14131,#14132);
#14131 = CARTESIAN_POINT('',(49.86,17.63,102.8));
#14132 = VECTOR('',#14133,1.);
#14133 = DIRECTION('',(0.,0.,1.));
#14134 = PCURVE('',#13946,#14135);
#14135 = DEFINITIONAL_REPRESENTATION('',(#14136),#14140);
#14136 = LINE('',#14137,#14138);
#14137 = CARTESIAN_POINT('',(6.28318530718,-0.));
#14138 = VECTOR('',#14139,1.);
#14139 = DIRECTION('',(0.,1.));
#14140 = ( GEOMETRIC_REPRESENTATION_CONTEXT(2) 
PARAMETRIC_REPRESENTATION_CONTEXT() REPRESENTATION_CONTEXT('2D SPACE',''
  ) );
#14141 = PCURVE('',#13946,#14142);
#14142 = DEFINITIONAL_REPRESENTATION('',(#14143),#14147);
#14143 = LINE('',#14144,#14145);
#14144 = CARTESIAN_POINT('',(0.,-0.));
#14145 = VECTOR('',#14146,1.);
#14146 = DIRECTION('',(0.,1.));
#14147 = ( GEOMETRIC_REPRESENTATION_CONTEXT(2) 
PARAMETRIC_REPRESENTATION_CONTEXT() REPRESENTATION_CONTEXT('2D SPACE',''
  ) );
#14148 = ORIENTED_EDGE('',*,*,#13929,.T.);
#14149 = ORIENTED_EDGE('',*,*,#14128,.T.);
#14150 = ADVANCED_FACE('',(#14151),#14061,.T.);
#14151 = FACE_BOUND('',#14152,.T.);
#14152 = EDGE_LOOP('',(#14153));
#14153 = ORIENTED_EDGE('',*,*,#14044,.T.);
#14154 = ADVANCED_FACE('',(#14155),#14116,.T.);
#14155 = FACE_BOUND('',#14156,.T.);
#14156 = EDGE_LOOP('',(#14157));
#14157 = ORIENTED_EDGE('',*,*,#14099,.T.);
#14158 = MANIFOLD_SOLID_BREP('',#14159);
#14159 = CLOSED_SHELL('',(#14160,#14280,#14356,#14467,#14516,#14543,
    #14550,#14605,#14660,#14664));
#14160 = ADVANCED_FACE('',(#14161),#14175,.F.);
#14161 = FACE_BOUND('',#14162,.F.);
#14162 = EDGE_LOOP('',(#14163,#14198,#14226,#14254));
#14163 = ORIENTED_EDGE('',*,*,#14164,.F.);
#14164 = EDGE_CURVE('',#14165,#14167,#14169,.T.);
#14165 = VERTEX_POINT('',#14166);
#14166 = CARTESIAN_POINT('',(-74.12,33.96,0.));
#14167 = VERTEX_POINT('',#14168);
#14168 = CARTESIAN_POINT('',(-74.12,33.96,102.8));
#14169 = SURFACE_CURVE('',#14170,(#14174,#14186),.PCURVE_S1.);
#14170 = LINE('',#14171,#14172);
#14171 = CARTESIAN_POINT('',(-74.12,33.96,0.));
#14172 = VECTOR('',#14173,1.);
#14173 = DIRECTION('',(0.,0.,1.));
#14174 = PCURVE('',#14175,#14180);
#14175 = PLANE('',#14176);
#14176 = AXIS2_PLACEMENT_3D('',#14177,#14178,#14179);
#14177 = CARTESIAN_POINT('',(-74.12,33.96,0.));
#14178 = DIRECTION('',(1.,0.,0.));
#14179 = DIRECTION('',(0.,0.,1.));
#14180 = DEFINITIONAL_REPRESENTATION('',(#14181),#14185);
#14181 = LINE('',#14182,#14183);
#14182 = CARTESIAN_POINT('',(0.,0.));
#14183 = VECTOR('',#14184,1.);
#14184 = DIRECTION('',(1.,0.));
#14185 = ( GEOMETRIC_REPRESENTATION_CONTEXT(2) 
PARAMETRIC_REPRESENTATION_CONTEXT() REPRESENTATION_CONTEXT('2D SPACE',''
  ) );
#14186 = PCURVE('',#14187,#14192);
#14187 = PLANE('',#14188);
#14188 = AXIS2_PLACEMENT_3D('',#14189,#14190,#14191);
#14189 = CARTESIAN_POINT('',(-74.12,33.96,0.));
#14190 = DIRECTION('',(0.,1.,0.));
#14191 = DIRECTION('',(0.,0.,1.));
#14192 = DEFINITIONAL_REPRESENTATION('',(#14193),#14197);
#14193 = LINE('',#14194,#14195);
#14194 = CARTESIAN_POINT('',(0.,0.));
#14195 = VECTOR('',#14196,1.);
#14196 = DIRECTION('',(1.,0.));
#14197 = ( GEOMETRIC_REPRESENTATION_CONTEXT(2) 
PARAMETRIC_REPRESENTATION_CONTEXT() REPRESENTATION_CONTEXT('2D SPACE',''
  ) );
#14198 = ORIENTED_EDGE('',*,*,#14199,.T.);
#14199 = EDGE_CURVE('',#14165,#14200,#14202,.T.);
#14200 = VERTEX_POINT('',#14201);
#14201 = CARTESIAN_POINT('',(-74.12,60.62,0.));
#14202 = SURFACE_CURVE('',#14203,(#14207,#14214),.PCURVE_S1.);
#14203 = LINE('',#14204,#14205);
#14204 = CARTESIAN_POINT('',(-74.12,33.96,0.));
#14205 = VECTOR('',#14206,1.);
#14206 = DIRECTION('',(0.,1.,0.));
#14207 = PCURVE('',#14175,#14208);
#14208 = DEFINITIONAL_REPRESENTATION('',(#14209),#14213);
#14209 = LINE('',#14210,#14211);
#14210 = CARTESIAN_POINT('',(0.,0.));
#14211 = VECTOR('',#14212,1.);
#14212 = DIRECTION('',(0.,-1.));
#14213 = ( GEOMETRIC_REPRESENTATION_CONTEXT(2) 
PARAMETRIC_REPRESENTATION_CONTEXT() REPRESENTATION_CONTEXT('2D SPACE',''
  ) );
#14214 = PCURVE('',#14215,#14220);
#14215 = PLANE('',#14216);
#14216 = AXIS2_PLACEMENT_3D('',#14217,#14218,#14219);
#14217 = CARTESIAN_POINT('',(-74.12,33.96,0.));
#14218 = DIRECTION('',(0.,0.,1.));
#14219 = DIRECTION('',(1.,0.,0.));
#14220 = DEFINITIONAL_REPRESENTATION('',(#14221),#14225);
#14221 = LINE('',#14222,#14223);
#14222 = CARTESIAN_POINT('',(0.,0.));
#14223 = VECTOR('',#14224,1.);
#14224 = DIRECTION('',(0.,1.));
#14225 = ( GEOMETRIC_REPRESENTATION_CONTEXT(2) 
PARAMETRIC_REPRESENTATION_CONTEXT() REPRESENTATION_CONTEXT('2D SPACE',''
  ) );
#14226 = ORIENTED_EDGE('',*,*,#14227,.T.);
#14227 = EDGE_CURVE('',#14200,#14228,#14230,.T.);
#14228 = VERTEX_POINT('',#14229);
#14229 = CARTESIAN_POINT('',(-74.12,60.62,102.8));
#14230 = SURFACE_CURVE('',#14231,(#14235,#14242),.PCURVE_S1.);
#14231 = LINE('',#14232,#14233);
#14232 = CARTESIAN_POINT('',(-74.12,60.62,0.));
#14233 = VECTOR('',#14234,1.);
#14234 = DIRECTION('',(0.,0.,1.));
#14235 = PCURVE('',#14175,#14236);
#14236 = DEFINITIONAL_REPRESENTATION('',(#14237),#14241);
#14237 = LINE('',#14238,#14239);
#14238 = CARTESIAN_POINT('',(0.,-26.66));
#14239 = VECTOR('',#14240,1.);
#14240 = DIRECTION('',(1.,0.));
#14241 = ( GEOMETRIC_REPRESENTATION_CONTEXT(2) 
PARAMETRIC_REPRESENTATION_CONTEXT() REPRESENTATION_CONTEXT('2D SPACE',''
  ) );
#14242 = PCURVE('',#14243,#14248);
#14243 = PLANE('',#14244);
#14244 = AXIS2_PLACEMENT_3D('',#14245,#14246,#14247);
#14245 = CARTESIAN_POINT('',(-74.12,60.62,0.));
#14246 = DIRECTION('',(0.,1.,0.));
#14247 = DIRECTION('',(0.,0.,1.));
#14248 = DEFINITIONAL_REPRESENTATION('',(#14249),#14253);
#14249 = LINE('',#14250,#14251);
#14250 = CARTESIAN_POINT('',(0.,0.));
#14251 = VECTOR('',#14252,1.);
#14252 = DIRECTION('',(1.,0.));
#14253 = ( GEOMETRIC_REPRESENTATION_CONTEXT(2) 
PARAMETRIC_REPRESENTATION_CONTEXT() REPRESENTATION_CONTEXT('2D SPACE',''
  ) );
#14254 = ORIENTED_EDGE('',*,*,#14255,.F.);
#14255 = EDGE_CURVE('',#14167,#14228,#14256,.T.);
#14256 = SURFACE_CURVE('',#14257,(#14261,#14268),.PCURVE_S1.);
#14257 = LINE('',#14258,#14259);
#14258 = CARTESIAN_POINT('',(-74.12,33.96,102.8));
#14259 = VECTOR('',#14260,1.);
#14260 = DIRECTION('',(0.,1.,0.));
#14261 = PCURVE('',#14175,#14262);
#14262 = DEFINITIONAL_REPRESENTATION('',(#14263),#14267);
#14263 = LINE('',#14264,#14265);
#14264 = CARTESIAN_POINT('',(102.8,0.));
#14265 = VECTOR('',#14266,1.);
#14266 = DIRECTION('',(0.,-1.));
#14267 = ( GEOMETRIC_REPRESENTATION_CONTEXT(2) 
PARAMETRIC_REPRESENTATION_CONTEXT() REPRESENTATION_CONTEXT('2D SPACE',''
  ) );
#14268 = PCURVE('',#14269,#14274);
#14269 = PLANE('',#14270);
#14270 = AXIS2_PLACEMENT_3D('',#14271,#14272,#14273);
#14271 = CARTESIAN_POINT('',(-74.12,33.96,102.8));
#14272 = DIRECTION('',(0.,0.,1.));
#14273 = DIRECTION('',(1.,0.,0.));
#14274 = DEFINITIONAL_REPRESENTATION('',(#14275),#14279);
#14275 = LINE('',#14276,#14277);
#14276 = CARTESIAN_POINT('',(0.,0.));
#14277 = VECTOR('',#14278,1.);
#14278 = DIRECTION('',(0.,1.));
#14279 = ( GEOMETRIC_REPRESENTATION_CONTEXT(2) 
PARAMETRIC_REPRESENTATION_CONTEXT() REPRESENTATION_CONTEXT('2D SPACE',''
  ) );
#14280 = ADVANCED_FACE('',(#14281),#14187,.F.);
#14281 = FACE_BOUND('',#14282,.F.);
#14282 = EDGE_LOOP('',(#14283,#14306,#14307,#14330));
#14283 = ORIENTED_EDGE('',*,*,#14284,.F.);
#14284 = EDGE_CURVE('',#14165,#14285,#14287,.T.);
#14285 = VERTEX_POINT('',#14286);
#14286 = CARTESIAN_POINT('',(74.12,33.96,0.));
#14287 = SURFACE_CURVE('',#14288,(#14292,#14299),.PCURVE_S1.);
#14288 = LINE('',#14289,#14290);
#14289 = CARTESIAN_POINT('',(-74.12,33.96,0.));
#14290 = VECTOR('',#14291,1.);
#14291 = DIRECTION('',(1.,0.,0.));
#14292 = PCURVE('',#14187,#14293);
#14293 = DEFINITIONAL_REPRESENTATION('',(#14294),#14298);
#14294 = LINE('',#14295,#14296);
#14295 = CARTESIAN_POINT('',(0.,0.));
#14296 = VECTOR('',#14297,1.);
#14297 = DIRECTION('',(0.,1.));
#14298 = ( GEOMETRIC_REPRESENTATION_CONTEXT(2) 
PARAMETRIC_REPRESENTATION_CONTEXT() REPRESENTATION_CONTEXT('2D SPACE',''
  ) );
#14299 = PCURVE('',#14215,#14300);
#14300 = DEFINITIONAL_REPRESENTATION('',(#14301),#14305);
#14301 = LINE('',#14302,#14303);
#14302 = CARTESIAN_POINT('',(0.,0.));
#14303 = VECTOR('',#14304,1.);
#14304 = DIRECTION('',(1.,0.));
#14305 = ( GEOMETRIC_REPRESENTATION_CONTEXT(2) 
PARAMETRIC_REPRESENTATION_CONTEXT() REPRESENTATION_CONTEXT('2D SPACE',''
  ) );
#14306 = ORIENTED_EDGE('',*,*,#14164,.T.);
#14307 = ORIENTED_EDGE('',*,*,#14308,.T.);
#14308 = EDGE_CURVE('',#14167,#14309,#14311,.T.);
#14309 = VERTEX_POINT('',#14310);
#14310 = CARTESIAN_POINT('',(74.12,33.96,102.8));
#14311 = SURFACE_CURVE('',#14312,(#14316,#14323),.PCURVE_S1.);
#14312 = LINE('',#14313,#14314);
#14313 = CARTESIAN_POINT('',(-74.12,33.96,102.8));
#14314 = VECTOR('',#14315,1.);
#14315 = DIRECTION('',(1.,0.,0.));
#14316 = PCURVE('',#14187,#14317);
#14317 = DEFINITIONAL_REPRESENTATION('',(#14318),#14322);
#14318 = LINE('',#14319,#14320);
#14319 = CARTESIAN_POINT('',(102.8,0.));
#14320 = VECTOR('',#14321,1.);
#14321 = DIRECTION('',(0.,1.));
#14322 = ( GEOMETRIC_REPRESENTATION_CONTEXT(2) 
PARAMETRIC_REPRESENTATION_CONTEXT() REPRESENTATION_CONTEXT('2D SPACE',''
  ) );
#14323 = PCURVE('',#14269,#14324);
#14324 = DEFINITIONAL_REPRESENTATION('',(#14325),#14329);
#14325 = LINE('',#14326,#14327);
#14326 = CARTESIAN_POINT('',(0.,0.));
#14327 = VECTOR('',#14328,1.);
#14328 = DIRECTION('',(1.,0.));
#14329 = ( GEOMETRIC_REPRESENTATION_CONTEXT(2) 
PARAMETRIC_REPRESENTATION_CONTEXT() REPRESENTATION_CONTEXT('2D SPACE',''
  ) );
#14330 = ORIENTED_EDGE('',*,*,#14331,.F.);
#14331 = EDGE_CURVE('',#14285,#14309,#14332,.T.);
#14332 = SURFACE_CURVE('',#14333,(#14337,#14344),.PCURVE_S1.);
#14333 = LINE('',#14334,#14335);
#14334 = CARTESIAN_POINT('',(74.12,33.96,0.));
#14335 = VECTOR('',#14336,1.);
#14336 = DIRECTION('',(0.,0.,1.));
#14337 = PCURVE('',#14187,#14338);
#14338 = DEFINITIONAL_REPRESENTATION('',(#14339),#14343);
#14339 = LINE('',#14340,#14341);
#14340 = CARTESIAN_POINT('',(0.,148.24));
#14341 = VECTOR('',#14342,1.);
#14342 = DIRECTION('',(1.,0.));
#14343 = ( GEOMETRIC_REPRESENTATION_CONTEXT(2) 
PARAMETRIC_REPRESENTATION_CONTEXT() REPRESENTATION_CONTEXT('2D SPACE',''
  ) );
#14344 = PCURVE('',#14345,#14350);
#14345 = PLANE('',#14346);
#14346 = AXIS2_PLACEMENT_3D('',#14347,#14348,#14349);
#14347 = CARTESIAN_POINT('',(74.12,33.96,0.));
#14348 = DIRECTION('',(1.,0.,0.));
#14349 = DIRECTION('',(0.,0.,1.));
#14350 = DEFINITIONAL_REPRESENTATION('',(#14351),#14355);
#14351 = LINE('',#14352,#14353);
#14352 = CARTESIAN_POINT('',(0.,0.));
#14353 = VECTOR('',#14354,1.);
#14354 = DIRECTION('',(1.,0.));
#14355 = ( GEOMETRIC_REPRESENTATION_CONTEXT(2) 
PARAMETRIC_REPRESENTATION_CONTEXT() REPRESENTATION_CONTEXT('2D SPACE',''
  ) );
#14356 = ADVANCED_FACE('',(#14357,#14405,#14436),#14269,.T.);
#14357 = FACE_BOUND('',#14358,.T.);
#14358 = EDGE_LOOP('',(#14359,#14360,#14361,#14384));
#14359 = ORIENTED_EDGE('',*,*,#14255,.F.);
#14360 = ORIENTED_EDGE('',*,*,#14308,.T.);
#14361 = ORIENTED_EDGE('',*,*,#14362,.T.);
#14362 = EDGE_CURVE('',#14309,#14363,#14365,.T.);
#14363 = VERTEX_POINT('',#14364);
#14364 = CARTESIAN_POINT('',(74.12,60.62,102.8));
#14365 = SURFACE_CURVE('',#14366,(#14370,#14377),.PCURVE_S1.);
#14366 = LINE('',#14367,#14368);
#14367 = CARTESIAN_POINT('',(74.12,33.96,102.8));
#14368 = VECTOR('',#14369,1.);
#14369 = DIRECTION('',(0.,1.,0.));
#14370 = PCURVE('',#14269,#14371);
#14371 = DEFINITIONAL_REPRESENTATION('',(#14372),#14376);
#14372 = LINE('',#14373,#14374);
#14373 = CARTESIAN_POINT('',(148.24,0.));
#14374 = VECTOR('',#14375,1.);
#14375 = DIRECTION('',(0.,1.));
#14376 = ( GEOMETRIC_REPRESENTATION_CONTEXT(2) 
PARAMETRIC_REPRESENTATION_CONTEXT() REPRESENTATION_CONTEXT('2D SPACE',''
  ) );
#14377 = PCURVE('',#14345,#14378);
#14378 = DEFINITIONAL_REPRESENTATION('',(#14379),#14383);
#14379 = LINE('',#14380,#14381);
#14380 = CARTESIAN_POINT('',(102.8,0.));
#14381 = VECTOR('',#14382,1.);
#14382 = DIRECTION('',(0.,-1.));
#14383 = ( GEOMETRIC_REPRESENTATION_CONTEXT(2) 
PARAMETRIC_REPRESENTATION_CONTEXT() REPRESENTATION_CONTEXT('2D SPACE',''
  ) );
#14384 = ORIENTED_EDGE('',*,*,#14385,.F.);
#14385 = EDGE_CURVE('',#14228,#14363,#14386,.T.);
#14386 = SURFACE_CURVE('',#14387,(#14391,#14398),.PCURVE_S1.);
#14387 = LINE('',#14388,#14389);
#14388 = CARTESIAN_POINT('',(-74.12,60.62,102.8));
#14389 = VECTOR('',#14390,1.);
#14390 = DIRECTION('',(1.,0.,0.));
#14391 = PCURVE('',#14269,#14392);
#14392 = DEFINITIONAL_REPRESENTATION('',(#14393),#14397);
#14393 = LINE('',#14394,#14395);
#14394 = CARTESIAN_POINT('',(0.,26.66));
#14395 = VECTOR('',#14396,1.);
#14396 = DIRECTION('',(1.,0.));
#14397 = ( GEOMETRIC_REPRESENTATION_CONTEXT(2) 
PARAMETRIC_REPRESENTATION_CONTEXT() REPRESENTATION_CONTEXT('2D SPACE',''
  ) );
#14398 = PCURVE('',#14243,#14399);
#14399 = DEFINITIONAL_REPRESENTATION('',(#14400),#14404);
#14400 = LINE('',#14401,#14402);
#14401 = CARTESIAN_POINT('',(102.8,0.));
#14402 = VECTOR('',#14403,1.);
#14403 = DIRECTION('',(0.,1.));
#14404 = ( GEOMETRIC_REPRESENTATION_CONTEXT(2) 
PARAMETRIC_REPRESENTATION_CONTEXT() REPRESENTATION_CONTEXT('2D SPACE',''
  ) );
#14405 = FACE_BOUND('',#14406,.T.);
#14406 = EDGE_LOOP('',(#14407));
#14407 = ORIENTED_EDGE('',*,*,#14408,.F.);
#14408 = EDGE_CURVE('',#14409,#14409,#14411,.T.);
#14409 = VERTEX_POINT('',#14410);
#14410 = CARTESIAN_POINT('',(60.74,47.29,102.8));
#14411 = SURFACE_CURVE('',#14412,(#14417,#14424),.PCURVE_S1.);
#14412 = CIRCLE('',#14413,5.44);
#14413 = AXIS2_PLACEMENT_3D('',#14414,#14415,#14416);
#14414 = CARTESIAN_POINT('',(55.3,47.29,102.8));
#14415 = DIRECTION('',(0.,0.,1.));
#14416 = DIRECTION('',(1.,0.,0.));
#14417 = PCURVE('',#14269,#14418);
#14418 = DEFINITIONAL_REPRESENTATION('',(#14419),#14423);
#14419 = CIRCLE('',#14420,5.44);
#14420 = AXIS2_PLACEMENT_2D('',#14421,#14422);
#14421 = CARTESIAN_POINT('',(129.42,13.33));
#14422 = DIRECTION('',(1.,0.));
#14423 = ( GEOMETRIC_REPRESENTATION_CONTEXT(2) 
PARAMETRIC_REPRESENTATION_CONTEXT() REPRESENTATION_CONTEXT('2D SPACE',''
  ) );
#14424 = PCURVE('',#14425,#14430);
#14425 = CYLINDRICAL_SURFACE('',#14426,5.44);
#14426 = AXIS2_PLACEMENT_3D('',#14427,#14428,#14429);
#14427 = CARTESIAN_POINT('',(55.3,47.29,102.8));
#14428 = DIRECTION('',(0.,0.,1.));
#14429 = DIRECTION('',(1.,0.,0.));
#14430 = DEFINITIONAL_REPRESENTATION('',(#14431),#14435);
#14431 = LINE('',#14432,#14433);
#14432 = CARTESIAN_POINT('',(0.,0.));
#14433 = VECTOR('',#14434,1.);
#14434 = DIRECTION('',(1.,0.));
#14435 = ( GEOMETRIC_REPRESENTATION_CONTEXT(2) 
PARAMETRIC_REPRESENTATION_CONTEXT() REPRESENTATION_CONTEXT('2D SPACE',''
  ) );
#14436 = FACE_BOUND('',#14437,.T.);
#14437 = EDGE_LOOP('',(#14438));
#14438 = ORIENTED_EDGE('',*,*,#14439,.F.);
#14439 = EDGE_CURVE('',#14440,#14440,#14442,.T.);
#14440 = VERTEX_POINT('',#14441);
#14441 = CARTESIAN_POINT('',(-49.86,47.29,102.8));
#14442 = SURFACE_CURVE('',#14443,(#14448,#14455),.PCURVE_S1.);
#14443 = CIRCLE('',#14444,5.44);
#14444 = AXIS2_PLACEMENT_3D('',#14445,#14446,#14447);
#14445 = CARTESIAN_POINT('',(-55.3,47.29,102.8));
#14446 = DIRECTION('',(0.,0.,1.));
#14447 = DIRECTION('',(1.,0.,0.));
#14448 = PCURVE('',#14269,#14449);
#14449 = DEFINITIONAL_REPRESENTATION('',(#14450),#14454);
#14450 = CIRCLE('',#14451,5.44);
#14451 = AXIS2_PLACEMENT_2D('',#14452,#14453);
#14452 = CARTESIAN_POINT('',(18.82,13.33));
#14453 = DIRECTION('',(1.,0.));
#14454 = ( GEOMETRIC_REPRESENTATION_CONTEXT(2) 
PARAMETRIC_REPRESENTATION_CONTEXT() REPRESENTATION_CONTEXT('2D SPACE',''
  ) );
#14455 = PCURVE('',#14456,#14461);
#14456 = CYLINDRICAL_SURFACE('',#14457,5.44);
#14457 = AXIS2_PLACEMENT_3D('',#14458,#14459,#14460);
#14458 = CARTESIAN_POINT('',(-55.3,47.29,102.8));
#14459 = DIRECTION('',(0.,0.,1.));
#14460 = DIRECTION('',(1.,0.,0.));
#14461 = DEFINITIONAL_REPRESENTATION('',(#14462),#14466);
#14462 = LINE('',#14463,#14464);
#14463 = CARTESIAN_POINT('',(0.,0.));
#14464 = VECTOR('',#14465,1.);
#14465 = DIRECTION('',(1.,0.));
#14466 = ( GEOMETRIC_REPRESENTATION_CONTEXT(2) 
PARAMETRIC_REPRESENTATION_CONTEXT() REPRESENTATION_CONTEXT('2D SPACE',''
  ) );
#14467 = ADVANCED_FACE('',(#14468),#14243,.T.);
#14468 = FACE_BOUND('',#14469,.T.);
#14469 = EDGE_LOOP('',(#14470,#14493,#14494,#14495));
#14470 = ORIENTED_EDGE('',*,*,#14471,.F.);
#14471 = EDGE_CURVE('',#14200,#14472,#14474,.T.);
#14472 = VERTEX_POINT('',#14473);
#14473 = CARTESIAN_POINT('',(74.12,60.62,0.));
#14474 = SURFACE_CURVE('',#14475,(#14479,#14486),.PCURVE_S1.);
#14475 = LINE('',#14476,#14477);
#14476 = CARTESIAN_POINT('',(-74.12,60.62,0.));
#14477 = VECTOR('',#14478,1.);
#14478 = DIRECTION('',(1.,0.,0.));
#14479 = PCURVE('',#14243,#14480);
#14480 = DEFINITIONAL_REPRESENTATION('',(#14481),#14485);
#14481 = LINE('',#14482,#14483);
#14482 = CARTESIAN_POINT('',(0.,0.));
#14483 = VECTOR('',#14484,1.);
#14484 = DIRECTION('',(0.,1.));
#14485 = ( GEOMETRIC_REPRESENTATION_CONTEXT(2) 
PARAMETRIC_REPRESENTATION_CONTEXT() REPRESENTATION_CONTEXT('2D SPACE',''
  ) );
#14486 = PCURVE('',#14215,#14487);
#14487 = DEFINITIONAL_REPRESENTATION('',(#14488),#14492);
#14488 = LINE('',#14489,#14490);
#14489 = CARTESIAN_POINT('',(0.,26.66));
#14490 = VECTOR('',#14491,1.);
#14491 = DIRECTION('',(1.,0.));
#14492 = ( GEOMETRIC_REPRESENTATION_CONTEXT(2) 
PARAMETRIC_REPRESENTATION_CONTEXT() REPRESENTATION_CONTEXT('2D SPACE',''
  ) );
#14493 = ORIENTED_EDGE('',*,*,#14227,.T.);
#14494 = ORIENTED_EDGE('',*,*,#14385,.T.);
#14495 = ORIENTED_EDGE('',*,*,#14496,.F.);
#14496 = EDGE_CURVE('',#14472,#14363,#14497,.T.);
#14497 = SURFACE_CURVE('',#14498,(#14502,#14509),.PCURVE_S1.);
#14498 = LINE('',#14499,#14500);
#14499 = CARTESIAN_POINT('',(74.12,60.62,0.));
#14500 = VECTOR('',#14501,1.);
#14501 = DIRECTION('',(0.,0.,1.));
#14502 = PCURVE('',#14243,#14503);
#14503 = DEFINITIONAL_REPRESENTATION('',(#14504),#14508);
#14504 = LINE('',#14505,#14506);
#14505 = CARTESIAN_POINT('',(0.,148.24));
#14506 = VECTOR('',#14507,1.);
#14507 = DIRECTION('',(1.,0.));
#14508 = ( GEOMETRIC_REPRESENTATION_CONTEXT(2) 
PARAMETRIC_REPRESENTATION_CONTEXT() REPRESENTATION_CONTEXT('2D SPACE',''
  ) );
#14509 = PCURVE('',#14345,#14510);
#14510 = DEFINITIONAL_REPRESENTATION('',(#14511),#14515);
#14511 = LINE('',#14512,#14513);
#14512 = CARTESIAN_POINT('',(0.,-26.66));
#14513 = VECTOR('',#14514,1.);
#14514 = DIRECTION('',(1.,0.));
#14515 = ( GEOMETRIC_REPRESENTATION_CONTEXT(2) 
PARAMETRIC_REPRESENTATION_CONTEXT() REPRESENTATION_CONTEXT('2D SPACE',''
  ) );
#14516 = ADVANCED_FACE('',(#14517),#14215,.F.);
#14517 = FACE_BOUND('',#14518,.F.);
#14518 = EDGE_LOOP('',(#14519,#14520,#14521,#14542));
#14519 = ORIENTED_EDGE('',*,*,#14199,.F.);
#14520 = ORIENTED_EDGE('',*,*,#14284,.T.);
#14521 = ORIENTED_EDGE('',*,*,#14522,.T.);
#14522 = EDGE_CURVE('',#14285,#14472,#14523,.T.);
#14523 = SURFACE_CURVE('',#14524,(#14528,#14535),.PCURVE_S1.);
#14524 = LINE('',#14525,#14526);
#14525 = CARTESIAN_POINT('',(74.12,33.96,0.));
#14526 = VECTOR('',#14527,1.);
#14527 = DIRECTION('',(0.,1.,0.));
#14528 = PCURVE('',#14215,#14529);
#14529 = DEFINITIONAL_REPRESENTATION('',(#14530),#14534);
#14530 = LINE('',#14531,#14532);
#14531 = CARTESIAN_POINT('',(148.24,0.));
#14532 = VECTOR('',#14533,1.);
#14533 = DIRECTION('',(0.,1.));
#14534 = ( GEOMETRIC_REPRESENTATION_CONTEXT(2) 
PARAMETRIC_REPRESENTATION_CONTEXT() REPRESENTATION_CONTEXT('2D SPACE',''
  ) );
#14535 = PCURVE('',#14345,#14536);
#14536 = DEFINITIONAL_REPRESENTATION('',(#14537),#14541);
#14537 = LINE('',#14538,#14539);
#14538 = CARTESIAN_POINT('',(0.,0.));
#14539 = VECTOR('',#14540,1.);
#14540 = DIRECTION('',(0.,-1.));
#14541 = ( GEOMETRIC_REPRESENTATION_CONTEXT(2) 
PARAMETRIC_REPRESENTATION_CONTEXT() REPRESENTATION_CONTEXT('2D SPACE',''
  ) );
#14542 = ORIENTED_EDGE('',*,*,#14471,.F.);
#14543 = ADVANCED_FACE('',(#14544),#14345,.T.);
#14544 = FACE_BOUND('',#14545,.T.);
#14545 = EDGE_LOOP('',(#14546,#14547,#14548,#14549));
#14546 = ORIENTED_EDGE('',*,*,#14331,.F.);
#14547 = ORIENTED_EDGE('',*,*,#14522,.T.);
#14548 = ORIENTED_EDGE('',*,*,#14496,.T.);
#14549 = ORIENTED_EDGE('',*,*,#14362,.F.);
#14550 = ADVANCED_FACE('',(#14551),#14425,.T.);
#14551 = FACE_BOUND('',#14552,.T.);
#14552 = EDGE_LOOP('',(#14553,#14582,#14603,#14604));
#14553 = ORIENTED_EDGE('',*,*,#14554,.F.);
#14554 = EDGE_CURVE('',#14555,#14555,#14557,.T.);
#14555 = VERTEX_POINT('',#14556);
#14556 = CARTESIAN_POINT('',(60.74,47.29,105.9));
#14557 = SURFACE_CURVE('',#14558,(#14563,#14570),.PCURVE_S1.);
#14558 = CIRCLE('',#14559,5.44);
#14559 = AXIS2_PLACEMENT_3D('',#14560,#14561,#14562);
#14560 = CARTESIAN_POINT('',(55.3,47.29,105.9));
#14561 = DIRECTION('',(0.,0.,1.));
#14562 = DIRECTION('',(1.,0.,0.));
#14563 = PCURVE('',#14425,#14564);
#14564 = DEFINITIONAL_REPRESENTATION('',(#14565),#14569);
#14565 = LINE('',#14566,#14567);
#14566 = CARTESIAN_POINT('',(0.,3.1));
#14567 = VECTOR('',#14568,1.);
#14568 = DIRECTION('',(1.,0.));
#14569 = ( GEOMETRIC_REPRESENTATION_CONTEXT(2) 
PARAMETRIC_REPRESENTATION_CONTEXT() REPRESENTATION_CONTEXT('2D SPACE',''
  ) );
#14570 = PCURVE('',#14571,#14576);
#14571 = PLANE('',#14572);
#14572 = AXIS2_PLACEMENT_3D('',#14573,#14574,#14575);
#14573 = CARTESIAN_POINT('',(55.3,47.29,105.9));
#14574 = DIRECTION('',(0.,0.,1.));
#14575 = DIRECTION('',(1.,0.,0.));
#14576 = DEFINITIONAL_REPRESENTATION('',(#14577),#14581);
#14577 = CIRCLE('',#14578,5.44);
#14578 = AXIS2_PLACEMENT_2D('',#14579,#14580);
#14579 = CARTESIAN_POINT('',(0.,0.));
#14580 = DIRECTION('',(1.,0.));
#14581 = ( GEOMETRIC_REPRESENTATION_CONTEXT(2) 
PARAMETRIC_REPRESENTATION_CONTEXT() REPRESENTATION_CONTEXT('2D SPACE',''
  ) );
#14582 = ORIENTED_EDGE('',*,*,#14583,.F.);
#14583 = EDGE_CURVE('',#14409,#14555,#14584,.T.);
#14584 = SEAM_CURVE('',#14585,(#14589,#14596),.PCURVE_S1.);
#14585 = LINE('',#14586,#14587);
#14586 = CARTESIAN_POINT('',(60.74,47.29,102.8));
#14587 = VECTOR('',#14588,1.);
#14588 = DIRECTION('',(0.,0.,1.));
#14589 = PCURVE('',#14425,#14590);
#14590 = DEFINITIONAL_REPRESENTATION('',(#14591),#14595);
#14591 = LINE('',#14592,#14593);
#14592 = CARTESIAN_POINT('',(6.28318530718,-0.));
#14593 = VECTOR('',#14594,1.);
#14594 = DIRECTION('',(0.,1.));
#14595 = ( GEOMETRIC_REPRESENTATION_CONTEXT(2) 
PARAMETRIC_REPRESENTATION_CONTEXT() REPRESENTATION_CONTEXT('2D SPACE',''
  ) );
#14596 = PCURVE('',#14425,#14597);
#14597 = DEFINITIONAL_REPRESENTATION('',(#14598),#14602);
#14598 = LINE('',#14599,#14600);
#14599 = CARTESIAN_POINT('',(0.,-0.));
#14600 = VECTOR('',#14601,1.);
#14601 = DIRECTION('',(0.,1.));
#14602 = ( GEOMETRIC_REPRESENTATION_CONTEXT(2) 
PARAMETRIC_REPRESENTATION_CONTEXT() REPRESENTATION_CONTEXT('2D SPACE',''
  ) );
#14603 = ORIENTED_EDGE('',*,*,#14408,.T.);
#14604 = ORIENTED_EDGE('',*,*,#14583,.T.);
#14605 = ADVANCED_FACE('',(#14606),#14456,.T.);
#14606 = FACE_BOUND('',#14607,.T.);
#14607 = EDGE_LOOP('',(#14608,#14637,#14658,#14659));
#14608 = ORIENTED_EDGE('',*,*,#14609,.F.);
#14609 = EDGE_CURVE('',#14610,#14610,#14612,.T.);
#14610 = VERTEX_POINT('',#14611);
#14611 = CARTESIAN_POINT('',(-49.86,47.29,105.9));
#14612 = SURFACE_CURVE('',#14613,(#14618,#14625),.PCURVE_S1.);
#14613 = CIRCLE('',#14614,5.44);
#14614 = AXIS2_PLACEMENT_3D('',#14615,#14616,#14617);
#14615 = CARTESIAN_POINT('',(-55.3,47.29,105.9));
#14616 = DIRECTION('',(0.,0.,1.));
#14617 = DIRECTION('',(1.,0.,0.));
#14618 = PCURVE('',#14456,#14619);
#14619 = DEFINITIONAL_REPRESENTATION('',(#14620),#14624);
#14620 = LINE('',#14621,#14622);
#14621 = CARTESIAN_POINT('',(0.,3.1));
#14622 = VECTOR('',#14623,1.);
#14623 = DIRECTION('',(1.,0.));
#14624 = ( GEOMETRIC_REPRESENTATION_CONTEXT(2) 
PARAMETRIC_REPRESENTATION_CONTEXT() REPRESENTATION_CONTEXT('2D SPACE',''
  ) );
#14625 = PCURVE('',#14626,#14631);
#14626 = PLANE('',#14627);
#14627 = AXIS2_PLACEMENT_3D('',#14628,#14629,#14630);
#14628 = CARTESIAN_POINT('',(-55.3,47.29,105.9));
#14629 = DIRECTION('',(0.,0.,1.));
#14630 = DIRECTION('',(1.,0.,0.));
#14631 = DEFINITIONAL_REPRESENTATION('',(#14632),#14636);
#14632 = CIRCLE('',#14633,5.44);
#14633 = AXIS2_PLACEMENT_2D('',#14634,#14635);
#14634 = CARTESIAN_POINT('',(0.,0.));
#14635 = DIRECTION('',(1.,0.));
#14636 = ( GEOMETRIC_REPRESENTATION_CONTEXT(2) 
PARAMETRIC_REPRESENTATION_CONTEXT() REPRESENTATION_CONTEXT('2D SPACE',''
  ) );
#14637 = ORIENTED_EDGE('',*,*,#14638,.F.);
#14638 = EDGE_CURVE('',#14440,#14610,#14639,.T.);
#14639 = SEAM_CURVE('',#14640,(#14644,#14651),.PCURVE_S1.);
#14640 = LINE('',#14641,#14642);
#14641 = CARTESIAN_POINT('',(-49.86,47.29,102.8));
#14642 = VECTOR('',#14643,1.);
#14643 = DIRECTION('',(0.,0.,1.));
#14644 = PCURVE('',#14456,#14645);
#14645 = DEFINITIONAL_REPRESENTATION('',(#14646),#14650);
#14646 = LINE('',#14647,#14648);
#14647 = CARTESIAN_POINT('',(6.28318530718,-0.));
#14648 = VECTOR('',#14649,1.);
#14649 = DIRECTION('',(0.,1.));
#14650 = ( GEOMETRIC_REPRESENTATION_CONTEXT(2) 
PARAMETRIC_REPRESENTATION_CONTEXT() REPRESENTATION_CONTEXT('2D SPACE',''
  ) );
#14651 = PCURVE('',#14456,#14652);
#14652 = DEFINITIONAL_REPRESENTATION('',(#14653),#14657);
#14653 = LINE('',#14654,#14655);
#14654 = CARTESIAN_POINT('',(0.,-0.));
#14655 = VECTOR('',#14656,1.);
#14656 = DIRECTION('',(0.,1.));
#14657 = ( GEOMETRIC_REPRESENTATION_CONTEXT(2) 
PARAMETRIC_REPRESENTATION_CONTEXT() REPRESENTATION_CONTEXT('2D SPACE',''
  ) );
#14658 = ORIENTED_EDGE('',*,*,#14439,.T.);
#14659 = ORIENTED_EDGE('',*,*,#14638,.T.);
#14660 = ADVANCED_FACE('',(#14661),#14571,.T.);
#14661 = FACE_BOUND('',#14662,.T.);
#14662 = EDGE_LOOP('',(#14663));
#14663 = ORIENTED_EDGE('',*,*,#14554,.T.);
#14664 = ADVANCED_FACE('',(#14665),#14626,.T.);
#14665 = FACE_BOUND('',#14666,.T.);
#14666 = EDGE_LOOP('',(#14667));
#14667 = ORIENTED_EDGE('',*,*,#14609,.T.);
#14668 = MANIFOLD_SOLID_BREP('',#14669);
#14669 = CLOSED_SHELL('',(#14670,#14790,#14866,#14977,#15026,#15053,
    #15060,#15115,#15170,#15174));
#14670 = ADVANCED_FACE('',(#14671),#14685,.F.);
#14671 = FACE_BOUND('',#14672,.F.);
#14672 = EDGE_LOOP('',(#14673,#14708,#14736,#14764));
#14673 = ORIENTED_EDGE('',*,*,#14674,.F.);
#14674 = EDGE_CURVE('',#14675,#14677,#14679,.T.);
#14675 = VERTEX_POINT('',#14676);
#14676 = CARTESIAN_POINT('',(74.12,90.28,0.));
#14677 = VERTEX_POINT('',#14678);
#14678 = CARTESIAN_POINT('',(74.12,90.28,102.8));
#14679 = SURFACE_CURVE('',#14680,(#14684,#14696),.PCURVE_S1.);
#14680 = LINE('',#14681,#14682);
#14681 = CARTESIAN_POINT('',(74.12,90.28,0.));
#14682 = VECTOR('',#14683,1.);
#14683 = DIRECTION('',(0.,0.,1.));
#14684 = PCURVE('',#14685,#14690);
#14685 = PLANE('',#14686);
#14686 = AXIS2_PLACEMENT_3D('',#14687,#14688,#14689);
#14687 = CARTESIAN_POINT('',(74.12,90.28,0.));
#14688 = DIRECTION('',(-1.,1.224646799147E-16,0.));
#14689 = DIRECTION('',(0.,0.,1.));
#14690 = DEFINITIONAL_REPRESENTATION('',(#14691),#14695);
#14691 = LINE('',#14692,#14693);
#14692 = CARTESIAN_POINT('',(0.,0.));
#14693 = VECTOR('',#14694,1.);
#14694 = DIRECTION('',(1.,0.));
#14695 = ( GEOMETRIC_REPRESENTATION_CONTEXT(2) 
PARAMETRIC_REPRESENTATION_CONTEXT() REPRESENTATION_CONTEXT('2D SPACE',''
  ) );
#14696 = PCURVE('',#14697,#14702);
#14697 = PLANE('',#14698);
#14698 = AXIS2_PLACEMENT_3D('',#14699,#14700,#14701);
#14699 = CARTESIAN_POINT('',(74.12,90.28,0.));
#14700 = DIRECTION('',(-1.224646799147E-16,-1.,0.));
#14701 = DIRECTION('',(0.,0.,1.));
#14702 = DEFINITIONAL_REPRESENTATION('',(#14703),#14707);
#14703 = LINE('',#14704,#14705);
#14704 = CARTESIAN_POINT('',(0.,0.));
#14705 = VECTOR('',#14706,1.);
#14706 = DIRECTION('',(1.,0.));
#14707 = ( GEOMETRIC_REPRESENTATION_CONTEXT(2) 
PARAMETRIC_REPRESENTATION_CONTEXT() REPRESENTATION_CONTEXT('2D SPACE',''
  ) );
#14708 = ORIENTED_EDGE('',*,*,#14709,.T.);
#14709 = EDGE_CURVE('',#14675,#14710,#14712,.T.);
#14710 = VERTEX_POINT('',#14711);
#14711 = CARTESIAN_POINT('',(74.12,63.62,0.));
#14712 = SURFACE_CURVE('',#14713,(#14717,#14724),.PCURVE_S1.);
#14713 = LINE('',#14714,#14715);
#14714 = CARTESIAN_POINT('',(74.12,90.28,0.));
#14715 = VECTOR('',#14716,1.);
#14716 = DIRECTION('',(-1.224646799147E-16,-1.,0.));
#14717 = PCURVE('',#14685,#14718);
#14718 = DEFINITIONAL_REPRESENTATION('',(#14719),#14723);
#14719 = LINE('',#14720,#14721);
#14720 = CARTESIAN_POINT('',(0.,0.));
#14721 = VECTOR('',#14722,1.);
#14722 = DIRECTION('',(0.,-1.));
#14723 = ( GEOMETRIC_REPRESENTATION_CONTEXT(2) 
PARAMETRIC_REPRESENTATION_CONTEXT() REPRESENTATION_CONTEXT('2D SPACE',''
  ) );
#14724 = PCURVE('',#14725,#14730);
#14725 = PLANE('',#14726);
#14726 = AXIS2_PLACEMENT_3D('',#14727,#14728,#14729);
#14727 = CARTESIAN_POINT('',(74.12,90.28,0.));
#14728 = DIRECTION('',(0.,0.,1.));
#14729 = DIRECTION('',(-1.,1.224646799147E-16,0.));
#14730 = DEFINITIONAL_REPRESENTATION('',(#14731),#14735);
#14731 = LINE('',#14732,#14733);
#14732 = CARTESIAN_POINT('',(0.,0.));
#14733 = VECTOR('',#14734,1.);
#14734 = DIRECTION('',(0.,1.));
#14735 = ( GEOMETRIC_REPRESENTATION_CONTEXT(2) 
PARAMETRIC_REPRESENTATION_CONTEXT() REPRESENTATION_CONTEXT('2D SPACE',''
  ) );
#14736 = ORIENTED_EDGE('',*,*,#14737,.T.);
#14737 = EDGE_CURVE('',#14710,#14738,#14740,.T.);
#14738 = VERTEX_POINT('',#14739);
#14739 = CARTESIAN_POINT('',(74.12,63.62,102.8));
#14740 = SURFACE_CURVE('',#14741,(#14745,#14752),.PCURVE_S1.);
#14741 = LINE('',#14742,#14743);
#14742 = CARTESIAN_POINT('',(74.12,63.62,0.));
#14743 = VECTOR('',#14744,1.);
#14744 = DIRECTION('',(0.,0.,1.));
#14745 = PCURVE('',#14685,#14746);
#14746 = DEFINITIONAL_REPRESENTATION('',(#14747),#14751);
#14747 = LINE('',#14748,#14749);
#14748 = CARTESIAN_POINT('',(0.,-26.66));
#14749 = VECTOR('',#14750,1.);
#14750 = DIRECTION('',(1.,0.));
#14751 = ( GEOMETRIC_REPRESENTATION_CONTEXT(2) 
PARAMETRIC_REPRESENTATION_CONTEXT() REPRESENTATION_CONTEXT('2D SPACE',''
  ) );
#14752 = PCURVE('',#14753,#14758);
#14753 = PLANE('',#14754);
#14754 = AXIS2_PLACEMENT_3D('',#14755,#14756,#14757);
#14755 = CARTESIAN_POINT('',(74.12,63.62,0.));
#14756 = DIRECTION('',(-1.224646799147E-16,-1.,0.));
#14757 = DIRECTION('',(0.,0.,1.));
#14758 = DEFINITIONAL_REPRESENTATION('',(#14759),#14763);
#14759 = LINE('',#14760,#14761);
#14760 = CARTESIAN_POINT('',(0.,0.));
#14761 = VECTOR('',#14762,1.);
#14762 = DIRECTION('',(1.,0.));
#14763 = ( GEOMETRIC_REPRESENTATION_CONTEXT(2) 
PARAMETRIC_REPRESENTATION_CONTEXT() REPRESENTATION_CONTEXT('2D SPACE',''
  ) );
#14764 = ORIENTED_EDGE('',*,*,#14765,.F.);
#14765 = EDGE_CURVE('',#14677,#14738,#14766,.T.);
#14766 = SURFACE_CURVE('',#14767,(#14771,#14778),.PCURVE_S1.);
#14767 = LINE('',#14768,#14769);
#14768 = CARTESIAN_POINT('',(74.12,90.28,102.8));
#14769 = VECTOR('',#14770,1.);
#14770 = DIRECTION('',(-1.224646799147E-16,-1.,0.));
#14771 = PCURVE('',#14685,#14772);
#14772 = DEFINITIONAL_REPRESENTATION('',(#14773),#14777);
#14773 = LINE('',#14774,#14775);
#14774 = CARTESIAN_POINT('',(102.8,0.));
#14775 = VECTOR('',#14776,1.);
#14776 = DIRECTION('',(0.,-1.));
#14777 = ( GEOMETRIC_REPRESENTATION_CONTEXT(2) 
PARAMETRIC_REPRESENTATION_CONTEXT() REPRESENTATION_CONTEXT('2D SPACE',''
  ) );
#14778 = PCURVE('',#14779,#14784);
#14779 = PLANE('',#14780);
#14780 = AXIS2_PLACEMENT_3D('',#14781,#14782,#14783);
#14781 = CARTESIAN_POINT('',(74.12,90.28,102.8));
#14782 = DIRECTION('',(0.,0.,1.));
#14783 = DIRECTION('',(-1.,1.224646799147E-16,0.));
#14784 = DEFINITIONAL_REPRESENTATION('',(#14785),#14789);
#14785 = LINE('',#14786,#14787);
#14786 = CARTESIAN_POINT('',(0.,0.));
#14787 = VECTOR('',#14788,1.);
#14788 = DIRECTION('',(0.,1.));
#14789 = ( GEOMETRIC_REPRESENTATION_CONTEXT(2) 
PARAMETRIC_REPRESENTATION_CONTEXT() REPRESENTATION_CONTEXT('2D SPACE',''
  ) );
#14790 = ADVANCED_FACE('',(#14791),#14697,.F.);
#14791 = FACE_BOUND('',#14792,.F.);
#14792 = EDGE_LOOP('',(#14793,#14816,#14817,#14840));
#14793 = ORIENTED_EDGE('',*,*,#14794,.F.);
#14794 = EDGE_CURVE('',#14675,#14795,#14797,.T.);
#14795 = VERTEX_POINT('',#14796);
#14796 = CARTESIAN_POINT('',(-74.12,90.28,0.));
#14797 = SURFACE_CURVE('',#14798,(#14802,#14809),.PCURVE_S1.);
#14798 = LINE('',#14799,#14800);
#14799 = CARTESIAN_POINT('',(74.12,90.28,0.));
#14800 = VECTOR('',#14801,1.);
#14801 = DIRECTION('',(-1.,1.224646799147E-16,0.));
#14802 = PCURVE('',#14697,#14803);
#14803 = DEFINITIONAL_REPRESENTATION('',(#14804),#14808);
#14804 = LINE('',#14805,#14806);
#14805 = CARTESIAN_POINT('',(0.,0.));
#14806 = VECTOR('',#14807,1.);
#14807 = DIRECTION('',(0.,1.));
#14808 = ( GEOMETRIC_REPRESENTATION_CONTEXT(2) 
PARAMETRIC_REPRESENTATION_CONTEXT() REPRESENTATION_CONTEXT('2D SPACE',''
  ) );
#14809 = PCURVE('',#14725,#14810);
#14810 = DEFINITIONAL_REPRESENTATION('',(#14811),#14815);
#14811 = LINE('',#14812,#14813);
#14812 = CARTESIAN_POINT('',(0.,0.));
#14813 = VECTOR('',#14814,1.);
#14814 = DIRECTION('',(1.,0.));
#14815 = ( GEOMETRIC_REPRESENTATION_CONTEXT(2) 
PARAMETRIC_REPRESENTATION_CONTEXT() REPRESENTATION_CONTEXT('2D SPACE',''
  ) );
#14816 = ORIENTED_EDGE('',*,*,#14674,.T.);
#14817 = ORIENTED_EDGE('',*,*,#14818,.T.);
#14818 = EDGE_CURVE('',#14677,#14819,#14821,.T.);
#14819 = VERTEX_POINT('',#14820);
#14820 = CARTESIAN_POINT('',(-74.12,90.28,102.8));
#14821 = SURFACE_CURVE('',#14822,(#14826,#14833),.PCURVE_S1.);
#14822 = LINE('',#14823,#14824);
#14823 = CARTESIAN_POINT('',(74.12,90.28,102.8));
#14824 = VECTOR('',#14825,1.);
#14825 = DIRECTION('',(-1.,1.224646799147E-16,0.));
#14826 = PCURVE('',#14697,#14827);
#14827 = DEFINITIONAL_REPRESENTATION('',(#14828),#14832);
#14828 = LINE('',#14829,#14830);
#14829 = CARTESIAN_POINT('',(102.8,0.));
#14830 = VECTOR('',#14831,1.);
#14831 = DIRECTION('',(0.,1.));
#14832 = ( GEOMETRIC_REPRESENTATION_CONTEXT(2) 
PARAMETRIC_REPRESENTATION_CONTEXT() REPRESENTATION_CONTEXT('2D SPACE',''
  ) );
#14833 = PCURVE('',#14779,#14834);
#14834 = DEFINITIONAL_REPRESENTATION('',(#14835),#14839);
#14835 = LINE('',#14836,#14837);
#14836 = CARTESIAN_POINT('',(0.,0.));
#14837 = VECTOR('',#14838,1.);
#14838 = DIRECTION('',(1.,0.));
#14839 = ( GEOMETRIC_REPRESENTATION_CONTEXT(2) 
PARAMETRIC_REPRESENTATION_CONTEXT() REPRESENTATION_CONTEXT('2D SPACE',''
  ) );
#14840 = ORIENTED_EDGE('',*,*,#14841,.F.);
#14841 = EDGE_CURVE('',#14795,#14819,#14842,.T.);
#14842 = SURFACE_CURVE('',#14843,(#14847,#14854),.PCURVE_S1.);
#14843 = LINE('',#14844,#14845);
#14844 = CARTESIAN_POINT('',(-74.12,90.28,0.));
#14845 = VECTOR('',#14846,1.);
#14846 = DIRECTION('',(0.,0.,1.));
#14847 = PCURVE('',#14697,#14848);
#14848 = DEFINITIONAL_REPRESENTATION('',(#14849),#14853);
#14849 = LINE('',#14850,#14851);
#14850 = CARTESIAN_POINT('',(0.,148.24));
#14851 = VECTOR('',#14852,1.);
#14852 = DIRECTION('',(1.,0.));
#14853 = ( GEOMETRIC_REPRESENTATION_CONTEXT(2) 
PARAMETRIC_REPRESENTATION_CONTEXT() REPRESENTATION_CONTEXT('2D SPACE',''
  ) );
#14854 = PCURVE('',#14855,#14860);
#14855 = PLANE('',#14856);
#14856 = AXIS2_PLACEMENT_3D('',#14857,#14858,#14859);
#14857 = CARTESIAN_POINT('',(-74.12,90.28,0.));
#14858 = DIRECTION('',(-1.,1.224646799147E-16,0.));
#14859 = DIRECTION('',(0.,0.,1.));
#14860 = DEFINITIONAL_REPRESENTATION('',(#14861),#14865);
#14861 = LINE('',#14862,#14863);
#14862 = CARTESIAN_POINT('',(0.,0.));
#14863 = VECTOR('',#14864,1.);
#14864 = DIRECTION('',(1.,0.));
#14865 = ( GEOMETRIC_REPRESENTATION_CONTEXT(2) 
PARAMETRIC_REPRESENTATION_CONTEXT() REPRESENTATION_CONTEXT('2D SPACE',''
  ) );
#14866 = ADVANCED_FACE('',(#14867,#14915,#14946),#14779,.T.);
#14867 = FACE_BOUND('',#14868,.T.);
#14868 = EDGE_LOOP('',(#14869,#14870,#14871,#14894));
#14869 = ORIENTED_EDGE('',*,*,#14765,.F.);
#14870 = ORIENTED_EDGE('',*,*,#14818,.T.);
#14871 = ORIENTED_EDGE('',*,*,#14872,.T.);
#14872 = EDGE_CURVE('',#14819,#14873,#14875,.T.);
#14873 = VERTEX_POINT('',#14874);
#14874 = CARTESIAN_POINT('',(-74.12,63.62,102.8));
#14875 = SURFACE_CURVE('',#14876,(#14880,#14887),.PCURVE_S1.);
#14876 = LINE('',#14877,#14878);
#14877 = CARTESIAN_POINT('',(-74.12,90.28,102.8));
#14878 = VECTOR('',#14879,1.);
#14879 = DIRECTION('',(-1.224646799147E-16,-1.,0.));
#14880 = PCURVE('',#14779,#14881);
#14881 = DEFINITIONAL_REPRESENTATION('',(#14882),#14886);
#14882 = LINE('',#14883,#14884);
#14883 = CARTESIAN_POINT('',(148.24,0.));
#14884 = VECTOR('',#14885,1.);
#14885 = DIRECTION('',(0.,1.));
#14886 = ( GEOMETRIC_REPRESENTATION_CONTEXT(2) 
PARAMETRIC_REPRESENTATION_CONTEXT() REPRESENTATION_CONTEXT('2D SPACE',''
  ) );
#14887 = PCURVE('',#14855,#14888);
#14888 = DEFINITIONAL_REPRESENTATION('',(#14889),#14893);
#14889 = LINE('',#14890,#14891);
#14890 = CARTESIAN_POINT('',(102.8,0.));
#14891 = VECTOR('',#14892,1.);
#14892 = DIRECTION('',(0.,-1.));
#14893 = ( GEOMETRIC_REPRESENTATION_CONTEXT(2) 
PARAMETRIC_REPRESENTATION_CONTEXT() REPRESENTATION_CONTEXT('2D SPACE',''
  ) );
#14894 = ORIENTED_EDGE('',*,*,#14895,.F.);
#14895 = EDGE_CURVE('',#14738,#14873,#14896,.T.);
#14896 = SURFACE_CURVE('',#14897,(#14901,#14908),.PCURVE_S1.);
#14897 = LINE('',#14898,#14899);
#14898 = CARTESIAN_POINT('',(74.12,63.62,102.8));
#14899 = VECTOR('',#14900,1.);
#14900 = DIRECTION('',(-1.,1.224646799147E-16,0.));
#14901 = PCURVE('',#14779,#14902);
#14902 = DEFINITIONAL_REPRESENTATION('',(#14903),#14907);
#14903 = LINE('',#14904,#14905);
#14904 = CARTESIAN_POINT('',(0.,26.66));
#14905 = VECTOR('',#14906,1.);
#14906 = DIRECTION('',(1.,0.));
#14907 = ( GEOMETRIC_REPRESENTATION_CONTEXT(2) 
PARAMETRIC_REPRESENTATION_CONTEXT() REPRESENTATION_CONTEXT('2D SPACE',''
  ) );
#14908 = PCURVE('',#14753,#14909);
#14909 = DEFINITIONAL_REPRESENTATION('',(#14910),#14914);
#14910 = LINE('',#14911,#14912);
#14911 = CARTESIAN_POINT('',(102.8,0.));
#14912 = VECTOR('',#14913,1.);
#14913 = DIRECTION('',(0.,1.));
#14914 = ( GEOMETRIC_REPRESENTATION_CONTEXT(2) 
PARAMETRIC_REPRESENTATION_CONTEXT() REPRESENTATION_CONTEXT('2D SPACE',''
  ) );
#14915 = FACE_BOUND('',#14916,.T.);
#14916 = EDGE_LOOP('',(#14917));
#14917 = ORIENTED_EDGE('',*,*,#14918,.F.);
#14918 = EDGE_CURVE('',#14919,#14919,#14921,.T.);
#14919 = VERTEX_POINT('',#14920);
#14920 = CARTESIAN_POINT('',(-60.74,76.95,102.8));
#14921 = SURFACE_CURVE('',#14922,(#14927,#14934),.PCURVE_S1.);
#14922 = CIRCLE('',#14923,5.44);
#14923 = AXIS2_PLACEMENT_3D('',#14924,#14925,#14926);
#14924 = CARTESIAN_POINT('',(-55.3,76.95,102.8));
#14925 = DIRECTION('',(0.,0.,1.));
#14926 = DIRECTION('',(-1.,1.224646799147E-16,0.));
#14927 = PCURVE('',#14779,#14928);
#14928 = DEFINITIONAL_REPRESENTATION('',(#14929),#14933);
#14929 = CIRCLE('',#14930,5.44);
#14930 = AXIS2_PLACEMENT_2D('',#14931,#14932);
#14931 = CARTESIAN_POINT('',(129.42,13.33));
#14932 = DIRECTION('',(1.,0.));
#14933 = ( GEOMETRIC_REPRESENTATION_CONTEXT(2) 
PARAMETRIC_REPRESENTATION_CONTEXT() REPRESENTATION_CONTEXT('2D SPACE',''
  ) );
#14934 = PCURVE('',#14935,#14940);
#14935 = CYLINDRICAL_SURFACE('',#14936,5.44);
#14936 = AXIS2_PLACEMENT_3D('',#14937,#14938,#14939);
#14937 = CARTESIAN_POINT('',(-55.3,76.95,102.8));
#14938 = DIRECTION('',(0.,0.,1.));
#14939 = DIRECTION('',(-1.,1.224646799147E-16,0.));
#14940 = DEFINITIONAL_REPRESENTATION('',(#14941),#14945);
#14941 = LINE('',#14942,#14943);
#14942 = CARTESIAN_POINT('',(0.,0.));
#14943 = VECTOR('',#14944,1.);
#14944 = DIRECTION('',(1.,0.));
#14945 = ( GEOMETRIC_REPRESENTATION_CONTEXT(2) 
PARAMETRIC_REPRESENTATION_CONTEXT() REPRESENTATION_CONTEXT('2D SPACE',''
  ) );
#14946 = FACE_BOUND('',#14947,.T.);
#14947 = EDGE_LOOP('',(#14948));
#14948 = ORIENTED_EDGE('',*,*,#14949,.F.);
#14949 = EDGE_CURVE('',#14950,#14950,#14952,.T.);
#14950 = VERTEX_POINT('',#14951);
#14951 = CARTESIAN_POINT('',(49.86,76.95,102.8));
#14952 = SURFACE_CURVE('',#14953,(#14958,#14965),.PCURVE_S1.);
#14953 = CIRCLE('',#14954,5.44);
#14954 = AXIS2_PLACEMENT_3D('',#14955,#14956,#14957);
#14955 = CARTESIAN_POINT('',(55.3,76.95,102.8));
#14956 = DIRECTION('',(0.,0.,1.));
#14957 = DIRECTION('',(-1.,1.224646799147E-16,0.));
#14958 = PCURVE('',#14779,#14959);
#14959 = DEFINITIONAL_REPRESENTATION('',(#14960),#14964);
#14960 = CIRCLE('',#14961,5.44);
#14961 = AXIS2_PLACEMENT_2D('',#14962,#14963);
#14962 = CARTESIAN_POINT('',(18.82,13.33));
#14963 = DIRECTION('',(1.,0.));
#14964 = ( GEOMETRIC_REPRESENTATION_CONTEXT(2) 
PARAMETRIC_REPRESENTATION_CONTEXT() REPRESENTATION_CONTEXT('2D SPACE',''
  ) );
#14965 = PCURVE('',#14966,#14971);
#14966 = CYLINDRICAL_SURFACE('',#14967,5.44);
#14967 = AXIS2_PLACEMENT_3D('',#14968,#14969,#14970);
#14968 = CARTESIAN_POINT('',(55.3,76.95,102.8));
#14969 = DIRECTION('',(0.,0.,1.));
#14970 = DIRECTION('',(-1.,1.224646799147E-16,0.));
#14971 = DEFINITIONAL_REPRESENTATION('',(#14972),#14976);
#14972 = LINE('',#14973,#14974);
#14973 = CARTESIAN_POINT('',(0.,0.));
#14974 = VECTOR('',#14975,1.);
#14975 = DIRECTION('',(1.,0.));
#14976 = ( GEOMETRIC_REPRESENTATION_CONTEXT(2) 
PARAMETRIC_REPRESENTATION_CONTEXT() REPRESENTATION_CONTEXT('2D SPACE',''
  ) );
#14977 = ADVANCED_FACE('',(#14978),#14753,.T.);
#14978 = FACE_BOUND('',#14979,.T.);
#14979 = EDGE_LOOP('',(#14980,#15003,#15004,#15005));
#14980 = ORIENTED_EDGE('',*,*,#14981,.F.);
#14981 = EDGE_CURVE('',#14710,#14982,#14984,.T.);
#14982 = VERTEX_POINT('',#14983);
#14983 = CARTESIAN_POINT('',(-74.12,63.62,0.));
#14984 = SURFACE_CURVE('',#14985,(#14989,#14996),.PCURVE_S1.);
#14985 = LINE('',#14986,#14987);
#14986 = CARTESIAN_POINT('',(74.12,63.62,0.));
#14987 = VECTOR('',#14988,1.);
#14988 = DIRECTION('',(-1.,1.224646799147E-16,0.));
#14989 = PCURVE('',#14753,#14990);
#14990 = DEFINITIONAL_REPRESENTATION('',(#14991),#14995);
#14991 = LINE('',#14992,#14993);
#14992 = CARTESIAN_POINT('',(0.,0.));
#14993 = VECTOR('',#14994,1.);
#14994 = DIRECTION('',(0.,1.));
#14995 = ( GEOMETRIC_REPRESENTATION_CONTEXT(2) 
PARAMETRIC_REPRESENTATION_CONTEXT() REPRESENTATION_CONTEXT('2D SPACE',''
  ) );
#14996 = PCURVE('',#14725,#14997);
#14997 = DEFINITIONAL_REPRESENTATION('',(#14998),#15002);
#14998 = LINE('',#14999,#15000);
#14999 = CARTESIAN_POINT('',(0.,26.66));
#15000 = VECTOR('',#15001,1.);
#15001 = DIRECTION('',(1.,0.));
#15002 = ( GEOMETRIC_REPRESENTATION_CONTEXT(2) 
PARAMETRIC_REPRESENTATION_CONTEXT() REPRESENTATION_CONTEXT('2D SPACE',''
  ) );
#15003 = ORIENTED_EDGE('',*,*,#14737,.T.);
#15004 = ORIENTED_EDGE('',*,*,#14895,.T.);
#15005 = ORIENTED_EDGE('',*,*,#15006,.F.);
#15006 = EDGE_CURVE('',#14982,#14873,#15007,.T.);
#15007 = SURFACE_CURVE('',#15008,(#15012,#15019),.PCURVE_S1.);
#15008 = LINE('',#15009,#15010);
#15009 = CARTESIAN_POINT('',(-74.12,63.62,0.));
#15010 = VECTOR('',#15011,1.);
#15011 = DIRECTION('',(0.,0.,1.));
#15012 = PCURVE('',#14753,#15013);
#15013 = DEFINITIONAL_REPRESENTATION('',(#15014),#15018);
#15014 = LINE('',#15015,#15016);
#15015 = CARTESIAN_POINT('',(0.,148.24));
#15016 = VECTOR('',#15017,1.);
#15017 = DIRECTION('',(1.,0.));
#15018 = ( GEOMETRIC_REPRESENTATION_CONTEXT(2) 
PARAMETRIC_REPRESENTATION_CONTEXT() REPRESENTATION_CONTEXT('2D SPACE',''
  ) );
#15019 = PCURVE('',#14855,#15020);
#15020 = DEFINITIONAL_REPRESENTATION('',(#15021),#15025);
#15021 = LINE('',#15022,#15023);
#15022 = CARTESIAN_POINT('',(0.,-26.66));
#15023 = VECTOR('',#15024,1.);
#15024 = DIRECTION('',(1.,0.));
#15025 = ( GEOMETRIC_REPRESENTATION_CONTEXT(2) 
PARAMETRIC_REPRESENTATION_CONTEXT() REPRESENTATION_CONTEXT('2D SPACE',''
  ) );
#15026 = ADVANCED_FACE('',(#15027),#14725,.F.);
#15027 = FACE_BOUND('',#15028,.F.);
#15028 = EDGE_LOOP('',(#15029,#15030,#15031,#15052));
#15029 = ORIENTED_EDGE('',*,*,#14709,.F.);
#15030 = ORIENTED_EDGE('',*,*,#14794,.T.);
#15031 = ORIENTED_EDGE('',*,*,#15032,.T.);
#15032 = EDGE_CURVE('',#14795,#14982,#15033,.T.);
#15033 = SURFACE_CURVE('',#15034,(#15038,#15045),.PCURVE_S1.);
#15034 = LINE('',#15035,#15036);
#15035 = CARTESIAN_POINT('',(-74.12,90.28,0.));
#15036 = VECTOR('',#15037,1.);
#15037 = DIRECTION('',(-1.224646799147E-16,-1.,0.));
#15038 = PCURVE('',#14725,#15039);
#15039 = DEFINITIONAL_REPRESENTATION('',(#15040),#15044);
#15040 = LINE('',#15041,#15042);
#15041 = CARTESIAN_POINT('',(148.24,0.));
#15042 = VECTOR('',#15043,1.);
#15043 = DIRECTION('',(0.,1.));
#15044 = ( GEOMETRIC_REPRESENTATION_CONTEXT(2) 
PARAMETRIC_REPRESENTATION_CONTEXT() REPRESENTATION_CONTEXT('2D SPACE',''
  ) );
#15045 = PCURVE('',#14855,#15046);
#15046 = DEFINITIONAL_REPRESENTATION('',(#15047),#15051);
#15047 = LINE('',#15048,#15049);
#15048 = CARTESIAN_POINT('',(0.,0.));
#15049 = VECTOR('',#15050,1.);
#15050 = DIRECTION('',(0.,-1.));
#15051 = ( GEOMETRIC_REPRESENTATION_CONTEXT(2) 
PARAMETRIC_REPRESENTATION_CONTEXT() REPRESENTATION_CONTEXT('2D SPACE',''
  ) );
#15052 = ORIENTED_EDGE('',*,*,#14981,.F.);
#15053 = ADVANCED_FACE('',(#15054),#14855,.T.);
#15054 = FACE_BOUND('',#15055,.T.);
#15055 = EDGE_LOOP('',(#15056,#15057,#15058,#15059));
#15056 = ORIENTED_EDGE('',*,*,#14841,.F.);
#15057 = ORIENTED_EDGE('',*,*,#15032,.T.);
#15058 = ORIENTED_EDGE('',*,*,#15006,.T.);
#15059 = ORIENTED_EDGE('',*,*,#14872,.F.);
#15060 = ADVANCED_FACE('',(#15061),#14935,.T.);
#15061 = FACE_BOUND('',#15062,.T.);
#15062 = EDGE_LOOP('',(#15063,#15092,#15113,#15114));
#15063 = ORIENTED_EDGE('',*,*,#15064,.F.);
#15064 = EDGE_CURVE('',#15065,#15065,#15067,.T.);
#15065 = VERTEX_POINT('',#15066);
#15066 = CARTESIAN_POINT('',(-60.74,76.95,105.9));
#15067 = SURFACE_CURVE('',#15068,(#15073,#15080),.PCURVE_S1.);
#15068 = CIRCLE('',#15069,5.44);
#15069 = AXIS2_PLACEMENT_3D('',#15070,#15071,#15072);
#15070 = CARTESIAN_POINT('',(-55.3,76.95,105.9));
#15071 = DIRECTION('',(0.,0.,1.));
#15072 = DIRECTION('',(-1.,1.224646799147E-16,0.));
#15073 = PCURVE('',#14935,#15074);
#15074 = DEFINITIONAL_REPRESENTATION('',(#15075),#15079);
#15075 = LINE('',#15076,#15077);
#15076 = CARTESIAN_POINT('',(0.,3.1));
#15077 = VECTOR('',#15078,1.);
#15078 = DIRECTION('',(1.,0.));
#15079 = ( GEOMETRIC_REPRESENTATION_CONTEXT(2) 
PARAMETRIC_REPRESENTATION_CONTEXT() REPRESENTATION_CONTEXT('2D SPACE',''
  ) );
#15080 = PCURVE('',#15081,#15086);
#15081 = PLANE('',#15082);
#15082 = AXIS2_PLACEMENT_3D('',#15083,#15084,#15085);
#15083 = CARTESIAN_POINT('',(-55.3,76.95,105.9));
#15084 = DIRECTION('',(0.,0.,1.));
#15085 = DIRECTION('',(-1.,1.224646799147E-16,0.));
#15086 = DEFINITIONAL_REPRESENTATION('',(#15087),#15091);
#15087 = CIRCLE('',#15088,5.44);
#15088 = AXIS2_PLACEMENT_2D('',#15089,#15090);
#15089 = CARTESIAN_POINT('',(0.,0.));
#15090 = DIRECTION('',(1.,0.));
#15091 = ( GEOMETRIC_REPRESENTATION_CONTEXT(2) 
PARAMETRIC_REPRESENTATION_CONTEXT() REPRESENTATION_CONTEXT('2D SPACE',''
  ) );
#15092 = ORIENTED_EDGE('',*,*,#15093,.F.);
#15093 = EDGE_CURVE('',#14919,#15065,#15094,.T.);
#15094 = SEAM_CURVE('',#15095,(#15099,#15106),.PCURVE_S1.);
#15095 = LINE('',#15096,#15097);
#15096 = CARTESIAN_POINT('',(-60.74,76.95,102.8));
#15097 = VECTOR('',#15098,1.);
#15098 = DIRECTION('',(0.,0.,1.));
#15099 = PCURVE('',#14935,#15100);
#15100 = DEFINITIONAL_REPRESENTATION('',(#15101),#15105);
#15101 = LINE('',#15102,#15103);
#15102 = CARTESIAN_POINT('',(6.28318530718,-0.));
#15103 = VECTOR('',#15104,1.);
#15104 = DIRECTION('',(0.,1.));
#15105 = ( GEOMETRIC_REPRESENTATION_CONTEXT(2) 
PARAMETRIC_REPRESENTATION_CONTEXT() REPRESENTATION_CONTEXT('2D SPACE',''
  ) );
#15106 = PCURVE('',#14935,#15107);
#15107 = DEFINITIONAL_REPRESENTATION('',(#15108),#15112);
#15108 = LINE('',#15109,#15110);
#15109 = CARTESIAN_POINT('',(0.,-0.));
#15110 = VECTOR('',#15111,1.);
#15111 = DIRECTION('',(0.,1.));
#15112 = ( GEOMETRIC_REPRESENTATION_CONTEXT(2) 
PARAMETRIC_REPRESENTATION_CONTEXT() REPRESENTATION_CONTEXT('2D SPACE',''
  ) );
#15113 = ORIENTED_EDGE('',*,*,#14918,.T.);
#15114 = ORIENTED_EDGE('',*,*,#15093,.T.);
#15115 = ADVANCED_FACE('',(#15116),#14966,.T.);
#15116 = FACE_BOUND('',#15117,.T.);
#15117 = EDGE_LOOP('',(#15118,#15147,#15168,#15169));
#15118 = ORIENTED_EDGE('',*,*,#15119,.F.);
#15119 = EDGE_CURVE('',#15120,#15120,#15122,.T.);
#15120 = VERTEX_POINT('',#15121);
#15121 = CARTESIAN_POINT('',(49.86,76.95,105.9));
#15122 = SURFACE_CURVE('',#15123,(#15128,#15135),.PCURVE_S1.);
#15123 = CIRCLE('',#15124,5.44);
#15124 = AXIS2_PLACEMENT_3D('',#15125,#15126,#15127);
#15125 = CARTESIAN_POINT('',(55.3,76.95,105.9));
#15126 = DIRECTION('',(0.,0.,1.));
#15127 = DIRECTION('',(-1.,1.224646799147E-16,0.));
#15128 = PCURVE('',#14966,#15129);
#15129 = DEFINITIONAL_REPRESENTATION('',(#15130),#15134);
#15130 = LINE('',#15131,#15132);
#15131 = CARTESIAN_POINT('',(0.,3.1));
#15132 = VECTOR('',#15133,1.);
#15133 = DIRECTION('',(1.,0.));
#15134 = ( GEOMETRIC_REPRESENTATION_CONTEXT(2) 
PARAMETRIC_REPRESENTATION_CONTEXT() REPRESENTATION_CONTEXT('2D SPACE',''
  ) );
#15135 = PCURVE('',#15136,#15141);
#15136 = PLANE('',#15137);
#15137 = AXIS2_PLACEMENT_3D('',#15138,#15139,#15140);
#15138 = CARTESIAN_POINT('',(55.3,76.95,105.9));
#15139 = DIRECTION('',(0.,0.,1.));
#15140 = DIRECTION('',(-1.,1.224646799147E-16,0.));
#15141 = DEFINITIONAL_REPRESENTATION('',(#15142),#15146);
#15142 = CIRCLE('',#15143,5.44);
#15143 = AXIS2_PLACEMENT_2D('',#15144,#15145);
#15144 = CARTESIAN_POINT('',(0.,0.));
#15145 = DIRECTION('',(1.,0.));
#15146 = ( GEOMETRIC_REPRESENTATION_CONTEXT(2) 
PARAMETRIC_REPRESENTATION_CONTEXT() REPRESENTATION_CONTEXT('2D SPACE',''
  ) );
#15147 = ORIENTED_EDGE('',*,*,#15148,.F.);
#15148 = EDGE_CURVE('',#14950,#15120,#15149,.T.);
#15149 = SEAM_CURVE('',#15150,(#15154,#15161),.PCURVE_S1.);
#15150 = LINE('',#15151,#15152);
#15151 = CARTESIAN_POINT('',(49.86,76.95,102.8));
#15152 = VECTOR('',#15153,1.);
#15153 = DIRECTION('',(0.,0.,1.));
#15154 = PCURVE('',#14966,#15155);
#15155 = DEFINITIONAL_REPRESENTATION('',(#15156),#15160);
#15156 = LINE('',#15157,#15158);
#15157 = CARTESIAN_POINT('',(6.28318530718,-0.));
#15158 = VECTOR('',#15159,1.);
#15159 = DIRECTION('',(0.,1.));
#15160 = ( GEOMETRIC_REPRESENTATION_CONTEXT(2) 
PARAMETRIC_REPRESENTATION_CONTEXT() REPRESENTATION_CONTEXT('2D SPACE',''
  ) );
#15161 = PCURVE('',#14966,#15162);
#15162 = DEFINITIONAL_REPRESENTATION('',(#15163),#15167);
#15163 = LINE('',#15164,#15165);
#15164 = CARTESIAN_POINT('',(0.,-0.));
#15165 = VECTOR('',#15166,1.);
#15166 = DIRECTION('',(0.,1.));
#15167 = ( GEOMETRIC_REPRESENTATION_CONTEXT(2) 
PARAMETRIC_REPRESENTATION_CONTEXT() REPRESENTATION_CONTEXT('2D SPACE',''
  ) );
#15168 = ORIENTED_EDGE('',*,*,#14949,.T.);
#15169 = ORIENTED_EDGE('',*,*,#15148,.T.);
#15170 = ADVANCED_FACE('',(#15171),#15081,.T.);
#15171 = FACE_BOUND('',#15172,.T.);
#15172 = EDGE_LOOP('',(#15173));
#15173 = ORIENTED_EDGE('',*,*,#15064,.T.);
#15174 = ADVANCED_FACE('',(#15175),#15136,.T.);
#15175 = FACE_BOUND('',#15176,.T.);
#15176 = EDGE_LOOP('',(#15177));
#15177 = ORIENTED_EDGE('',*,*,#15119,.T.);
#15178 = MANIFOLD_SOLID_BREP('',#15179);
#15179 = CLOSED_SHELL('',(#15180,#15300,#15376,#15487,#15536,#15563,
    #15570,#15625,#15680,#15684));
#15180 = ADVANCED_FACE('',(#15181),#15195,.F.);
#15181 = FACE_BOUND('',#15182,.F.);
#15182 = EDGE_LOOP('',(#15183,#15218,#15246,#15274));
#15183 = ORIENTED_EDGE('',*,*,#15184,.F.);
#15184 = EDGE_CURVE('',#15185,#15187,#15189,.T.);
#15185 = VERTEX_POINT('',#15186);
#15186 = CARTESIAN_POINT('',(-74.12,93.28,0.));
#15187 = VERTEX_POINT('',#15188);
#15188 = CARTESIAN_POINT('',(-74.12,93.28,102.8));
#15189 = SURFACE_CURVE('',#15190,(#15194,#15206),.PCURVE_S1.);
#15190 = LINE('',#15191,#15192);
#15191 = CARTESIAN_POINT('',(-74.12,93.28,0.));
#15192 = VECTOR('',#15193,1.);
#15193 = DIRECTION('',(0.,0.,1.));
#15194 = PCURVE('',#15195,#15200);
#15195 = PLANE('',#15196);
#15196 = AXIS2_PLACEMENT_3D('',#15197,#15198,#15199);
#15197 = CARTESIAN_POINT('',(-74.12,93.28,0.));
#15198 = DIRECTION('',(1.,0.,0.));
#15199 = DIRECTION('',(0.,0.,1.));
#15200 = DEFINITIONAL_REPRESENTATION('',(#15201),#15205);
#15201 = LINE('',#15202,#15203);
#15202 = CARTESIAN_POINT('',(0.,0.));
#15203 = VECTOR('',#15204,1.);
#15204 = DIRECTION('',(1.,0.));
#15205 = ( GEOMETRIC_REPRESENTATION_CONTEXT(2) 
PARAMETRIC_REPRESENTATION_CONTEXT() REPRESENTATION_CONTEXT('2D SPACE',''
  ) );
#15206 = PCURVE('',#15207,#15212);
#15207 = PLANE('',#15208);
#15208 = AXIS2_PLACEMENT_3D('',#15209,#15210,#15211);
#15209 = CARTESIAN_POINT('',(-74.12,93.28,0.));
#15210 = DIRECTION('',(0.,1.,0.));
#15211 = DIRECTION('',(0.,0.,1.));
#15212 = DEFINITIONAL_REPRESENTATION('',(#15213),#15217);
#15213 = LINE('',#15214,#15215);
#15214 = CARTESIAN_POINT('',(0.,0.));
#15215 = VECTOR('',#15216,1.);
#15216 = DIRECTION('',(1.,0.));
#15217 = ( GEOMETRIC_REPRESENTATION_CONTEXT(2) 
PARAMETRIC_REPRESENTATION_CONTEXT() REPRESENTATION_CONTEXT('2D SPACE',''
  ) );
#15218 = ORIENTED_EDGE('',*,*,#15219,.T.);
#15219 = EDGE_CURVE('',#15185,#15220,#15222,.T.);
#15220 = VERTEX_POINT('',#15221);
#15221 = CARTESIAN_POINT('',(-74.12,119.94,0.));
#15222 = SURFACE_CURVE('',#15223,(#15227,#15234),.PCURVE_S1.);
#15223 = LINE('',#15224,#15225);
#15224 = CARTESIAN_POINT('',(-74.12,93.28,0.));
#15225 = VECTOR('',#15226,1.);
#15226 = DIRECTION('',(0.,1.,0.));
#15227 = PCURVE('',#15195,#15228);
#15228 = DEFINITIONAL_REPRESENTATION('',(#15229),#15233);
#15229 = LINE('',#15230,#15231);
#15230 = CARTESIAN_POINT('',(0.,0.));
#15231 = VECTOR('',#15232,1.);
#15232 = DIRECTION('',(0.,-1.));
#15233 = ( GEOMETRIC_REPRESENTATION_CONTEXT(2) 
PARAMETRIC_REPRESENTATION_CONTEXT() REPRESENTATION_CONTEXT('2D SPACE',''
  ) );
#15234 = PCURVE('',#15235,#15240);
#15235 = PLANE('',#15236);
#15236 = AXIS2_PLACEMENT_3D('',#15237,#15238,#15239);
#15237 = CARTESIAN_POINT('',(-74.12,93.28,0.));
#15238 = DIRECTION('',(0.,0.,1.));
#15239 = DIRECTION('',(1.,0.,0.));
#15240 = DEFINITIONAL_REPRESENTATION('',(#15241),#15245);
#15241 = LINE('',#15242,#15243);
#15242 = CARTESIAN_POINT('',(0.,0.));
#15243 = VECTOR('',#15244,1.);
#15244 = DIRECTION('',(0.,1.));
#15245 = ( GEOMETRIC_REPRESENTATION_CONTEXT(2) 
PARAMETRIC_REPRESENTATION_CONTEXT() REPRESENTATION_CONTEXT('2D SPACE',''
  ) );
#15246 = ORIENTED_EDGE('',*,*,#15247,.T.);
#15247 = EDGE_CURVE('',#15220,#15248,#15250,.T.);
#15248 = VERTEX_POINT('',#15249);
#15249 = CARTESIAN_POINT('',(-74.12,119.94,102.8));
#15250 = SURFACE_CURVE('',#15251,(#15255,#15262),.PCURVE_S1.);
#15251 = LINE('',#15252,#15253);
#15252 = CARTESIAN_POINT('',(-74.12,119.94,0.));
#15253 = VECTOR('',#15254,1.);
#15254 = DIRECTION('',(0.,0.,1.));
#15255 = PCURVE('',#15195,#15256);
#15256 = DEFINITIONAL_REPRESENTATION('',(#15257),#15261);
#15257 = LINE('',#15258,#15259);
#15258 = CARTESIAN_POINT('',(0.,-26.66));
#15259 = VECTOR('',#15260,1.);
#15260 = DIRECTION('',(1.,0.));
#15261 = ( GEOMETRIC_REPRESENTATION_CONTEXT(2) 
PARAMETRIC_REPRESENTATION_CONTEXT() REPRESENTATION_CONTEXT('2D SPACE',''
  ) );
#15262 = PCURVE('',#15263,#15268);
#15263 = PLANE('',#15264);
#15264 = AXIS2_PLACEMENT_3D('',#15265,#15266,#15267);
#15265 = CARTESIAN_POINT('',(-74.12,119.94,0.));
#15266 = DIRECTION('',(0.,1.,0.));
#15267 = DIRECTION('',(0.,0.,1.));
#15268 = DEFINITIONAL_REPRESENTATION('',(#15269),#15273);
#15269 = LINE('',#15270,#15271);
#15270 = CARTESIAN_POINT('',(0.,0.));
#15271 = VECTOR('',#15272,1.);
#15272 = DIRECTION('',(1.,0.));
#15273 = ( GEOMETRIC_REPRESENTATION_CONTEXT(2) 
PARAMETRIC_REPRESENTATION_CONTEXT() REPRESENTATION_CONTEXT('2D SPACE',''
  ) );
#15274 = ORIENTED_EDGE('',*,*,#15275,.F.);
#15275 = EDGE_CURVE('',#15187,#15248,#15276,.T.);
#15276 = SURFACE_CURVE('',#15277,(#15281,#15288),.PCURVE_S1.);
#15277 = LINE('',#15278,#15279);
#15278 = CARTESIAN_POINT('',(-74.12,93.28,102.8));
#15279 = VECTOR('',#15280,1.);
#15280 = DIRECTION('',(0.,1.,0.));
#15281 = PCURVE('',#15195,#15282);
#15282 = DEFINITIONAL_REPRESENTATION('',(#15283),#15287);
#15283 = LINE('',#15284,#15285);
#15284 = CARTESIAN_POINT('',(102.8,0.));
#15285 = VECTOR('',#15286,1.);
#15286 = DIRECTION('',(0.,-1.));
#15287 = ( GEOMETRIC_REPRESENTATION_CONTEXT(2) 
PARAMETRIC_REPRESENTATION_CONTEXT() REPRESENTATION_CONTEXT('2D SPACE',''
  ) );
#15288 = PCURVE('',#15289,#15294);
#15289 = PLANE('',#15290);
#15290 = AXIS2_PLACEMENT_3D('',#15291,#15292,#15293);
#15291 = CARTESIAN_POINT('',(-74.12,93.28,102.8));
#15292 = DIRECTION('',(0.,0.,1.));
#15293 = DIRECTION('',(1.,0.,0.));
#15294 = DEFINITIONAL_REPRESENTATION('',(#15295),#15299);
#15295 = LINE('',#15296,#15297);
#15296 = CARTESIAN_POINT('',(0.,0.));
#15297 = VECTOR('',#15298,1.);
#15298 = DIRECTION('',(0.,1.));
#15299 = ( GEOMETRIC_REPRESENTATION_CONTEXT(2) 
PARAMETRIC_REPRESENTATION_CONTEXT() REPRESENTATION_CONTEXT('2D SPACE',''
  ) );
#15300 = ADVANCED_FACE('',(#15301),#15207,.F.);
#15301 = FACE_BOUND('',#15302,.F.);
#15302 = EDGE_LOOP('',(#15303,#15326,#15327,#15350));
#15303 = ORIENTED_EDGE('',*,*,#15304,.F.);
#15304 = EDGE_CURVE('',#15185,#15305,#15307,.T.);
#15305 = VERTEX_POINT('',#15306);
#15306 = CARTESIAN_POINT('',(74.12,93.28,0.));
#15307 = SURFACE_CURVE('',#15308,(#15312,#15319),.PCURVE_S1.);
#15308 = LINE('',#15309,#15310);
#15309 = CARTESIAN_POINT('',(-74.12,93.28,0.));
#15310 = VECTOR('',#15311,1.);
#15311 = DIRECTION('',(1.,0.,0.));
#15312 = PCURVE('',#15207,#15313);
#15313 = DEFINITIONAL_REPRESENTATION('',(#15314),#15318);
#15314 = LINE('',#15315,#15316);
#15315 = CARTESIAN_POINT('',(0.,0.));
#15316 = VECTOR('',#15317,1.);
#15317 = DIRECTION('',(0.,1.));
#15318 = ( GEOMETRIC_REPRESENTATION_CONTEXT(2) 
PARAMETRIC_REPRESENTATION_CONTEXT() REPRESENTATION_CONTEXT('2D SPACE',''
  ) );
#15319 = PCURVE('',#15235,#15320);
#15320 = DEFINITIONAL_REPRESENTATION('',(#15321),#15325);
#15321 = LINE('',#15322,#15323);
#15322 = CARTESIAN_POINT('',(0.,0.));
#15323 = VECTOR('',#15324,1.);
#15324 = DIRECTION('',(1.,0.));
#15325 = ( GEOMETRIC_REPRESENTATION_CONTEXT(2) 
PARAMETRIC_REPRESENTATION_CONTEXT() REPRESENTATION_CONTEXT('2D SPACE',''
  ) );
#15326 = ORIENTED_EDGE('',*,*,#15184,.T.);
#15327 = ORIENTED_EDGE('',*,*,#15328,.T.);
#15328 = EDGE_CURVE('',#15187,#15329,#15331,.T.);
#15329 = VERTEX_POINT('',#15330);
#15330 = CARTESIAN_POINT('',(74.12,93.28,102.8));
#15331 = SURFACE_CURVE('',#15332,(#15336,#15343),.PCURVE_S1.);
#15332 = LINE('',#15333,#15334);
#15333 = CARTESIAN_POINT('',(-74.12,93.28,102.8));
#15334 = VECTOR('',#15335,1.);
#15335 = DIRECTION('',(1.,0.,0.));
#15336 = PCURVE('',#15207,#15337);
#15337 = DEFINITIONAL_REPRESENTATION('',(#15338),#15342);
#15338 = LINE('',#15339,#15340);
#15339 = CARTESIAN_POINT('',(102.8,0.));
#15340 = VECTOR('',#15341,1.);
#15341 = DIRECTION('',(0.,1.));
#15342 = ( GEOMETRIC_REPRESENTATION_CONTEXT(2) 
PARAMETRIC_REPRESENTATION_CONTEXT() REPRESENTATION_CONTEXT('2D SPACE',''
  ) );
#15343 = PCURVE('',#15289,#15344);
#15344 = DEFINITIONAL_REPRESENTATION('',(#15345),#15349);
#15345 = LINE('',#15346,#15347);
#15346 = CARTESIAN_POINT('',(0.,0.));
#15347 = VECTOR('',#15348,1.);
#15348 = DIRECTION('',(1.,0.));
#15349 = ( GEOMETRIC_REPRESENTATION_CONTEXT(2) 
PARAMETRIC_REPRESENTATION_CONTEXT() REPRESENTATION_CONTEXT('2D SPACE',''
  ) );
#15350 = ORIENTED_EDGE('',*,*,#15351,.F.);
#15351 = EDGE_CURVE('',#15305,#15329,#15352,.T.);
#15352 = SURFACE_CURVE('',#15353,(#15357,#15364),.PCURVE_S1.);
#15353 = LINE('',#15354,#15355);
#15354 = CARTESIAN_POINT('',(74.12,93.28,0.));
#15355 = VECTOR('',#15356,1.);
#15356 = DIRECTION('',(0.,0.,1.));
#15357 = PCURVE('',#15207,#15358);
#15358 = DEFINITIONAL_REPRESENTATION('',(#15359),#15363);
#15359 = LINE('',#15360,#15361);
#15360 = CARTESIAN_POINT('',(0.,148.24));
#15361 = VECTOR('',#15362,1.);
#15362 = DIRECTION('',(1.,0.));
#15363 = ( GEOMETRIC_REPRESENTATION_CONTEXT(2) 
PARAMETRIC_REPRESENTATION_CONTEXT() REPRESENTATION_CONTEXT('2D SPACE',''
  ) );
#15364 = PCURVE('',#15365,#15370);
#15365 = PLANE('',#15366);
#15366 = AXIS2_PLACEMENT_3D('',#15367,#15368,#15369);
#15367 = CARTESIAN_POINT('',(74.12,93.28,0.));
#15368 = DIRECTION('',(1.,0.,0.));
#15369 = DIRECTION('',(0.,0.,1.));
#15370 = DEFINITIONAL_REPRESENTATION('',(#15371),#15375);
#15371 = LINE('',#15372,#15373);
#15372 = CARTESIAN_POINT('',(0.,0.));
#15373 = VECTOR('',#15374,1.);
#15374 = DIRECTION('',(1.,0.));
#15375 = ( GEOMETRIC_REPRESENTATION_CONTEXT(2) 
PARAMETRIC_REPRESENTATION_CONTEXT() REPRESENTATION_CONTEXT('2D SPACE',''
  ) );
#15376 = ADVANCED_FACE('',(#15377,#15425,#15456),#15289,.T.);
#15377 = FACE_BOUND('',#15378,.T.);
#15378 = EDGE_LOOP('',(#15379,#15380,#15381,#15404));
#15379 = ORIENTED_EDGE('',*,*,#15275,.F.);
#15380 = ORIENTED_EDGE('',*,*,#15328,.T.);
#15381 = ORIENTED_EDGE('',*,*,#15382,.T.);
#15382 = EDGE_CURVE('',#15329,#15383,#15385,.T.);
#15383 = VERTEX_POINT('',#15384);
#15384 = CARTESIAN_POINT('',(74.12,119.94,102.8));
#15385 = SURFACE_CURVE('',#15386,(#15390,#15397),.PCURVE_S1.);
#15386 = LINE('',#15387,#15388);
#15387 = CARTESIAN_POINT('',(74.12,93.28,102.8));
#15388 = VECTOR('',#15389,1.);
#15389 = DIRECTION('',(0.,1.,0.));
#15390 = PCURVE('',#15289,#15391);
#15391 = DEFINITIONAL_REPRESENTATION('',(#15392),#15396);
#15392 = LINE('',#15393,#15394);
#15393 = CARTESIAN_POINT('',(148.24,0.));
#15394 = VECTOR('',#15395,1.);
#15395 = DIRECTION('',(0.,1.));
#15396 = ( GEOMETRIC_REPRESENTATION_CONTEXT(2) 
PARAMETRIC_REPRESENTATION_CONTEXT() REPRESENTATION_CONTEXT('2D SPACE',''
  ) );
#15397 = PCURVE('',#15365,#15398);
#15398 = DEFINITIONAL_REPRESENTATION('',(#15399),#15403);
#15399 = LINE('',#15400,#15401);
#15400 = CARTESIAN_POINT('',(102.8,0.));
#15401 = VECTOR('',#15402,1.);
#15402 = DIRECTION('',(0.,-1.));
#15403 = ( GEOMETRIC_REPRESENTATION_CONTEXT(2) 
PARAMETRIC_REPRESENTATION_CONTEXT() REPRESENTATION_CONTEXT('2D SPACE',''
  ) );
#15404 = ORIENTED_EDGE('',*,*,#15405,.F.);
#15405 = EDGE_CURVE('',#15248,#15383,#15406,.T.);
#15406 = SURFACE_CURVE('',#15407,(#15411,#15418),.PCURVE_S1.);
#15407 = LINE('',#15408,#15409);
#15408 = CARTESIAN_POINT('',(-74.12,119.94,102.8));
#15409 = VECTOR('',#15410,1.);
#15410 = DIRECTION('',(1.,0.,0.));
#15411 = PCURVE('',#15289,#15412);
#15412 = DEFINITIONAL_REPRESENTATION('',(#15413),#15417);
#15413 = LINE('',#15414,#15415);
#15414 = CARTESIAN_POINT('',(0.,26.66));
#15415 = VECTOR('',#15416,1.);
#15416 = DIRECTION('',(1.,0.));
#15417 = ( GEOMETRIC_REPRESENTATION_CONTEXT(2) 
PARAMETRIC_REPRESENTATION_CONTEXT() REPRESENTATION_CONTEXT('2D SPACE',''
  ) );
#15418 = PCURVE('',#15263,#15419);
#15419 = DEFINITIONAL_REPRESENTATION('',(#15420),#15424);
#15420 = LINE('',#15421,#15422);
#15421 = CARTESIAN_POINT('',(102.8,0.));
#15422 = VECTOR('',#15423,1.);
#15423 = DIRECTION('',(0.,1.));
#15424 = ( GEOMETRIC_REPRESENTATION_CONTEXT(2) 
PARAMETRIC_REPRESENTATION_CONTEXT() REPRESENTATION_CONTEXT('2D SPACE',''
  ) );
#15425 = FACE_BOUND('',#15426,.T.);
#15426 = EDGE_LOOP('',(#15427));
#15427 = ORIENTED_EDGE('',*,*,#15428,.F.);
#15428 = EDGE_CURVE('',#15429,#15429,#15431,.T.);
#15429 = VERTEX_POINT('',#15430);
#15430 = CARTESIAN_POINT('',(60.74,106.61,102.8));
#15431 = SURFACE_CURVE('',#15432,(#15437,#15444),.PCURVE_S1.);
#15432 = CIRCLE('',#15433,5.44);
#15433 = AXIS2_PLACEMENT_3D('',#15434,#15435,#15436);
#15434 = CARTESIAN_POINT('',(55.3,106.61,102.8));
#15435 = DIRECTION('',(0.,0.,1.));
#15436 = DIRECTION('',(1.,0.,0.));
#15437 = PCURVE('',#15289,#15438);
#15438 = DEFINITIONAL_REPRESENTATION('',(#15439),#15443);
#15439 = CIRCLE('',#15440,5.44);
#15440 = AXIS2_PLACEMENT_2D('',#15441,#15442);
#15441 = CARTESIAN_POINT('',(129.42,13.33));
#15442 = DIRECTION('',(1.,0.));
#15443 = ( GEOMETRIC_REPRESENTATION_CONTEXT(2) 
PARAMETRIC_REPRESENTATION_CONTEXT() REPRESENTATION_CONTEXT('2D SPACE',''
  ) );
#15444 = PCURVE('',#15445,#15450);
#15445 = CYLINDRICAL_SURFACE('',#15446,5.44);
#15446 = AXIS2_PLACEMENT_3D('',#15447,#15448,#15449);
#15447 = CARTESIAN_POINT('',(55.3,106.61,102.8));
#15448 = DIRECTION('',(0.,0.,1.));
#15449 = DIRECTION('',(1.,0.,0.));
#15450 = DEFINITIONAL_REPRESENTATION('',(#15451),#15455);
#15451 = LINE('',#15452,#15453);
#15452 = CARTESIAN_POINT('',(0.,0.));
#15453 = VECTOR('',#15454,1.);
#15454 = DIRECTION('',(1.,0.));
#15455 = ( GEOMETRIC_REPRESENTATION_CONTEXT(2) 
PARAMETRIC_REPRESENTATION_CONTEXT() REPRESENTATION_CONTEXT('2D SPACE',''
  ) );
#15456 = FACE_BOUND('',#15457,.T.);
#15457 = EDGE_LOOP('',(#15458));
#15458 = ORIENTED_EDGE('',*,*,#15459,.F.);
#15459 = EDGE_CURVE('',#15460,#15460,#15462,.T.);
#15460 = VERTEX_POINT('',#15461);
#15461 = CARTESIAN_POINT('',(-49.86,106.61,102.8));
#15462 = SURFACE_CURVE('',#15463,(#15468,#15475),.PCURVE_S1.);
#15463 = CIRCLE('',#15464,5.44);
#15464 = AXIS2_PLACEMENT_3D('',#15465,#15466,#15467);
#15465 = CARTESIAN_POINT('',(-55.3,106.61,102.8));
#15466 = DIRECTION('',(0.,0.,1.));
#15467 = DIRECTION('',(1.,0.,0.));
#15468 = PCURVE('',#15289,#15469);
#15469 = DEFINITIONAL_REPRESENTATION('',(#15470),#15474);
#15470 = CIRCLE('',#15471,5.44);
#15471 = AXIS2_PLACEMENT_2D('',#15472,#15473);
#15472 = CARTESIAN_POINT('',(18.82,13.33));
#15473 = DIRECTION('',(1.,0.));
#15474 = ( GEOMETRIC_REPRESENTATION_CONTEXT(2) 
PARAMETRIC_REPRESENTATION_CONTEXT() REPRESENTATION_CONTEXT('2D SPACE',''
  ) );
#15475 = PCURVE('',#15476,#15481);
#15476 = CYLINDRICAL_SURFACE('',#15477,5.44);
#15477 = AXIS2_PLACEMENT_3D('',#15478,#15479,#15480);
#15478 = CARTESIAN_POINT('',(-55.3,106.61,102.8));
#15479 = DIRECTION('',(0.,0.,1.));
#15480 = DIRECTION('',(1.,0.,0.));
#15481 = DEFINITIONAL_REPRESENTATION('',(#15482),#15486);
#15482 = LINE('',#15483,#15484);
#15483 = CARTESIAN_POINT('',(0.,0.));
#15484 = VECTOR('',#15485,1.);
#15485 = DIRECTION('',(1.,0.));
#15486 = ( GEOMETRIC_REPRESENTATION_CONTEXT(2) 
PARAMETRIC_REPRESENTATION_CONTEXT() REPRESENTATION_CONTEXT('2D SPACE',''
  ) );
#15487 = ADVANCED_FACE('',(#15488),#15263,.T.);
#15488 = FACE_BOUND('',#15489,.T.);
#15489 = EDGE_LOOP('',(#15490,#15513,#15514,#15515));
#15490 = ORIENTED_EDGE('',*,*,#15491,.F.);
#15491 = EDGE_CURVE('',#15220,#15492,#15494,.T.);
#15492 = VERTEX_POINT('',#15493);
#15493 = CARTESIAN_POINT('',(74.12,119.94,0.));
#15494 = SURFACE_CURVE('',#15495,(#15499,#15506),.PCURVE_S1.);
#15495 = LINE('',#15496,#15497);
#15496 = CARTESIAN_POINT('',(-74.12,119.94,0.));
#15497 = VECTOR('',#15498,1.);
#15498 = DIRECTION('',(1.,0.,0.));
#15499 = PCURVE('',#15263,#15500);
#15500 = DEFINITIONAL_REPRESENTATION('',(#15501),#15505);
#15501 = LINE('',#15502,#15503);
#15502 = CARTESIAN_POINT('',(0.,0.));
#15503 = VECTOR('',#15504,1.);
#15504 = DIRECTION('',(0.,1.));
#15505 = ( GEOMETRIC_REPRESENTATION_CONTEXT(2) 
PARAMETRIC_REPRESENTATION_CONTEXT() REPRESENTATION_CONTEXT('2D SPACE',''
  ) );
#15506 = PCURVE('',#15235,#15507);
#15507 = DEFINITIONAL_REPRESENTATION('',(#15508),#15512);
#15508 = LINE('',#15509,#15510);
#15509 = CARTESIAN_POINT('',(0.,26.66));
#15510 = VECTOR('',#15511,1.);
#15511 = DIRECTION('',(1.,0.));
#15512 = ( GEOMETRIC_REPRESENTATION_CONTEXT(2) 
PARAMETRIC_REPRESENTATION_CONTEXT() REPRESENTATION_CONTEXT('2D SPACE',''
  ) );
#15513 = ORIENTED_EDGE('',*,*,#15247,.T.);
#15514 = ORIENTED_EDGE('',*,*,#15405,.T.);
#15515 = ORIENTED_EDGE('',*,*,#15516,.F.);
#15516 = EDGE_CURVE('',#15492,#15383,#15517,.T.);
#15517 = SURFACE_CURVE('',#15518,(#15522,#15529),.PCURVE_S1.);
#15518 = LINE('',#15519,#15520);
#15519 = CARTESIAN_POINT('',(74.12,119.94,0.));
#15520 = VECTOR('',#15521,1.);
#15521 = DIRECTION('',(0.,0.,1.));
#15522 = PCURVE('',#15263,#15523);
#15523 = DEFINITIONAL_REPRESENTATION('',(#15524),#15528);
#15524 = LINE('',#15525,#15526);
#15525 = CARTESIAN_POINT('',(0.,148.24));
#15526 = VECTOR('',#15527,1.);
#15527 = DIRECTION('',(1.,0.));
#15528 = ( GEOMETRIC_REPRESENTATION_CONTEXT(2) 
PARAMETRIC_REPRESENTATION_CONTEXT() REPRESENTATION_CONTEXT('2D SPACE',''
  ) );
#15529 = PCURVE('',#15365,#15530);
#15530 = DEFINITIONAL_REPRESENTATION('',(#15531),#15535);
#15531 = LINE('',#15532,#15533);
#15532 = CARTESIAN_POINT('',(0.,-26.66));
#15533 = VECTOR('',#15534,1.);
#15534 = DIRECTION('',(1.,0.));
#15535 = ( GEOMETRIC_REPRESENTATION_CONTEXT(2) 
PARAMETRIC_REPRESENTATION_CONTEXT() REPRESENTATION_CONTEXT('2D SPACE',''
  ) );
#15536 = ADVANCED_FACE('',(#15537),#15235,.F.);
#15537 = FACE_BOUND('',#15538,.F.);
#15538 = EDGE_LOOP('',(#15539,#15540,#15541,#15562));
#15539 = ORIENTED_EDGE('',*,*,#15219,.F.);
#15540 = ORIENTED_EDGE('',*,*,#15304,.T.);
#15541 = ORIENTED_EDGE('',*,*,#15542,.T.);
#15542 = EDGE_CURVE('',#15305,#15492,#15543,.T.);
#15543 = SURFACE_CURVE('',#15544,(#15548,#15555),.PCURVE_S1.);
#15544 = LINE('',#15545,#15546);
#15545 = CARTESIAN_POINT('',(74.12,93.28,0.));
#15546 = VECTOR('',#15547,1.);
#15547 = DIRECTION('',(0.,1.,0.));
#15548 = PCURVE('',#15235,#15549);
#15549 = DEFINITIONAL_REPRESENTATION('',(#15550),#15554);
#15550 = LINE('',#15551,#15552);
#15551 = CARTESIAN_POINT('',(148.24,0.));
#15552 = VECTOR('',#15553,1.);
#15553 = DIRECTION('',(0.,1.));
#15554 = ( GEOMETRIC_REPRESENTATION_CONTEXT(2) 
PARAMETRIC_REPRESENTATION_CONTEXT() REPRESENTATION_CONTEXT('2D SPACE',''
  ) );
#15555 = PCURVE('',#15365,#15556);
#15556 = DEFINITIONAL_REPRESENTATION('',(#15557),#15561);
#15557 = LINE('',#15558,#15559);
#15558 = CARTESIAN_POINT('',(0.,0.));
#15559 = VECTOR('',#15560,1.);
#15560 = DIRECTION('',(0.,-1.));
#15561 = ( GEOMETRIC_REPRESENTATION_CONTEXT(2) 
PARAMETRIC_REPRESENTATION_CONTEXT() REPRESENTATION_CONTEXT('2D SPACE',''
  ) );
#15562 = ORIENTED_EDGE('',*,*,#15491,.F.);
#15563 = ADVANCED_FACE('',(#15564),#15365,.T.);
#15564 = FACE_BOUND('',#15565,.T.);
#15565 = EDGE_LOOP('',(#15566,#15567,#15568,#15569));
#15566 = ORIENTED_EDGE('',*,*,#15351,.F.);
#15567 = ORIENTED_EDGE('',*,*,#15542,.T.);
#15568 = ORIENTED_EDGE('',*,*,#15516,.T.);
#15569 = ORIENTED_EDGE('',*,*,#15382,.F.);
#15570 = ADVANCED_FACE('',(#15571),#15445,.T.);
#15571 = FACE_BOUND('',#15572,.T.);
#15572 = EDGE_LOOP('',(#15573,#15602,#15623,#15624));
#15573 = ORIENTED_EDGE('',*,*,#15574,.F.);
#15574 = EDGE_CURVE('',#15575,#15575,#15577,.T.);
#15575 = VERTEX_POINT('',#15576);
#15576 = CARTESIAN_POINT('',(60.74,106.61,105.9));
#15577 = SURFACE_CURVE('',#15578,(#15583,#15590),.PCURVE_S1.);
#15578 = CIRCLE('',#15579,5.44);
#15579 = AXIS2_PLACEMENT_3D('',#15580,#15581,#15582);
#15580 = CARTESIAN_POINT('',(55.3,106.61,105.9));
#15581 = DIRECTION('',(0.,0.,1.));
#15582 = DIRECTION('',(1.,0.,0.));
#15583 = PCURVE('',#15445,#15584);
#15584 = DEFINITIONAL_REPRESENTATION('',(#15585),#15589);
#15585 = LINE('',#15586,#15587);
#15586 = CARTESIAN_POINT('',(0.,3.1));
#15587 = VECTOR('',#15588,1.);
#15588 = DIRECTION('',(1.,0.));
#15589 = ( GEOMETRIC_REPRESENTATION_CONTEXT(2) 
PARAMETRIC_REPRESENTATION_CONTEXT() REPRESENTATION_CONTEXT('2D SPACE',''
  ) );
#15590 = PCURVE('',#15591,#15596);
#15591 = PLANE('',#15592);
#15592 = AXIS2_PLACEMENT_3D('',#15593,#15594,#15595);
#15593 = CARTESIAN_POINT('',(55.3,106.61,105.9));
#15594 = DIRECTION('',(0.,0.,1.));
#15595 = DIRECTION('',(1.,0.,0.));
#15596 = DEFINITIONAL_REPRESENTATION('',(#15597),#15601);
#15597 = CIRCLE('',#15598,5.44);
#15598 = AXIS2_PLACEMENT_2D('',#15599,#15600);
#15599 = CARTESIAN_POINT('',(0.,0.));
#15600 = DIRECTION('',(1.,0.));
#15601 = ( GEOMETRIC_REPRESENTATION_CONTEXT(2) 
PARAMETRIC_REPRESENTATION_CONTEXT() REPRESENTATION_CONTEXT('2D SPACE',''
  ) );
#15602 = ORIENTED_EDGE('',*,*,#15603,.F.);
#15603 = EDGE_CURVE('',#15429,#15575,#15604,.T.);
#15604 = SEAM_CURVE('',#15605,(#15609,#15616),.PCURVE_S1.);
#15605 = LINE('',#15606,#15607);
#15606 = CARTESIAN_POINT('',(60.74,106.61,102.8));
#15607 = VECTOR('',#15608,1.);
#15608 = DIRECTION('',(0.,0.,1.));
#15609 = PCURVE('',#15445,#15610);
#15610 = DEFINITIONAL_REPRESENTATION('',(#15611),#15615);
#15611 = LINE('',#15612,#15613);
#15612 = CARTESIAN_POINT('',(6.28318530718,-0.));
#15613 = VECTOR('',#15614,1.);
#15614 = DIRECTION('',(0.,1.));
#15615 = ( GEOMETRIC_REPRESENTATION_CONTEXT(2) 
PARAMETRIC_REPRESENTATION_CONTEXT() REPRESENTATION_CONTEXT('2D SPACE',''
  ) );
#15616 = PCURVE('',#15445,#15617);
#15617 = DEFINITIONAL_REPRESENTATION('',(#15618),#15622);
#15618 = LINE('',#15619,#15620);
#15619 = CARTESIAN_POINT('',(0.,-0.));
#15620 = VECTOR('',#15621,1.);
#15621 = DIRECTION('',(0.,1.));
#15622 = ( GEOMETRIC_REPRESENTATION_CONTEXT(2) 
PARAMETRIC_REPRESENTATION_CONTEXT() REPRESENTATION_CONTEXT('2D SPACE',''
  ) );
#15623 = ORIENTED_EDGE('',*,*,#15428,.T.);
#15624 = ORIENTED_EDGE('',*,*,#15603,.T.);
#15625 = ADVANCED_FACE('',(#15626),#15476,.T.);
#15626 = FACE_BOUND('',#15627,.T.);
#15627 = EDGE_LOOP('',(#15628,#15657,#15678,#15679));
#15628 = ORIENTED_EDGE('',*,*,#15629,.F.);
#15629 = EDGE_CURVE('',#15630,#15630,#15632,.T.);
#15630 = VERTEX_POINT('',#15631);
#15631 = CARTESIAN_POINT('',(-49.86,106.61,105.9));
#15632 = SURFACE_CURVE('',#15633,(#15638,#15645),.PCURVE_S1.);
#15633 = CIRCLE('',#15634,5.44);
#15634 = AXIS2_PLACEMENT_3D('',#15635,#15636,#15637);
#15635 = CARTESIAN_POINT('',(-55.3,106.61,105.9));
#15636 = DIRECTION('',(0.,0.,1.));
#15637 = DIRECTION('',(1.,0.,0.));
#15638 = PCURVE('',#15476,#15639);
#15639 = DEFINITIONAL_REPRESENTATION('',(#15640),#15644);
#15640 = LINE('',#15641,#15642);
#15641 = CARTESIAN_POINT('',(0.,3.1));
#15642 = VECTOR('',#15643,1.);
#15643 = DIRECTION('',(1.,0.));
#15644 = ( GEOMETRIC_REPRESENTATION_CONTEXT(2) 
PARAMETRIC_REPRESENTATION_CONTEXT() REPRESENTATION_CONTEXT('2D SPACE',''
  ) );
#15645 = PCURVE('',#15646,#15651);
#15646 = PLANE('',#15647);
#15647 = AXIS2_PLACEMENT_3D('',#15648,#15649,#15650);
#15648 = CARTESIAN_POINT('',(-55.3,106.61,105.9));
#15649 = DIRECTION('',(0.,0.,1.));
#15650 = DIRECTION('',(1.,0.,0.));
#15651 = DEFINITIONAL_REPRESENTATION('',(#15652),#15656);
#15652 = CIRCLE('',#15653,5.44);
#15653 = AXIS2_PLACEMENT_2D('',#15654,#15655);
#15654 = CARTESIAN_POINT('',(0.,0.));
#15655 = DIRECTION('',(1.,0.));
#15656 = ( GEOMETRIC_REPRESENTATION_CONTEXT(2) 
PARAMETRIC_REPRESENTATION_CONTEXT() REPRESENTATION_CONTEXT('2D SPACE',''
  ) );
#15657 = ORIENTED_EDGE('',*,*,#15658,.F.);
#15658 = EDGE_CURVE('',#15460,#15630,#15659,.T.);
#15659 = SEAM_CURVE('',#15660,(#15664,#15671),.PCURVE_S1.);
#15660 = LINE('',#15661,#15662);
#15661 = CARTESIAN_POINT('',(-49.86,106.61,102.8));
#15662 = VECTOR('',#15663,1.);
#15663 = DIRECTION('',(0.,0.,1.));
#15664 = PCURVE('',#15476,#15665);
#15665 = DEFINITIONAL_REPRESENTATION('',(#15666),#15670);
#15666 = LINE('',#15667,#15668);
#15667 = CARTESIAN_POINT('',(6.28318530718,-0.));
#15668 = VECTOR('',#15669,1.);
#15669 = DIRECTION('',(0.,1.));
#15670 = ( GEOMETRIC_REPRESENTATION_CONTEXT(2) 
PARAMETRIC_REPRESENTATION_CONTEXT() REPRESENTATION_CONTEXT('2D SPACE',''
  ) );
#15671 = PCURVE('',#15476,#15672);
#15672 = DEFINITIONAL_REPRESENTATION('',(#15673),#15677);
#15673 = LINE('',#15674,#15675);
#15674 = CARTESIAN_POINT('',(0.,-0.));
#15675 = VECTOR('',#15676,1.);
#15676 = DIRECTION('',(0.,1.));
#15677 = ( GEOMETRIC_REPRESENTATION_CONTEXT(2) 
PARAMETRIC_REPRESENTATION_CONTEXT() REPRESENTATION_CONTEXT('2D SPACE',''
  ) );
#15678 = ORIENTED_EDGE('',*,*,#15459,.T.);
#15679 = ORIENTED_EDGE('',*,*,#15658,.T.);
#15680 = ADVANCED_FACE('',(#15681),#15591,.T.);
#15681 = FACE_BOUND('',#15682,.T.);
#15682 = EDGE_LOOP('',(#15683));
#15683 = ORIENTED_EDGE('',*,*,#15574,.T.);
#15684 = ADVANCED_FACE('',(#15685),#15646,.T.);
#15685 = FACE_BOUND('',#15686,.T.);
#15686 = EDGE_LOOP('',(#15687));
#15687 = ORIENTED_EDGE('',*,*,#15629,.T.);
#15688 = MANIFOLD_SOLID_BREP('',#15689);
#15689 = CLOSED_SHELL('',(#15690,#15810,#15886,#15997,#16046,#16073,
    #16080,#16135,#16190,#16194));
#15690 = ADVANCED_FACE('',(#15691),#15705,.F.);
#15691 = FACE_BOUND('',#15692,.F.);
#15692 = EDGE_LOOP('',(#15693,#15728,#15756,#15784));
#15693 = ORIENTED_EDGE('',*,*,#15694,.F.);
#15694 = EDGE_CURVE('',#15695,#15697,#15699,.T.);
#15695 = VERTEX_POINT('',#15696);
#15696 = CARTESIAN_POINT('',(77.88,-144.,0.));
#15697 = VERTEX_POINT('',#15698);
#15698 = CARTESIAN_POINT('',(77.88,-144.,102.8));
#15699 = SURFACE_CURVE('',#15700,(#15704,#15716),.PCURVE_S1.);
#15700 = LINE('',#15701,#15702);
#15701 = CARTESIAN_POINT('',(77.88,-144.,0.));
#15702 = VECTOR('',#15703,1.);
#15703 = DIRECTION('',(0.,0.,1.));
#15704 = PCURVE('',#15705,#15710);
#15705 = PLANE('',#15706);
#15706 = AXIS2_PLACEMENT_3D('',#15707,#15708,#15709);
#15707 = CARTESIAN_POINT('',(77.88,-144.,0.));
#15708 = DIRECTION('',(1.,0.,0.));
#15709 = DIRECTION('',(0.,0.,1.));
#15710 = DEFINITIONAL_REPRESENTATION('',(#15711),#15715);
#15711 = LINE('',#15712,#15713);
#15712 = CARTESIAN_POINT('',(0.,0.));
#15713 = VECTOR('',#15714,1.);
#15714 = DIRECTION('',(1.,0.));
#15715 = ( GEOMETRIC_REPRESENTATION_CONTEXT(2) 
PARAMETRIC_REPRESENTATION_CONTEXT() REPRESENTATION_CONTEXT('2D SPACE',''
  ) );
#15716 = PCURVE('',#15717,#15722);
#15717 = PLANE('',#15718);
#15718 = AXIS2_PLACEMENT_3D('',#15719,#15720,#15721);
#15719 = CARTESIAN_POINT('',(77.88,-144.,0.));
#15720 = DIRECTION('',(0.,1.,0.));
#15721 = DIRECTION('',(0.,0.,1.));
#15722 = DEFINITIONAL_REPRESENTATION('',(#15723),#15727);
#15723 = LINE('',#15724,#15725);
#15724 = CARTESIAN_POINT('',(0.,0.));
#15725 = VECTOR('',#15726,1.);
#15726 = DIRECTION('',(1.,0.));
#15727 = ( GEOMETRIC_REPRESENTATION_CONTEXT(2) 
PARAMETRIC_REPRESENTATION_CONTEXT() REPRESENTATION_CONTEXT('2D SPACE',''
  ) );
#15728 = ORIENTED_EDGE('',*,*,#15729,.T.);
#15729 = EDGE_CURVE('',#15695,#15730,#15732,.T.);
#15730 = VERTEX_POINT('',#15731);
#15731 = CARTESIAN_POINT('',(77.88,-117.34,0.));
#15732 = SURFACE_CURVE('',#15733,(#15737,#15744),.PCURVE_S1.);
#15733 = LINE('',#15734,#15735);
#15734 = CARTESIAN_POINT('',(77.88,-144.,0.));
#15735 = VECTOR('',#15736,1.);
#15736 = DIRECTION('',(0.,1.,0.));
#15737 = PCURVE('',#15705,#15738);
#15738 = DEFINITIONAL_REPRESENTATION('',(#15739),#15743);
#15739 = LINE('',#15740,#15741);
#15740 = CARTESIAN_POINT('',(0.,0.));
#15741 = VECTOR('',#15742,1.);
#15742 = DIRECTION('',(0.,-1.));
#15743 = ( GEOMETRIC_REPRESENTATION_CONTEXT(2) 
PARAMETRIC_REPRESENTATION_CONTEXT() REPRESENTATION_CONTEXT('2D SPACE',''
  ) );
#15744 = PCURVE('',#15745,#15750);
#15745 = PLANE('',#15746);
#15746 = AXIS2_PLACEMENT_3D('',#15747,#15748,#15749);
#15747 = CARTESIAN_POINT('',(77.88,-144.,0.));
#15748 = DIRECTION('',(0.,0.,1.));
#15749 = DIRECTION('',(1.,0.,0.));
#15750 = DEFINITIONAL_REPRESENTATION('',(#15751),#15755);
#15751 = LINE('',#15752,#15753);
#15752 = CARTESIAN_POINT('',(0.,0.));
#15753 = VECTOR('',#15754,1.);
#15754 = DIRECTION('',(0.,1.));
#15755 = ( GEOMETRIC_REPRESENTATION_CONTEXT(2) 
PARAMETRIC_REPRESENTATION_CONTEXT() REPRESENTATION_CONTEXT('2D SPACE',''
  ) );
#15756 = ORIENTED_EDGE('',*,*,#15757,.T.);
#15757 = EDGE_CURVE('',#15730,#15758,#15760,.T.);
#15758 = VERTEX_POINT('',#15759);
#15759 = CARTESIAN_POINT('',(77.88,-117.34,102.8));
#15760 = SURFACE_CURVE('',#15761,(#15765,#15772),.PCURVE_S1.);
#15761 = LINE('',#15762,#15763);
#15762 = CARTESIAN_POINT('',(77.88,-117.34,0.));
#15763 = VECTOR('',#15764,1.);
#15764 = DIRECTION('',(0.,0.,1.));
#15765 = PCURVE('',#15705,#15766);
#15766 = DEFINITIONAL_REPRESENTATION('',(#15767),#15771);
#15767 = LINE('',#15768,#15769);
#15768 = CARTESIAN_POINT('',(0.,-26.66));
#15769 = VECTOR('',#15770,1.);
#15770 = DIRECTION('',(1.,0.));
#15771 = ( GEOMETRIC_REPRESENTATION_CONTEXT(2) 
PARAMETRIC_REPRESENTATION_CONTEXT() REPRESENTATION_CONTEXT('2D SPACE',''
  ) );
#15772 = PCURVE('',#15773,#15778);
#15773 = PLANE('',#15774);
#15774 = AXIS2_PLACEMENT_3D('',#15775,#15776,#15777);
#15775 = CARTESIAN_POINT('',(77.88,-117.34,0.));
#15776 = DIRECTION('',(0.,1.,0.));
#15777 = DIRECTION('',(0.,0.,1.));
#15778 = DEFINITIONAL_REPRESENTATION('',(#15779),#15783);
#15779 = LINE('',#15780,#15781);
#15780 = CARTESIAN_POINT('',(0.,0.));
#15781 = VECTOR('',#15782,1.);
#15782 = DIRECTION('',(1.,0.));
#15783 = ( GEOMETRIC_REPRESENTATION_CONTEXT(2) 
PARAMETRIC_REPRESENTATION_CONTEXT() REPRESENTATION_CONTEXT('2D SPACE',''
  ) );
#15784 = ORIENTED_EDGE('',*,*,#15785,.F.);
#15785 = EDGE_CURVE('',#15697,#15758,#15786,.T.);
#15786 = SURFACE_CURVE('',#15787,(#15791,#15798),.PCURVE_S1.);
#15787 = LINE('',#15788,#15789);
#15788 = CARTESIAN_POINT('',(77.88,-144.,102.8));
#15789 = VECTOR('',#15790,1.);
#15790 = DIRECTION('',(0.,1.,0.));
#15791 = PCURVE('',#15705,#15792);
#15792 = DEFINITIONAL_REPRESENTATION('',(#15793),#15797);
#15793 = LINE('',#15794,#15795);
#15794 = CARTESIAN_POINT('',(102.8,0.));
#15795 = VECTOR('',#15796,1.);
#15796 = DIRECTION('',(0.,-1.));
#15797 = ( GEOMETRIC_REPRESENTATION_CONTEXT(2) 
PARAMETRIC_REPRESENTATION_CONTEXT() REPRESENTATION_CONTEXT('2D SPACE',''
  ) );
#15798 = PCURVE('',#15799,#15804);
#15799 = PLANE('',#15800);
#15800 = AXIS2_PLACEMENT_3D('',#15801,#15802,#15803);
#15801 = CARTESIAN_POINT('',(77.88,-144.,102.8));
#15802 = DIRECTION('',(0.,0.,1.));
#15803 = DIRECTION('',(1.,0.,0.));
#15804 = DEFINITIONAL_REPRESENTATION('',(#15805),#15809);
#15805 = LINE('',#15806,#15807);
#15806 = CARTESIAN_POINT('',(0.,0.));
#15807 = VECTOR('',#15808,1.);
#15808 = DIRECTION('',(0.,1.));
#15809 = ( GEOMETRIC_REPRESENTATION_CONTEXT(2) 
PARAMETRIC_REPRESENTATION_CONTEXT() REPRESENTATION_CONTEXT('2D SPACE',''
  ) );
#15810 = ADVANCED_FACE('',(#15811),#15717,.F.);
#15811 = FACE_BOUND('',#15812,.F.);
#15812 = EDGE_LOOP('',(#15813,#15836,#15837,#15860));
#15813 = ORIENTED_EDGE('',*,*,#15814,.F.);
#15814 = EDGE_CURVE('',#15695,#15815,#15817,.T.);
#15815 = VERTEX_POINT('',#15816);
#15816 = CARTESIAN_POINT('',(226.12,-144.,0.));
#15817 = SURFACE_CURVE('',#15818,(#15822,#15829),.PCURVE_S1.);
#15818 = LINE('',#15819,#15820);
#15819 = CARTESIAN_POINT('',(77.88,-144.,0.));
#15820 = VECTOR('',#15821,1.);
#15821 = DIRECTION('',(1.,0.,0.));
#15822 = PCURVE('',#15717,#15823);
#15823 = DEFINITIONAL_REPRESENTATION('',(#15824),#15828);
#15824 = LINE('',#15825,#15826);
#15825 = CARTESIAN_POINT('',(0.,0.));
#15826 = VECTOR('',#15827,1.);
#15827 = DIRECTION('',(0.,1.));
#15828 = ( GEOMETRIC_REPRESENTATION_CONTEXT(2) 
PARAMETRIC_REPRESENTATION_CONTEXT() REPRESENTATION_CONTEXT('2D SPACE',''
  ) );
#15829 = PCURVE('',#15745,#15830);
#15830 = DEFINITIONAL_REPRESENTATION('',(#15831),#15835);
#15831 = LINE('',#15832,#15833);
#15832 = CARTESIAN_POINT('',(0.,0.));
#15833 = VECTOR('',#15834,1.);
#15834 = DIRECTION('',(1.,0.));
#15835 = ( GEOMETRIC_REPRESENTATION_CONTEXT(2) 
PARAMETRIC_REPRESENTATION_CONTEXT() REPRESENTATION_CONTEXT('2D SPACE',''
  ) );
#15836 = ORIENTED_EDGE('',*,*,#15694,.T.);
#15837 = ORIENTED_EDGE('',*,*,#15838,.T.);
#15838 = EDGE_CURVE('',#15697,#15839,#15841,.T.);
#15839 = VERTEX_POINT('',#15840);
#15840 = CARTESIAN_POINT('',(226.12,-144.,102.8));
#15841 = SURFACE_CURVE('',#15842,(#15846,#15853),.PCURVE_S1.);
#15842 = LINE('',#15843,#15844);
#15843 = CARTESIAN_POINT('',(77.88,-144.,102.8));
#15844 = VECTOR('',#15845,1.);
#15845 = DIRECTION('',(1.,0.,0.));
#15846 = PCURVE('',#15717,#15847);
#15847 = DEFINITIONAL_REPRESENTATION('',(#15848),#15852);
#15848 = LINE('',#15849,#15850);
#15849 = CARTESIAN_POINT('',(102.8,0.));
#15850 = VECTOR('',#15851,1.);
#15851 = DIRECTION('',(0.,1.));
#15852 = ( GEOMETRIC_REPRESENTATION_CONTEXT(2) 
PARAMETRIC_REPRESENTATION_CONTEXT() REPRESENTATION_CONTEXT('2D SPACE',''
  ) );
#15853 = PCURVE('',#15799,#15854);
#15854 = DEFINITIONAL_REPRESENTATION('',(#15855),#15859);
#15855 = LINE('',#15856,#15857);
#15856 = CARTESIAN_POINT('',(0.,0.));
#15857 = VECTOR('',#15858,1.);
#15858 = DIRECTION('',(1.,0.));
#15859 = ( GEOMETRIC_REPRESENTATION_CONTEXT(2) 
PARAMETRIC_REPRESENTATION_CONTEXT() REPRESENTATION_CONTEXT('2D SPACE',''
  ) );
#15860 = ORIENTED_EDGE('',*,*,#15861,.F.);
#15861 = EDGE_CURVE('',#15815,#15839,#15862,.T.);
#15862 = SURFACE_CURVE('',#15863,(#15867,#15874),.PCURVE_S1.);
#15863 = LINE('',#15864,#15865);
#15864 = CARTESIAN_POINT('',(226.12,-144.,0.));
#15865 = VECTOR('',#15866,1.);
#15866 = DIRECTION('',(0.,0.,1.));
#15867 = PCURVE('',#15717,#15868);
#15868 = DEFINITIONAL_REPRESENTATION('',(#15869),#15873);
#15869 = LINE('',#15870,#15871);
#15870 = CARTESIAN_POINT('',(0.,148.24));
#15871 = VECTOR('',#15872,1.);
#15872 = DIRECTION('',(1.,0.));
#15873 = ( GEOMETRIC_REPRESENTATION_CONTEXT(2) 
PARAMETRIC_REPRESENTATION_CONTEXT() REPRESENTATION_CONTEXT('2D SPACE',''
  ) );
#15874 = PCURVE('',#15875,#15880);
#15875 = PLANE('',#15876);
#15876 = AXIS2_PLACEMENT_3D('',#15877,#15878,#15879);
#15877 = CARTESIAN_POINT('',(226.12,-144.,0.));
#15878 = DIRECTION('',(1.,0.,0.));
#15879 = DIRECTION('',(0.,0.,1.));
#15880 = DEFINITIONAL_REPRESENTATION('',(#15881),#15885);
#15881 = LINE('',#15882,#15883);
#15882 = CARTESIAN_POINT('',(0.,0.));
#15883 = VECTOR('',#15884,1.);
#15884 = DIRECTION('',(1.,0.));
#15885 = ( GEOMETRIC_REPRESENTATION_CONTEXT(2) 
PARAMETRIC_REPRESENTATION_CONTEXT() REPRESENTATION_CONTEXT('2D SPACE',''
  ) );
#15886 = ADVANCED_FACE('',(#15887,#15935,#15966),#15799,.T.);
#15887 = FACE_BOUND('',#15888,.T.);
#15888 = EDGE_LOOP('',(#15889,#15890,#15891,#15914));
#15889 = ORIENTED_EDGE('',*,*,#15785,.F.);
#15890 = ORIENTED_EDGE('',*,*,#15838,.T.);
#15891 = ORIENTED_EDGE('',*,*,#15892,.T.);
#15892 = EDGE_CURVE('',#15839,#15893,#15895,.T.);
#15893 = VERTEX_POINT('',#15894);
#15894 = CARTESIAN_POINT('',(226.12,-117.34,102.8));
#15895 = SURFACE_CURVE('',#15896,(#15900,#15907),.PCURVE_S1.);
#15896 = LINE('',#15897,#15898);
#15897 = CARTESIAN_POINT('',(226.12,-144.,102.8));
#15898 = VECTOR('',#15899,1.);
#15899 = DIRECTION('',(0.,1.,0.));
#15900 = PCURVE('',#15799,#15901);
#15901 = DEFINITIONAL_REPRESENTATION('',(#15902),#15906);
#15902 = LINE('',#15903,#15904);
#15903 = CARTESIAN_POINT('',(148.24,0.));
#15904 = VECTOR('',#15905,1.);
#15905 = DIRECTION('',(0.,1.));
#15906 = ( GEOMETRIC_REPRESENTATION_CONTEXT(2) 
PARAMETRIC_REPRESENTATION_CONTEXT() REPRESENTATION_CONTEXT('2D SPACE',''
  ) );
#15907 = PCURVE('',#15875,#15908);
#15908 = DEFINITIONAL_REPRESENTATION('',(#15909),#15913);
#15909 = LINE('',#15910,#15911);
#15910 = CARTESIAN_POINT('',(102.8,0.));
#15911 = VECTOR('',#15912,1.);
#15912 = DIRECTION('',(0.,-1.));
#15913 = ( GEOMETRIC_REPRESENTATION_CONTEXT(2) 
PARAMETRIC_REPRESENTATION_CONTEXT() REPRESENTATION_CONTEXT('2D SPACE',''
  ) );
#15914 = ORIENTED_EDGE('',*,*,#15915,.F.);
#15915 = EDGE_CURVE('',#15758,#15893,#15916,.T.);
#15916 = SURFACE_CURVE('',#15917,(#15921,#15928),.PCURVE_S1.);
#15917 = LINE('',#15918,#15919);
#15918 = CARTESIAN_POINT('',(77.88,-117.34,102.8));
#15919 = VECTOR('',#15920,1.);
#15920 = DIRECTION('',(1.,0.,0.));
#15921 = PCURVE('',#15799,#15922);
#15922 = DEFINITIONAL_REPRESENTATION('',(#15923),#15927);
#15923 = LINE('',#15924,#15925);
#15924 = CARTESIAN_POINT('',(0.,26.66));
#15925 = VECTOR('',#15926,1.);
#15926 = DIRECTION('',(1.,0.));
#15927 = ( GEOMETRIC_REPRESENTATION_CONTEXT(2) 
PARAMETRIC_REPRESENTATION_CONTEXT() REPRESENTATION_CONTEXT('2D SPACE',''
  ) );
#15928 = PCURVE('',#15773,#15929);
#15929 = DEFINITIONAL_REPRESENTATION('',(#15930),#15934);
#15930 = LINE('',#15931,#15932);
#15931 = CARTESIAN_POINT('',(102.8,0.));
#15932 = VECTOR('',#15933,1.);
#15933 = DIRECTION('',(0.,1.));
#15934 = ( GEOMETRIC_REPRESENTATION_CONTEXT(2) 
PARAMETRIC_REPRESENTATION_CONTEXT() REPRESENTATION_CONTEXT('2D SPACE',''
  ) );
#15935 = FACE_BOUND('',#15936,.T.);
#15936 = EDGE_LOOP('',(#15937));
#15937 = ORIENTED_EDGE('',*,*,#15938,.F.);
#15938 = EDGE_CURVE('',#15939,#15939,#15941,.T.);
#15939 = VERTEX_POINT('',#15940);
#15940 = CARTESIAN_POINT('',(212.74,-130.67,102.8));
#15941 = SURFACE_CURVE('',#15942,(#15947,#15954),.PCURVE_S1.);
#15942 = CIRCLE('',#15943,5.44);
#15943 = AXIS2_PLACEMENT_3D('',#15944,#15945,#15946);
#15944 = CARTESIAN_POINT('',(207.3,-130.67,102.8));
#15945 = DIRECTION('',(0.,0.,1.));
#15946 = DIRECTION('',(1.,0.,0.));
#15947 = PCURVE('',#15799,#15948);
#15948 = DEFINITIONAL_REPRESENTATION('',(#15949),#15953);
#15949 = CIRCLE('',#15950,5.44);
#15950 = AXIS2_PLACEMENT_2D('',#15951,#15952);
#15951 = CARTESIAN_POINT('',(129.42,13.33));
#15952 = DIRECTION('',(1.,0.));
#15953 = ( GEOMETRIC_REPRESENTATION_CONTEXT(2) 
PARAMETRIC_REPRESENTATION_CONTEXT() REPRESENTATION_CONTEXT('2D SPACE',''
  ) );
#15954 = PCURVE('',#15955,#15960);
#15955 = CYLINDRICAL_SURFACE('',#15956,5.44);
#15956 = AXIS2_PLACEMENT_3D('',#15957,#15958,#15959);
#15957 = CARTESIAN_POINT('',(207.3,-130.67,102.8));
#15958 = DIRECTION('',(0.,0.,1.));
#15959 = DIRECTION('',(1.,0.,0.));
#15960 = DEFINITIONAL_REPRESENTATION('',(#15961),#15965);
#15961 = LINE('',#15962,#15963);
#15962 = CARTESIAN_POINT('',(0.,0.));
#15963 = VECTOR('',#15964,1.);
#15964 = DIRECTION('',(1.,0.));
#15965 = ( GEOMETRIC_REPRESENTATION_CONTEXT(2) 
PARAMETRIC_REPRESENTATION_CONTEXT() REPRESENTATION_CONTEXT('2D SPACE',''
  ) );
#15966 = FACE_BOUND('',#15967,.T.);
#15967 = EDGE_LOOP('',(#15968));
#15968 = ORIENTED_EDGE('',*,*,#15969,.F.);
#15969 = EDGE_CURVE('',#15970,#15970,#15972,.T.);
#15970 = VERTEX_POINT('',#15971);
#15971 = CARTESIAN_POINT('',(102.14,-130.67,102.8));
#15972 = SURFACE_CURVE('',#15973,(#15978,#15985),.PCURVE_S1.);
#15973 = CIRCLE('',#15974,5.44);
#15974 = AXIS2_PLACEMENT_3D('',#15975,#15976,#15977);
#15975 = CARTESIAN_POINT('',(96.7,-130.67,102.8));
#15976 = DIRECTION('',(0.,0.,1.));
#15977 = DIRECTION('',(1.,0.,0.));
#15978 = PCURVE('',#15799,#15979);
#15979 = DEFINITIONAL_REPRESENTATION('',(#15980),#15984);
#15980 = CIRCLE('',#15981,5.44);
#15981 = AXIS2_PLACEMENT_2D('',#15982,#15983);
#15982 = CARTESIAN_POINT('',(18.82,13.33));
#15983 = DIRECTION('',(1.,0.));
#15984 = ( GEOMETRIC_REPRESENTATION_CONTEXT(2) 
PARAMETRIC_REPRESENTATION_CONTEXT() REPRESENTATION_CONTEXT('2D SPACE',''
  ) );
#15985 = PCURVE('',#15986,#15991);
#15986 = CYLINDRICAL_SURFACE('',#15987,5.44);
#15987 = AXIS2_PLACEMENT_3D('',#15988,#15989,#15990);
#15988 = CARTESIAN_POINT('',(96.7,-130.67,102.8));
#15989 = DIRECTION('',(0.,0.,1.));
#15990 = DIRECTION('',(1.,0.,0.));
#15991 = DEFINITIONAL_REPRESENTATION('',(#15992),#15996);
#15992 = LINE('',#15993,#15994);
#15993 = CARTESIAN_POINT('',(0.,0.));
#15994 = VECTOR('',#15995,1.);
#15995 = DIRECTION('',(1.,0.));
#15996 = ( GEOMETRIC_REPRESENTATION_CONTEXT(2) 
PARAMETRIC_REPRESENTATION_CONTEXT() REPRESENTATION_CONTEXT('2D SPACE',''
  ) );
#15997 = ADVANCED_FACE('',(#15998),#15773,.T.);
#15998 = FACE_BOUND('',#15999,.T.);
#15999 = EDGE_LOOP('',(#16000,#16023,#16024,#16025));
#16000 = ORIENTED_EDGE('',*,*,#16001,.F.);
#16001 = EDGE_CURVE('',#15730,#16002,#16004,.T.);
#16002 = VERTEX_POINT('',#16003);
#16003 = CARTESIAN_POINT('',(226.12,-117.34,0.));
#16004 = SURFACE_CURVE('',#16005,(#16009,#16016),.PCURVE_S1.);
#16005 = LINE('',#16006,#16007);
#16006 = CARTESIAN_POINT('',(77.88,-117.34,0.));
#16007 = VECTOR('',#16008,1.);
#16008 = DIRECTION('',(1.,0.,0.));
#16009 = PCURVE('',#15773,#16010);
#16010 = DEFINITIONAL_REPRESENTATION('',(#16011),#16015);
#16011 = LINE('',#16012,#16013);
#16012 = CARTESIAN_POINT('',(0.,0.));
#16013 = VECTOR('',#16014,1.);
#16014 = DIRECTION('',(0.,1.));
#16015 = ( GEOMETRIC_REPRESENTATION_CONTEXT(2) 
PARAMETRIC_REPRESENTATION_CONTEXT() REPRESENTATION_CONTEXT('2D SPACE',''
  ) );
#16016 = PCURVE('',#15745,#16017);
#16017 = DEFINITIONAL_REPRESENTATION('',(#16018),#16022);
#16018 = LINE('',#16019,#16020);
#16019 = CARTESIAN_POINT('',(0.,26.66));
#16020 = VECTOR('',#16021,1.);
#16021 = DIRECTION('',(1.,0.));
#16022 = ( GEOMETRIC_REPRESENTATION_CONTEXT(2) 
PARAMETRIC_REPRESENTATION_CONTEXT() REPRESENTATION_CONTEXT('2D SPACE',''
  ) );
#16023 = ORIENTED_EDGE('',*,*,#15757,.T.);
#16024 = ORIENTED_EDGE('',*,*,#15915,.T.);
#16025 = ORIENTED_EDGE('',*,*,#16026,.F.);
#16026 = EDGE_CURVE('',#16002,#15893,#16027,.T.);
#16027 = SURFACE_CURVE('',#16028,(#16032,#16039),.PCURVE_S1.);
#16028 = LINE('',#16029,#16030);
#16029 = CARTESIAN_POINT('',(226.12,-117.34,0.));
#16030 = VECTOR('',#16031,1.);
#16031 = DIRECTION('',(0.,0.,1.));
#16032 = PCURVE('',#15773,#16033);
#16033 = DEFINITIONAL_REPRESENTATION('',(#16034),#16038);
#16034 = LINE('',#16035,#16036);
#16035 = CARTESIAN_POINT('',(0.,148.24));
#16036 = VECTOR('',#16037,1.);
#16037 = DIRECTION('',(1.,0.));
#16038 = ( GEOMETRIC_REPRESENTATION_CONTEXT(2) 
PARAMETRIC_REPRESENTATION_CONTEXT() REPRESENTATION_CONTEXT('2D SPACE',''
  ) );
#16039 = PCURVE('',#15875,#16040);
#16040 = DEFINITIONAL_REPRESENTATION('',(#16041),#16045);
#16041 = LINE('',#16042,#16043);
#16042 = CARTESIAN_POINT('',(0.,-26.66));
#16043 = VECTOR('',#16044,1.);
#16044 = DIRECTION('',(1.,0.));
#16045 = ( GEOMETRIC_REPRESENTATION_CONTEXT(2) 
PARAMETRIC_REPRESENTATION_CONTEXT() REPRESENTATION_CONTEXT('2D SPACE',''
  ) );
#16046 = ADVANCED_FACE('',(#16047),#15745,.F.);
#16047 = FACE_BOUND('',#16048,.F.);
#16048 = EDGE_LOOP('',(#16049,#16050,#16051,#16072));
#16049 = ORIENTED_EDGE('',*,*,#15729,.F.);
#16050 = ORIENTED_EDGE('',*,*,#15814,.T.);
#16051 = ORIENTED_EDGE('',*,*,#16052,.T.);
#16052 = EDGE_CURVE('',#15815,#16002,#16053,.T.);
#16053 = SURFACE_CURVE('',#16054,(#16058,#16065),.PCURVE_S1.);
#16054 = LINE('',#16055,#16056);
#16055 = CARTESIAN_POINT('',(226.12,-144.,0.));
#16056 = VECTOR('',#16057,1.);
#16057 = DIRECTION('',(0.,1.,0.));
#16058 = PCURVE('',#15745,#16059);
#16059 = DEFINITIONAL_REPRESENTATION('',(#16060),#16064);
#16060 = LINE('',#16061,#16062);
#16061 = CARTESIAN_POINT('',(148.24,0.));
#16062 = VECTOR('',#16063,1.);
#16063 = DIRECTION('',(0.,1.));
#16064 = ( GEOMETRIC_REPRESENTATION_CONTEXT(2) 
PARAMETRIC_REPRESENTATION_CONTEXT() REPRESENTATION_CONTEXT('2D SPACE',''
  ) );
#16065 = PCURVE('',#15875,#16066);
#16066 = DEFINITIONAL_REPRESENTATION('',(#16067),#16071);
#16067 = LINE('',#16068,#16069);
#16068 = CARTESIAN_POINT('',(0.,0.));
#16069 = VECTOR('',#16070,1.);
#16070 = DIRECTION('',(0.,-1.));
#16071 = ( GEOMETRIC_REPRESENTATION_CONTEXT(2) 
PARAMETRIC_REPRESENTATION_CONTEXT() REPRESENTATION_CONTEXT('2D SPACE',''
  ) );
#16072 = ORIENTED_EDGE('',*,*,#16001,.F.);
#16073 = ADVANCED_FACE('',(#16074),#15875,.T.);
#16074 = FACE_BOUND('',#16075,.T.);
#16075 = EDGE_LOOP('',(#16076,#16077,#16078,#16079));
#16076 = ORIENTED_EDGE('',*,*,#15861,.F.);
#16077 = ORIENTED_EDGE('',*,*,#16052,.T.);
#16078 = ORIENTED_EDGE('',*,*,#16026,.T.);
#16079 = ORIENTED_EDGE('',*,*,#15892,.F.);
#16080 = ADVANCED_FACE('',(#16081),#15955,.T.);
#16081 = FACE_BOUND('',#16082,.T.);
#16082 = EDGE_LOOP('',(#16083,#16112,#16133,#16134));
#16083 = ORIENTED_EDGE('',*,*,#16084,.F.);
#16084 = EDGE_CURVE('',#16085,#16085,#16087,.T.);
#16085 = VERTEX_POINT('',#16086);
#16086 = CARTESIAN_POINT('',(212.74,-130.67,105.9));
#16087 = SURFACE_CURVE('',#16088,(#16093,#16100),.PCURVE_S1.);
#16088 = CIRCLE('',#16089,5.44);
#16089 = AXIS2_PLACEMENT_3D('',#16090,#16091,#16092);
#16090 = CARTESIAN_POINT('',(207.3,-130.67,105.9));
#16091 = DIRECTION('',(0.,0.,1.));
#16092 = DIRECTION('',(1.,0.,0.));
#16093 = PCURVE('',#15955,#16094);
#16094 = DEFINITIONAL_REPRESENTATION('',(#16095),#16099);
#16095 = LINE('',#16096,#16097);
#16096 = CARTESIAN_POINT('',(0.,3.1));
#16097 = VECTOR('',#16098,1.);
#16098 = DIRECTION('',(1.,0.));
#16099 = ( GEOMETRIC_REPRESENTATION_CONTEXT(2) 
PARAMETRIC_REPRESENTATION_CONTEXT() REPRESENTATION_CONTEXT('2D SPACE',''
  ) );
#16100 = PCURVE('',#16101,#16106);
#16101 = PLANE('',#16102);
#16102 = AXIS2_PLACEMENT_3D('',#16103,#16104,#16105);
#16103 = CARTESIAN_POINT('',(207.3,-130.67,105.9));
#16104 = DIRECTION('',(0.,0.,1.));
#16105 = DIRECTION('',(1.,0.,0.));
#16106 = DEFINITIONAL_REPRESENTATION('',(#16107),#16111);
#16107 = CIRCLE('',#16108,5.44);
#16108 = AXIS2_PLACEMENT_2D('',#16109,#16110);
#16109 = CARTESIAN_POINT('',(0.,0.));
#16110 = DIRECTION('',(1.,0.));
#16111 = ( GEOMETRIC_REPRESENTATION_CONTEXT(2) 
PARAMETRIC_REPRESENTATION_CONTEXT() REPRESENTATION_CONTEXT('2D SPACE',''
  ) );
#16112 = ORIENTED_EDGE('',*,*,#16113,.F.);
#16113 = EDGE_CURVE('',#15939,#16085,#16114,.T.);
#16114 = SEAM_CURVE('',#16115,(#16119,#16126),.PCURVE_S1.);
#16115 = LINE('',#16116,#16117);
#16116 = CARTESIAN_POINT('',(212.74,-130.67,102.8));
#16117 = VECTOR('',#16118,1.);
#16118 = DIRECTION('',(0.,0.,1.));
#16119 = PCURVE('',#15955,#16120);
#16120 = DEFINITIONAL_REPRESENTATION('',(#16121),#16125);
#16121 = LINE('',#16122,#16123);
#16122 = CARTESIAN_POINT('',(6.28318530718,-0.));
#16123 = VECTOR('',#16124,1.);
#16124 = DIRECTION('',(0.,1.));
#16125 = ( GEOMETRIC_REPRESENTATION_CONTEXT(2) 
PARAMETRIC_REPRESENTATION_CONTEXT() REPRESENTATION_CONTEXT('2D SPACE',''
  ) );
#16126 = PCURVE('',#15955,#16127);
#16127 = DEFINITIONAL_REPRESENTATION('',(#16128),#16132);
#16128 = LINE('',#16129,#16130);
#16129 = CARTESIAN_POINT('',(0.,-0.));
#16130 = VECTOR('',#16131,1.);
#16131 = DIRECTION('',(0.,1.));
#16132 = ( GEOMETRIC_REPRESENTATION_CONTEXT(2) 
PARAMETRIC_REPRESENTATION_CONTEXT() REPRESENTATION_CONTEXT('2D SPACE',''
  ) );
#16133 = ORIENTED_EDGE('',*,*,#15938,.T.);
#16134 = ORIENTED_EDGE('',*,*,#16113,.T.);
#16135 = ADVANCED_FACE('',(#16136),#15986,.T.);
#16136 = FACE_BOUND('',#16137,.T.);
#16137 = EDGE_LOOP('',(#16138,#16167,#16188,#16189));
#16138 = ORIENTED_EDGE('',*,*,#16139,.F.);
#16139 = EDGE_CURVE('',#16140,#16140,#16142,.T.);
#16140 = VERTEX_POINT('',#16141);
#16141 = CARTESIAN_POINT('',(102.14,-130.67,105.9));
#16142 = SURFACE_CURVE('',#16143,(#16148,#16155),.PCURVE_S1.);
#16143 = CIRCLE('',#16144,5.44);
#16144 = AXIS2_PLACEMENT_3D('',#16145,#16146,#16147);
#16145 = CARTESIAN_POINT('',(96.7,-130.67,105.9));
#16146 = DIRECTION('',(0.,0.,1.));
#16147 = DIRECTION('',(1.,0.,0.));
#16148 = PCURVE('',#15986,#16149);
#16149 = DEFINITIONAL_REPRESENTATION('',(#16150),#16154);
#16150 = LINE('',#16151,#16152);
#16151 = CARTESIAN_POINT('',(0.,3.1));
#16152 = VECTOR('',#16153,1.);
#16153 = DIRECTION('',(1.,0.));
#16154 = ( GEOMETRIC_REPRESENTATION_CONTEXT(2) 
PARAMETRIC_REPRESENTATION_CONTEXT() REPRESENTATION_CONTEXT('2D SPACE',''
  ) );
#16155 = PCURVE('',#16156,#16161);
#16156 = PLANE('',#16157);
#16157 = AXIS2_PLACEMENT_3D('',#16158,#16159,#16160);
#16158 = CARTESIAN_POINT('',(96.7,-130.67,105.9));
#16159 = DIRECTION('',(0.,0.,1.));
#16160 = DIRECTION('',(1.,0.,0.));
#16161 = DEFINITIONAL_REPRESENTATION('',(#16162),#16166);
#16162 = CIRCLE('',#16163,5.44);
#16163 = AXIS2_PLACEMENT_2D('',#16164,#16165);
#16164 = CARTESIAN_POINT('',(0.,0.));
#16165 = DIRECTION('',(1.,0.));
#16166 = ( GEOMETRIC_REPRESENTATION_CONTEXT(2) 
PARAMETRIC_REPRESENTATION_CONTEXT() REPRESENTATION_CONTEXT('2D SPACE',''
  ) );
#16167 = ORIENTED_EDGE('',*,*,#16168,.F.);
#16168 = EDGE_CURVE('',#15970,#16140,#16169,.T.);
#16169 = SEAM_CURVE('',#16170,(#16174,#16181),.PCURVE_S1.);
#16170 = LINE('',#16171,#16172);
#16171 = CARTESIAN_POINT('',(102.14,-130.67,102.8));
#16172 = VECTOR('',#16173,1.);
#16173 = DIRECTION('',(0.,0.,1.));
#16174 = PCURVE('',#15986,#16175);
#16175 = DEFINITIONAL_REPRESENTATION('',(#16176),#16180);
#16176 = LINE('',#16177,#16178);
#16177 = CARTESIAN_POINT('',(6.28318530718,-0.));
#16178 = VECTOR('',#16179,1.);
#16179 = DIRECTION('',(0.,1.));
#16180 = ( GEOMETRIC_REPRESENTATION_CONTEXT(2) 
PARAMETRIC_REPRESENTATION_CONTEXT() REPRESENTATION_CONTEXT('2D SPACE',''
  ) );
#16181 = PCURVE('',#15986,#16182);
#16182 = DEFINITIONAL_REPRESENTATION('',(#16183),#16187);
#16183 = LINE('',#16184,#16185);
#16184 = CARTESIAN_POINT('',(0.,-0.));
#16185 = VECTOR('',#16186,1.);
#16186 = DIRECTION('',(0.,1.));
#16187 = ( GEOMETRIC_REPRESENTATION_CONTEXT(2) 
PARAMETRIC_REPRESENTATION_CONTEXT() REPRESENTATION_CONTEXT('2D SPACE',''
  ) );
#16188 = ORIENTED_EDGE('',*,*,#15969,.T.);
#16189 = ORIENTED_EDGE('',*,*,#16168,.T.);
#16190 = ADVANCED_FACE('',(#16191),#16101,.T.);
#16191 = FACE_BOUND('',#16192,.T.);
#16192 = EDGE_LOOP('',(#16193));
#16193 = ORIENTED_EDGE('',*,*,#16084,.T.);
#16194 = ADVANCED_FACE('',(#16195),#16156,.T.);
#16195 = FACE_BOUND('',#16196,.T.);
#16196 = EDGE_LOOP('',(#16197));
#16197 = ORIENTED_EDGE('',*,*,#16139,.T.);
#16198 = MANIFOLD_SOLID_BREP('',#16199);
#16199 = CLOSED_SHELL('',(#16200,#16320,#16396,#16507,#16556,#16583,
    #16590,#16645,#16700,#16704));
#16200 = ADVANCED_FACE('',(#16201),#16215,.F.);
#16201 = FACE_BOUND('',#16202,.F.);
#16202 = EDGE_LOOP('',(#16203,#16238,#16266,#16294));
#16203 = ORIENTED_EDGE('',*,*,#16204,.F.);
#16204 = EDGE_CURVE('',#16205,#16207,#16209,.T.);
#16205 = VERTEX_POINT('',#16206);
#16206 = CARTESIAN_POINT('',(226.12,-87.68,0.));
#16207 = VERTEX_POINT('',#16208);
#16208 = CARTESIAN_POINT('',(226.12,-87.68,102.8));
#16209 = SURFACE_CURVE('',#16210,(#16214,#16226),.PCURVE_S1.);
#16210 = LINE('',#16211,#16212);
#16211 = CARTESIAN_POINT('',(226.12,-87.68,0.));
#16212 = VECTOR('',#16213,1.);
#16213 = DIRECTION('',(0.,0.,1.));
#16214 = PCURVE('',#16215,#16220);
#16215 = PLANE('',#16216);
#16216 = AXIS2_PLACEMENT_3D('',#16217,#16218,#16219);
#16217 = CARTESIAN_POINT('',(226.12,-87.68,0.));
#16218 = DIRECTION('',(-1.,1.224646799147E-16,0.));
#16219 = DIRECTION('',(0.,0.,1.));
#16220 = DEFINITIONAL_REPRESENTATION('',(#16221),#16225);
#16221 = LINE('',#16222,#16223);
#16222 = CARTESIAN_POINT('',(0.,0.));
#16223 = VECTOR('',#16224,1.);
#16224 = DIRECTION('',(1.,0.));
#16225 = ( GEOMETRIC_REPRESENTATION_CONTEXT(2) 
PARAMETRIC_REPRESENTATION_CONTEXT() REPRESENTATION_CONTEXT('2D SPACE',''
  ) );
#16226 = PCURVE('',#16227,#16232);
#16227 = PLANE('',#16228);
#16228 = AXIS2_PLACEMENT_3D('',#16229,#16230,#16231);
#16229 = CARTESIAN_POINT('',(226.12,-87.68,0.));
#16230 = DIRECTION('',(-1.224646799147E-16,-1.,0.));
#16231 = DIRECTION('',(0.,0.,1.));
#16232 = DEFINITIONAL_REPRESENTATION('',(#16233),#16237);
#16233 = LINE('',#16234,#16235);
#16234 = CARTESIAN_POINT('',(0.,0.));
#16235 = VECTOR('',#16236,1.);
#16236 = DIRECTION('',(1.,0.));
#16237 = ( GEOMETRIC_REPRESENTATION_CONTEXT(2) 
PARAMETRIC_REPRESENTATION_CONTEXT() REPRESENTATION_CONTEXT('2D SPACE',''
  ) );
#16238 = ORIENTED_EDGE('',*,*,#16239,.T.);
#16239 = EDGE_CURVE('',#16205,#16240,#16242,.T.);
#16240 = VERTEX_POINT('',#16241);
#16241 = CARTESIAN_POINT('',(226.12,-114.34,0.));
#16242 = SURFACE_CURVE('',#16243,(#16247,#16254),.PCURVE_S1.);
#16243 = LINE('',#16244,#16245);
#16244 = CARTESIAN_POINT('',(226.12,-87.68,0.));
#16245 = VECTOR('',#16246,1.);
#16246 = DIRECTION('',(-1.224646799147E-16,-1.,0.));
#16247 = PCURVE('',#16215,#16248);
#16248 = DEFINITIONAL_REPRESENTATION('',(#16249),#16253);
#16249 = LINE('',#16250,#16251);
#16250 = CARTESIAN_POINT('',(0.,0.));
#16251 = VECTOR('',#16252,1.);
#16252 = DIRECTION('',(0.,-1.));
#16253 = ( GEOMETRIC_REPRESENTATION_CONTEXT(2) 
PARAMETRIC_REPRESENTATION_CONTEXT() REPRESENTATION_CONTEXT('2D SPACE',''
  ) );
#16254 = PCURVE('',#16255,#16260);
#16255 = PLANE('',#16256);
#16256 = AXIS2_PLACEMENT_3D('',#16257,#16258,#16259);
#16257 = CARTESIAN_POINT('',(226.12,-87.68,0.));
#16258 = DIRECTION('',(0.,0.,1.));
#16259 = DIRECTION('',(-1.,1.224646799147E-16,0.));
#16260 = DEFINITIONAL_REPRESENTATION('',(#16261),#16265);
#16261 = LINE('',#16262,#16263);
#16262 = CARTESIAN_POINT('',(0.,0.));
#16263 = VECTOR('',#16264,1.);
#16264 = DIRECTION('',(0.,1.));
#16265 = ( GEOMETRIC_REPRESENTATION_CONTEXT(2) 
PARAMETRIC_REPRESENTATION_CONTEXT() REPRESENTATION_CONTEXT('2D SPACE',''
  ) );
#16266 = ORIENTED_EDGE('',*,*,#16267,.T.);
#16267 = EDGE_CURVE('',#16240,#16268,#16270,.T.);
#16268 = VERTEX_POINT('',#16269);
#16269 = CARTESIAN_POINT('',(226.12,-114.34,102.8));
#16270 = SURFACE_CURVE('',#16271,(#16275,#16282),.PCURVE_S1.);
#16271 = LINE('',#16272,#16273);
#16272 = CARTESIAN_POINT('',(226.12,-114.34,0.));
#16273 = VECTOR('',#16274,1.);
#16274 = DIRECTION('',(0.,0.,1.));
#16275 = PCURVE('',#16215,#16276);
#16276 = DEFINITIONAL_REPRESENTATION('',(#16277),#16281);
#16277 = LINE('',#16278,#16279);
#16278 = CARTESIAN_POINT('',(0.,-26.66));
#16279 = VECTOR('',#16280,1.);
#16280 = DIRECTION('',(1.,0.));
#16281 = ( GEOMETRIC_REPRESENTATION_CONTEXT(2) 
PARAMETRIC_REPRESENTATION_CONTEXT() REPRESENTATION_CONTEXT('2D SPACE',''
  ) );
#16282 = PCURVE('',#16283,#16288);
#16283 = PLANE('',#16284);
#16284 = AXIS2_PLACEMENT_3D('',#16285,#16286,#16287);
#16285 = CARTESIAN_POINT('',(226.12,-114.34,0.));
#16286 = DIRECTION('',(-1.224646799147E-16,-1.,0.));
#16287 = DIRECTION('',(0.,0.,1.));
#16288 = DEFINITIONAL_REPRESENTATION('',(#16289),#16293);
#16289 = LINE('',#16290,#16291);
#16290 = CARTESIAN_POINT('',(0.,0.));
#16291 = VECTOR('',#16292,1.);
#16292 = DIRECTION('',(1.,0.));
#16293 = ( GEOMETRIC_REPRESENTATION_CONTEXT(2) 
PARAMETRIC_REPRESENTATION_CONTEXT() REPRESENTATION_CONTEXT('2D SPACE',''
  ) );
#16294 = ORIENTED_EDGE('',*,*,#16295,.F.);
#16295 = EDGE_CURVE('',#16207,#16268,#16296,.T.);
#16296 = SURFACE_CURVE('',#16297,(#16301,#16308),.PCURVE_S1.);
#16297 = LINE('',#16298,#16299);
#16298 = CARTESIAN_POINT('',(226.12,-87.68,102.8));
#16299 = VECTOR('',#16300,1.);
#16300 = DIRECTION('',(-1.224646799147E-16,-1.,0.));
#16301 = PCURVE('',#16215,#16302);
#16302 = DEFINITIONAL_REPRESENTATION('',(#16303),#16307);
#16303 = LINE('',#16304,#16305);
#16304 = CARTESIAN_POINT('',(102.8,0.));
#16305 = VECTOR('',#16306,1.);
#16306 = DIRECTION('',(0.,-1.));
#16307 = ( GEOMETRIC_REPRESENTATION_CONTEXT(2) 
PARAMETRIC_REPRESENTATION_CONTEXT() REPRESENTATION_CONTEXT('2D SPACE',''
  ) );
#16308 = PCURVE('',#16309,#16314);
#16309 = PLANE('',#16310);
#16310 = AXIS2_PLACEMENT_3D('',#16311,#16312,#16313);
#16311 = CARTESIAN_POINT('',(226.12,-87.68,102.8));
#16312 = DIRECTION('',(0.,0.,1.));
#16313 = DIRECTION('',(-1.,1.224646799147E-16,0.));
#16314 = DEFINITIONAL_REPRESENTATION('',(#16315),#16319);
#16315 = LINE('',#16316,#16317);
#16316 = CARTESIAN_POINT('',(0.,0.));
#16317 = VECTOR('',#16318,1.);
#16318 = DIRECTION('',(0.,1.));
#16319 = ( GEOMETRIC_REPRESENTATION_CONTEXT(2) 
PARAMETRIC_REPRESENTATION_CONTEXT() REPRESENTATION_CONTEXT('2D SPACE',''
  ) );
#16320 = ADVANCED_FACE('',(#16321),#16227,.F.);
#16321 = FACE_BOUND('',#16322,.F.);
#16322 = EDGE_LOOP('',(#16323,#16346,#16347,#16370));
#16323 = ORIENTED_EDGE('',*,*,#16324,.F.);
#16324 = EDGE_CURVE('',#16205,#16325,#16327,.T.);
#16325 = VERTEX_POINT('',#16326);
#16326 = CARTESIAN_POINT('',(77.88,-87.68,0.));
#16327 = SURFACE_CURVE('',#16328,(#16332,#16339),.PCURVE_S1.);
#16328 = LINE('',#16329,#16330);
#16329 = CARTESIAN_POINT('',(226.12,-87.68,0.));
#16330 = VECTOR('',#16331,1.);
#16331 = DIRECTION('',(-1.,1.224646799147E-16,0.));
#16332 = PCURVE('',#16227,#16333);
#16333 = DEFINITIONAL_REPRESENTATION('',(#16334),#16338);
#16334 = LINE('',#16335,#16336);
#16335 = CARTESIAN_POINT('',(0.,0.));
#16336 = VECTOR('',#16337,1.);
#16337 = DIRECTION('',(0.,1.));
#16338 = ( GEOMETRIC_REPRESENTATION_CONTEXT(2) 
PARAMETRIC_REPRESENTATION_CONTEXT() REPRESENTATION_CONTEXT('2D SPACE',''
  ) );
#16339 = PCURVE('',#16255,#16340);
#16340 = DEFINITIONAL_REPRESENTATION('',(#16341),#16345);
#16341 = LINE('',#16342,#16343);
#16342 = CARTESIAN_POINT('',(0.,0.));
#16343 = VECTOR('',#16344,1.);
#16344 = DIRECTION('',(1.,0.));
#16345 = ( GEOMETRIC_REPRESENTATION_CONTEXT(2) 
PARAMETRIC_REPRESENTATION_CONTEXT() REPRESENTATION_CONTEXT('2D SPACE',''
  ) );
#16346 = ORIENTED_EDGE('',*,*,#16204,.T.);
#16347 = ORIENTED_EDGE('',*,*,#16348,.T.);
#16348 = EDGE_CURVE('',#16207,#16349,#16351,.T.);
#16349 = VERTEX_POINT('',#16350);
#16350 = CARTESIAN_POINT('',(77.88,-87.68,102.8));
#16351 = SURFACE_CURVE('',#16352,(#16356,#16363),.PCURVE_S1.);
#16352 = LINE('',#16353,#16354);
#16353 = CARTESIAN_POINT('',(226.12,-87.68,102.8));
#16354 = VECTOR('',#16355,1.);
#16355 = DIRECTION('',(-1.,1.224646799147E-16,0.));
#16356 = PCURVE('',#16227,#16357);
#16357 = DEFINITIONAL_REPRESENTATION('',(#16358),#16362);
#16358 = LINE('',#16359,#16360);
#16359 = CARTESIAN_POINT('',(102.8,0.));
#16360 = VECTOR('',#16361,1.);
#16361 = DIRECTION('',(0.,1.));
#16362 = ( GEOMETRIC_REPRESENTATION_CONTEXT(2) 
PARAMETRIC_REPRESENTATION_CONTEXT() REPRESENTATION_CONTEXT('2D SPACE',''
  ) );
#16363 = PCURVE('',#16309,#16364);
#16364 = DEFINITIONAL_REPRESENTATION('',(#16365),#16369);
#16365 = LINE('',#16366,#16367);
#16366 = CARTESIAN_POINT('',(0.,0.));
#16367 = VECTOR('',#16368,1.);
#16368 = DIRECTION('',(1.,0.));
#16369 = ( GEOMETRIC_REPRESENTATION_CONTEXT(2) 
PARAMETRIC_REPRESENTATION_CONTEXT() REPRESENTATION_CONTEXT('2D SPACE',''
  ) );
#16370 = ORIENTED_EDGE('',*,*,#16371,.F.);
#16371 = EDGE_CURVE('',#16325,#16349,#16372,.T.);
#16372 = SURFACE_CURVE('',#16373,(#16377,#16384),.PCURVE_S1.);
#16373 = LINE('',#16374,#16375);
#16374 = CARTESIAN_POINT('',(77.88,-87.68,0.));
#16375 = VECTOR('',#16376,1.);
#16376 = DIRECTION('',(0.,0.,1.));
#16377 = PCURVE('',#16227,#16378);
#16378 = DEFINITIONAL_REPRESENTATION('',(#16379),#16383);
#16379 = LINE('',#16380,#16381);
#16380 = CARTESIAN_POINT('',(0.,148.24));
#16381 = VECTOR('',#16382,1.);
#16382 = DIRECTION('',(1.,0.));
#16383 = ( GEOMETRIC_REPRESENTATION_CONTEXT(2) 
PARAMETRIC_REPRESENTATION_CONTEXT() REPRESENTATION_CONTEXT('2D SPACE',''
  ) );
#16384 = PCURVE('',#16385,#16390);
#16385 = PLANE('',#16386);
#16386 = AXIS2_PLACEMENT_3D('',#16387,#16388,#16389);
#16387 = CARTESIAN_POINT('',(77.88,-87.68,0.));
#16388 = DIRECTION('',(-1.,1.224646799147E-16,0.));
#16389 = DIRECTION('',(0.,0.,1.));
#16390 = DEFINITIONAL_REPRESENTATION('',(#16391),#16395);
#16391 = LINE('',#16392,#16393);
#16392 = CARTESIAN_POINT('',(0.,0.));
#16393 = VECTOR('',#16394,1.);
#16394 = DIRECTION('',(1.,0.));
#16395 = ( GEOMETRIC_REPRESENTATION_CONTEXT(2) 
PARAMETRIC_REPRESENTATION_CONTEXT() REPRESENTATION_CONTEXT('2D SPACE',''
  ) );
#16396 = ADVANCED_FACE('',(#16397,#16445,#16476),#16309,.T.);
#16397 = FACE_BOUND('',#16398,.T.);
#16398 = EDGE_LOOP('',(#16399,#16400,#16401,#16424));
#16399 = ORIENTED_EDGE('',*,*,#16295,.F.);
#16400 = ORIENTED_EDGE('',*,*,#16348,.T.);
#16401 = ORIENTED_EDGE('',*,*,#16402,.T.);
#16402 = EDGE_CURVE('',#16349,#16403,#16405,.T.);
#16403 = VERTEX_POINT('',#16404);
#16404 = CARTESIAN_POINT('',(77.88,-114.34,102.8));
#16405 = SURFACE_CURVE('',#16406,(#16410,#16417),.PCURVE_S1.);
#16406 = LINE('',#16407,#16408);
#16407 = CARTESIAN_POINT('',(77.88,-87.68,102.8));
#16408 = VECTOR('',#16409,1.);
#16409 = DIRECTION('',(-1.224646799147E-16,-1.,0.));
#16410 = PCURVE('',#16309,#16411);
#16411 = DEFINITIONAL_REPRESENTATION('',(#16412),#16416);
#16412 = LINE('',#16413,#16414);
#16413 = CARTESIAN_POINT('',(148.24,0.));
#16414 = VECTOR('',#16415,1.);
#16415 = DIRECTION('',(0.,1.));
#16416 = ( GEOMETRIC_REPRESENTATION_CONTEXT(2) 
PARAMETRIC_REPRESENTATION_CONTEXT() REPRESENTATION_CONTEXT('2D SPACE',''
  ) );
#16417 = PCURVE('',#16385,#16418);
#16418 = DEFINITIONAL_REPRESENTATION('',(#16419),#16423);
#16419 = LINE('',#16420,#16421);
#16420 = CARTESIAN_POINT('',(102.8,0.));
#16421 = VECTOR('',#16422,1.);
#16422 = DIRECTION('',(0.,-1.));
#16423 = ( GEOMETRIC_REPRESENTATION_CONTEXT(2) 
PARAMETRIC_REPRESENTATION_CONTEXT() REPRESENTATION_CONTEXT('2D SPACE',''
  ) );
#16424 = ORIENTED_EDGE('',*,*,#16425,.F.);
#16425 = EDGE_CURVE('',#16268,#16403,#16426,.T.);
#16426 = SURFACE_CURVE('',#16427,(#16431,#16438),.PCURVE_S1.);
#16427 = LINE('',#16428,#16429);
#16428 = CARTESIAN_POINT('',(226.12,-114.34,102.8));
#16429 = VECTOR('',#16430,1.);
#16430 = DIRECTION('',(-1.,1.224646799147E-16,0.));
#16431 = PCURVE('',#16309,#16432);
#16432 = DEFINITIONAL_REPRESENTATION('',(#16433),#16437);
#16433 = LINE('',#16434,#16435);
#16434 = CARTESIAN_POINT('',(0.,26.66));
#16435 = VECTOR('',#16436,1.);
#16436 = DIRECTION('',(1.,0.));
#16437 = ( GEOMETRIC_REPRESENTATION_CONTEXT(2) 
PARAMETRIC_REPRESENTATION_CONTEXT() REPRESENTATION_CONTEXT('2D SPACE',''
  ) );
#16438 = PCURVE('',#16283,#16439);
#16439 = DEFINITIONAL_REPRESENTATION('',(#16440),#16444);
#16440 = LINE('',#16441,#16442);
#16441 = CARTESIAN_POINT('',(102.8,0.));
#16442 = VECTOR('',#16443,1.);
#16443 = DIRECTION('',(0.,1.));
#16444 = ( GEOMETRIC_REPRESENTATION_CONTEXT(2) 
PARAMETRIC_REPRESENTATION_CONTEXT() REPRESENTATION_CONTEXT('2D SPACE',''
  ) );
#16445 = FACE_BOUND('',#16446,.T.);
#16446 = EDGE_LOOP('',(#16447));
#16447 = ORIENTED_EDGE('',*,*,#16448,.F.);
#16448 = EDGE_CURVE('',#16449,#16449,#16451,.T.);
#16449 = VERTEX_POINT('',#16450);
#16450 = CARTESIAN_POINT('',(91.26,-101.01,102.8));
#16451 = SURFACE_CURVE('',#16452,(#16457,#16464),.PCURVE_S1.);
#16452 = CIRCLE('',#16453,5.44);
#16453 = AXIS2_PLACEMENT_3D('',#16454,#16455,#16456);
#16454 = CARTESIAN_POINT('',(96.7,-101.01,102.8));
#16455 = DIRECTION('',(0.,0.,1.));
#16456 = DIRECTION('',(-1.,1.224646799147E-16,0.));
#16457 = PCURVE('',#16309,#16458);
#16458 = DEFINITIONAL_REPRESENTATION('',(#16459),#16463);
#16459 = CIRCLE('',#16460,5.44);
#16460 = AXIS2_PLACEMENT_2D('',#16461,#16462);
#16461 = CARTESIAN_POINT('',(129.42,13.33));
#16462 = DIRECTION('',(1.,0.));
#16463 = ( GEOMETRIC_REPRESENTATION_CONTEXT(2) 
PARAMETRIC_REPRESENTATION_CONTEXT() REPRESENTATION_CONTEXT('2D SPACE',''
  ) );
#16464 = PCURVE('',#16465,#16470);
#16465 = CYLINDRICAL_SURFACE('',#16466,5.44);
#16466 = AXIS2_PLACEMENT_3D('',#16467,#16468,#16469);
#16467 = CARTESIAN_POINT('',(96.7,-101.01,102.8));
#16468 = DIRECTION('',(0.,0.,1.));
#16469 = DIRECTION('',(-1.,1.224646799147E-16,0.));
#16470 = DEFINITIONAL_REPRESENTATION('',(#16471),#16475);
#16471 = LINE('',#16472,#16473);
#16472 = CARTESIAN_POINT('',(0.,0.));
#16473 = VECTOR('',#16474,1.);
#16474 = DIRECTION('',(1.,0.));
#16475 = ( GEOMETRIC_REPRESENTATION_CONTEXT(2) 
PARAMETRIC_REPRESENTATION_CONTEXT() REPRESENTATION_CONTEXT('2D SPACE',''
  ) );
#16476 = FACE_BOUND('',#16477,.T.);
#16477 = EDGE_LOOP('',(#16478));
#16478 = ORIENTED_EDGE('',*,*,#16479,.F.);
#16479 = EDGE_CURVE('',#16480,#16480,#16482,.T.);
#16480 = VERTEX_POINT('',#16481);
#16481 = CARTESIAN_POINT('',(201.86,-101.01,102.8));
#16482 = SURFACE_CURVE('',#16483,(#16488,#16495),.PCURVE_S1.);
#16483 = CIRCLE('',#16484,5.44);
#16484 = AXIS2_PLACEMENT_3D('',#16485,#16486,#16487);
#16485 = CARTESIAN_POINT('',(207.3,-101.01,102.8));
#16486 = DIRECTION('',(0.,0.,1.));
#16487 = DIRECTION('',(-1.,1.224646799147E-16,0.));
#16488 = PCURVE('',#16309,#16489);
#16489 = DEFINITIONAL_REPRESENTATION('',(#16490),#16494);
#16490 = CIRCLE('',#16491,5.44);
#16491 = AXIS2_PLACEMENT_2D('',#16492,#16493);
#16492 = CARTESIAN_POINT('',(18.82,13.33));
#16493 = DIRECTION('',(1.,0.));
#16494 = ( GEOMETRIC_REPRESENTATION_CONTEXT(2) 
PARAMETRIC_REPRESENTATION_CONTEXT() REPRESENTATION_CONTEXT('2D SPACE',''
  ) );
#16495 = PCURVE('',#16496,#16501);
#16496 = CYLINDRICAL_SURFACE('',#16497,5.44);
#16497 = AXIS2_PLACEMENT_3D('',#16498,#16499,#16500);
#16498 = CARTESIAN_POINT('',(207.3,-101.01,102.8));
#16499 = DIRECTION('',(0.,0.,1.));
#16500 = DIRECTION('',(-1.,1.224646799147E-16,0.));
#16501 = DEFINITIONAL_REPRESENTATION('',(#16502),#16506);
#16502 = LINE('',#16503,#16504);
#16503 = CARTESIAN_POINT('',(0.,0.));
#16504 = VECTOR('',#16505,1.);
#16505 = DIRECTION('',(1.,0.));
#16506 = ( GEOMETRIC_REPRESENTATION_CONTEXT(2) 
PARAMETRIC_REPRESENTATION_CONTEXT() REPRESENTATION_CONTEXT('2D SPACE',''
  ) );
#16507 = ADVANCED_FACE('',(#16508),#16283,.T.);
#16508 = FACE_BOUND('',#16509,.T.);
#16509 = EDGE_LOOP('',(#16510,#16533,#16534,#16535));
#16510 = ORIENTED_EDGE('',*,*,#16511,.F.);
#16511 = EDGE_CURVE('',#16240,#16512,#16514,.T.);
#16512 = VERTEX_POINT('',#16513);
#16513 = CARTESIAN_POINT('',(77.88,-114.34,0.));
#16514 = SURFACE_CURVE('',#16515,(#16519,#16526),.PCURVE_S1.);
#16515 = LINE('',#16516,#16517);
#16516 = CARTESIAN_POINT('',(226.12,-114.34,0.));
#16517 = VECTOR('',#16518,1.);
#16518 = DIRECTION('',(-1.,1.224646799147E-16,0.));
#16519 = PCURVE('',#16283,#16520);
#16520 = DEFINITIONAL_REPRESENTATION('',(#16521),#16525);
#16521 = LINE('',#16522,#16523);
#16522 = CARTESIAN_POINT('',(0.,0.));
#16523 = VECTOR('',#16524,1.);
#16524 = DIRECTION('',(0.,1.));
#16525 = ( GEOMETRIC_REPRESENTATION_CONTEXT(2) 
PARAMETRIC_REPRESENTATION_CONTEXT() REPRESENTATION_CONTEXT('2D SPACE',''
  ) );
#16526 = PCURVE('',#16255,#16527);
#16527 = DEFINITIONAL_REPRESENTATION('',(#16528),#16532);
#16528 = LINE('',#16529,#16530);
#16529 = CARTESIAN_POINT('',(0.,26.66));
#16530 = VECTOR('',#16531,1.);
#16531 = DIRECTION('',(1.,0.));
#16532 = ( GEOMETRIC_REPRESENTATION_CONTEXT(2) 
PARAMETRIC_REPRESENTATION_CONTEXT() REPRESENTATION_CONTEXT('2D SPACE',''
  ) );
#16533 = ORIENTED_EDGE('',*,*,#16267,.T.);
#16534 = ORIENTED_EDGE('',*,*,#16425,.T.);
#16535 = ORIENTED_EDGE('',*,*,#16536,.F.);
#16536 = EDGE_CURVE('',#16512,#16403,#16537,.T.);
#16537 = SURFACE_CURVE('',#16538,(#16542,#16549),.PCURVE_S1.);
#16538 = LINE('',#16539,#16540);
#16539 = CARTESIAN_POINT('',(77.88,-114.34,0.));
#16540 = VECTOR('',#16541,1.);
#16541 = DIRECTION('',(0.,0.,1.));
#16542 = PCURVE('',#16283,#16543);
#16543 = DEFINITIONAL_REPRESENTATION('',(#16544),#16548);
#16544 = LINE('',#16545,#16546);
#16545 = CARTESIAN_POINT('',(0.,148.24));
#16546 = VECTOR('',#16547,1.);
#16547 = DIRECTION('',(1.,0.));
#16548 = ( GEOMETRIC_REPRESENTATION_CONTEXT(2) 
PARAMETRIC_REPRESENTATION_CONTEXT() REPRESENTATION_CONTEXT('2D SPACE',''
  ) );
#16549 = PCURVE('',#16385,#16550);
#16550 = DEFINITIONAL_REPRESENTATION('',(#16551),#16555);
#16551 = LINE('',#16552,#16553);
#16552 = CARTESIAN_POINT('',(0.,-26.66));
#16553 = VECTOR('',#16554,1.);
#16554 = DIRECTION('',(1.,0.));
#16555 = ( GEOMETRIC_REPRESENTATION_CONTEXT(2) 
PARAMETRIC_REPRESENTATION_CONTEXT() REPRESENTATION_CONTEXT('2D SPACE',''
  ) );
#16556 = ADVANCED_FACE('',(#16557),#16255,.F.);
#16557 = FACE_BOUND('',#16558,.F.);
#16558 = EDGE_LOOP('',(#16559,#16560,#16561,#16582));
#16559 = ORIENTED_EDGE('',*,*,#16239,.F.);
#16560 = ORIENTED_EDGE('',*,*,#16324,.T.);
#16561 = ORIENTED_EDGE('',*,*,#16562,.T.);
#16562 = EDGE_CURVE('',#16325,#16512,#16563,.T.);
#16563 = SURFACE_CURVE('',#16564,(#16568,#16575),.PCURVE_S1.);
#16564 = LINE('',#16565,#16566);
#16565 = CARTESIAN_POINT('',(77.88,-87.68,0.));
#16566 = VECTOR('',#16567,1.);
#16567 = DIRECTION('',(-1.224646799147E-16,-1.,0.));
#16568 = PCURVE('',#16255,#16569);
#16569 = DEFINITIONAL_REPRESENTATION('',(#16570),#16574);
#16570 = LINE('',#16571,#16572);
#16571 = CARTESIAN_POINT('',(148.24,0.));
#16572 = VECTOR('',#16573,1.);
#16573 = DIRECTION('',(0.,1.));
#16574 = ( GEOMETRIC_REPRESENTATION_CONTEXT(2) 
PARAMETRIC_REPRESENTATION_CONTEXT() REPRESENTATION_CONTEXT('2D SPACE',''
  ) );
#16575 = PCURVE('',#16385,#16576);
#16576 = DEFINITIONAL_REPRESENTATION('',(#16577),#16581);
#16577 = LINE('',#16578,#16579);
#16578 = CARTESIAN_POINT('',(0.,0.));
#16579 = VECTOR('',#16580,1.);
#16580 = DIRECTION('',(0.,-1.));
#16581 = ( GEOMETRIC_REPRESENTATION_CONTEXT(2) 
PARAMETRIC_REPRESENTATION_CONTEXT() REPRESENTATION_CONTEXT('2D SPACE',''
  ) );
#16582 = ORIENTED_EDGE('',*,*,#16511,.F.);
#16583 = ADVANCED_FACE('',(#16584),#16385,.T.);
#16584 = FACE_BOUND('',#16585,.T.);
#16585 = EDGE_LOOP('',(#16586,#16587,#16588,#16589));
#16586 = ORIENTED_EDGE('',*,*,#16371,.F.);
#16587 = ORIENTED_EDGE('',*,*,#16562,.T.);
#16588 = ORIENTED_EDGE('',*,*,#16536,.T.);
#16589 = ORIENTED_EDGE('',*,*,#16402,.F.);
#16590 = ADVANCED_FACE('',(#16591),#16465,.T.);
#16591 = FACE_BOUND('',#16592,.T.);
#16592 = EDGE_LOOP('',(#16593,#16622,#16643,#16644));
#16593 = ORIENTED_EDGE('',*,*,#16594,.F.);
#16594 = EDGE_CURVE('',#16595,#16595,#16597,.T.);
#16595 = VERTEX_POINT('',#16596);
#16596 = CARTESIAN_POINT('',(91.26,-101.01,105.9));
#16597 = SURFACE_CURVE('',#16598,(#16603,#16610),.PCURVE_S1.);
#16598 = CIRCLE('',#16599,5.44);
#16599 = AXIS2_PLACEMENT_3D('',#16600,#16601,#16602);
#16600 = CARTESIAN_POINT('',(96.7,-101.01,105.9));
#16601 = DIRECTION('',(0.,0.,1.));
#16602 = DIRECTION('',(-1.,1.224646799147E-16,0.));
#16603 = PCURVE('',#16465,#16604);
#16604 = DEFINITIONAL_REPRESENTATION('',(#16605),#16609);
#16605 = LINE('',#16606,#16607);
#16606 = CARTESIAN_POINT('',(0.,3.1));
#16607 = VECTOR('',#16608,1.);
#16608 = DIRECTION('',(1.,0.));
#16609 = ( GEOMETRIC_REPRESENTATION_CONTEXT(2) 
PARAMETRIC_REPRESENTATION_CONTEXT() REPRESENTATION_CONTEXT('2D SPACE',''
  ) );
#16610 = PCURVE('',#16611,#16616);
#16611 = PLANE('',#16612);
#16612 = AXIS2_PLACEMENT_3D('',#16613,#16614,#16615);
#16613 = CARTESIAN_POINT('',(96.7,-101.01,105.9));
#16614 = DIRECTION('',(0.,0.,1.));
#16615 = DIRECTION('',(-1.,1.224646799147E-16,0.));
#16616 = DEFINITIONAL_REPRESENTATION('',(#16617),#16621);
#16617 = CIRCLE('',#16618,5.44);
#16618 = AXIS2_PLACEMENT_2D('',#16619,#16620);
#16619 = CARTESIAN_POINT('',(0.,0.));
#16620 = DIRECTION('',(1.,0.));
#16621 = ( GEOMETRIC_REPRESENTATION_CONTEXT(2) 
PARAMETRIC_REPRESENTATION_CONTEXT() REPRESENTATION_CONTEXT('2D SPACE',''
  ) );
#16622 = ORIENTED_EDGE('',*,*,#16623,.F.);
#16623 = EDGE_CURVE('',#16449,#16595,#16624,.T.);
#16624 = SEAM_CURVE('',#16625,(#16629,#16636),.PCURVE_S1.);
#16625 = LINE('',#16626,#16627);
#16626 = CARTESIAN_POINT('',(91.26,-101.01,102.8));
#16627 = VECTOR('',#16628,1.);
#16628 = DIRECTION('',(0.,0.,1.));
#16629 = PCURVE('',#16465,#16630);
#16630 = DEFINITIONAL_REPRESENTATION('',(#16631),#16635);
#16631 = LINE('',#16632,#16633);
#16632 = CARTESIAN_POINT('',(6.28318530718,-0.));
#16633 = VECTOR('',#16634,1.);
#16634 = DIRECTION('',(0.,1.));
#16635 = ( GEOMETRIC_REPRESENTATION_CONTEXT(2) 
PARAMETRIC_REPRESENTATION_CONTEXT() REPRESENTATION_CONTEXT('2D SPACE',''
  ) );
#16636 = PCURVE('',#16465,#16637);
#16637 = DEFINITIONAL_REPRESENTATION('',(#16638),#16642);
#16638 = LINE('',#16639,#16640);
#16639 = CARTESIAN_POINT('',(0.,-0.));
#16640 = VECTOR('',#16641,1.);
#16641 = DIRECTION('',(0.,1.));
#16642 = ( GEOMETRIC_REPRESENTATION_CONTEXT(2) 
PARAMETRIC_REPRESENTATION_CONTEXT() REPRESENTATION_CONTEXT('2D SPACE',''
  ) );
#16643 = ORIENTED_EDGE('',*,*,#16448,.T.);
#16644 = ORIENTED_EDGE('',*,*,#16623,.T.);
#16645 = ADVANCED_FACE('',(#16646),#16496,.T.);
#16646 = FACE_BOUND('',#16647,.T.);
#16647 = EDGE_LOOP('',(#16648,#16677,#16698,#16699));
#16648 = ORIENTED_EDGE('',*,*,#16649,.F.);
#16649 = EDGE_CURVE('',#16650,#16650,#16652,.T.);
#16650 = VERTEX_POINT('',#16651);
#16651 = CARTESIAN_POINT('',(201.86,-101.01,105.9));
#16652 = SURFACE_CURVE('',#16653,(#16658,#16665),.PCURVE_S1.);
#16653 = CIRCLE('',#16654,5.44);
#16654 = AXIS2_PLACEMENT_3D('',#16655,#16656,#16657);
#16655 = CARTESIAN_POINT('',(207.3,-101.01,105.9));
#16656 = DIRECTION('',(0.,0.,1.));
#16657 = DIRECTION('',(-1.,1.224646799147E-16,0.));
#16658 = PCURVE('',#16496,#16659);
#16659 = DEFINITIONAL_REPRESENTATION('',(#16660),#16664);
#16660 = LINE('',#16661,#16662);
#16661 = CARTESIAN_POINT('',(0.,3.1));
#16662 = VECTOR('',#16663,1.);
#16663 = DIRECTION('',(1.,0.));
#16664 = ( GEOMETRIC_REPRESENTATION_CONTEXT(2) 
PARAMETRIC_REPRESENTATION_CONTEXT() REPRESENTATION_CONTEXT('2D SPACE',''
  ) );
#16665 = PCURVE('',#16666,#16671);
#16666 = PLANE('',#16667);
#16667 = AXIS2_PLACEMENT_3D('',#16668,#16669,#16670);
#16668 = CARTESIAN_POINT('',(207.3,-101.01,105.9));
#16669 = DIRECTION('',(0.,0.,1.));
#16670 = DIRECTION('',(-1.,1.224646799147E-16,0.));
#16671 = DEFINITIONAL_REPRESENTATION('',(#16672),#16676);
#16672 = CIRCLE('',#16673,5.44);
#16673 = AXIS2_PLACEMENT_2D('',#16674,#16675);
#16674 = CARTESIAN_POINT('',(0.,0.));
#16675 = DIRECTION('',(1.,0.));
#16676 = ( GEOMETRIC_REPRESENTATION_CONTEXT(2) 
PARAMETRIC_REPRESENTATION_CONTEXT() REPRESENTATION_CONTEXT('2D SPACE',''
  ) );
#16677 = ORIENTED_EDGE('',*,*,#16678,.F.);
#16678 = EDGE_CURVE('',#16480,#16650,#16679,.T.);
#16679 = SEAM_CURVE('',#16680,(#16684,#16691),.PCURVE_S1.);
#16680 = LINE('',#16681,#16682);
#16681 = CARTESIAN_POINT('',(201.86,-101.01,102.8));
#16682 = VECTOR('',#16683,1.);
#16683 = DIRECTION('',(0.,0.,1.));
#16684 = PCURVE('',#16496,#16685);
#16685 = DEFINITIONAL_REPRESENTATION('',(#16686),#16690);
#16686 = LINE('',#16687,#16688);
#16687 = CARTESIAN_POINT('',(6.28318530718,-0.));
#16688 = VECTOR('',#16689,1.);
#16689 = DIRECTION('',(0.,1.));
#16690 = ( GEOMETRIC_REPRESENTATION_CONTEXT(2) 
PARAMETRIC_REPRESENTATION_CONTEXT() REPRESENTATION_CONTEXT('2D SPACE',''
  ) );
#16691 = PCURVE('',#16496,#16692);
#16692 = DEFINITIONAL_REPRESENTATION('',(#16693),#16697);
#16693 = LINE('',#16694,#16695);
#16694 = CARTESIAN_POINT('',(0.,-0.));
#16695 = VECTOR('',#16696,1.);
#16696 = DIRECTION('',(0.,1.));
#16697 = ( GEOMETRIC_REPRESENTATION_CONTEXT(2) 
PARAMETRIC_REPRESENTATION_CONTEXT() REPRESENTATION_CONTEXT('2D SPACE',''
  ) );
#16698 = ORIENTED_EDGE('',*,*,#16479,.T.);
#16699 = ORIENTED_EDGE('',*,*,#16678,.T.);
#16700 = ADVANCED_FACE('',(#16701),#16611,.T.);
#16701 = FACE_BOUND('',#16702,.T.);
#16702 = EDGE_LOOP('',(#16703));
#16703 = ORIENTED_EDGE('',*,*,#16594,.T.);
#16704 = ADVANCED_FACE('',(#16705),#16666,.T.);
#16705 = FACE_BOUND('',#16706,.T.);
#16706 = EDGE_LOOP('',(#16707));
#16707 = ORIENTED_EDGE('',*,*,#16649,.T.);
#16708 = MANIFOLD_SOLID_BREP('',#16709);
#16709 = CLOSED_SHELL('',(#16710,#16830,#16906,#17017,#17066,#17093,
    #17100,#17155,#17210,#17214));
#16710 = ADVANCED_FACE('',(#16711),#16725,.F.);
#16711 = FACE_BOUND('',#16712,.F.);
#16712 = EDGE_LOOP('',(#16713,#16748,#16776,#16804));
#16713 = ORIENTED_EDGE('',*,*,#16714,.F.);
#16714 = EDGE_CURVE('',#16715,#16717,#16719,.T.);
#16715 = VERTEX_POINT('',#16716);
#16716 = CARTESIAN_POINT('',(77.88,-84.68,0.));
#16717 = VERTEX_POINT('',#16718);
#16718 = CARTESIAN_POINT('',(77.88,-84.68,102.8));
#16719 = SURFACE_CURVE('',#16720,(#16724,#16736),.PCURVE_S1.);
#16720 = LINE('',#16721,#16722);
#16721 = CARTESIAN_POINT('',(77.88,-84.68,0.));
#16722 = VECTOR('',#16723,1.);
#16723 = DIRECTION('',(0.,0.,1.));
#16724 = PCURVE('',#16725,#16730);
#16725 = PLANE('',#16726);
#16726 = AXIS2_PLACEMENT_3D('',#16727,#16728,#16729);
#16727 = CARTESIAN_POINT('',(77.88,-84.68,0.));
#16728 = DIRECTION('',(1.,0.,0.));
#16729 = DIRECTION('',(0.,0.,1.));
#16730 = DEFINITIONAL_REPRESENTATION('',(#16731),#16735);
#16731 = LINE('',#16732,#16733);
#16732 = CARTESIAN_POINT('',(0.,0.));
#16733 = VECTOR('',#16734,1.);
#16734 = DIRECTION('',(1.,0.));
#16735 = ( GEOMETRIC_REPRESENTATION_CONTEXT(2) 
PARAMETRIC_REPRESENTATION_CONTEXT() REPRESENTATION_CONTEXT('2D SPACE',''
  ) );
#16736 = PCURVE('',#16737,#16742);
#16737 = PLANE('',#16738);
#16738 = AXIS2_PLACEMENT_3D('',#16739,#16740,#16741);
#16739 = CARTESIAN_POINT('',(77.88,-84.68,0.));
#16740 = DIRECTION('',(0.,1.,0.));
#16741 = DIRECTION('',(0.,0.,1.));
#16742 = DEFINITIONAL_REPRESENTATION('',(#16743),#16747);
#16743 = LINE('',#16744,#16745);
#16744 = CARTESIAN_POINT('',(0.,0.));
#16745 = VECTOR('',#16746,1.);
#16746 = DIRECTION('',(1.,0.));
#16747 = ( GEOMETRIC_REPRESENTATION_CONTEXT(2) 
PARAMETRIC_REPRESENTATION_CONTEXT() REPRESENTATION_CONTEXT('2D SPACE',''
  ) );
#16748 = ORIENTED_EDGE('',*,*,#16749,.T.);
#16749 = EDGE_CURVE('',#16715,#16750,#16752,.T.);
#16750 = VERTEX_POINT('',#16751);
#16751 = CARTESIAN_POINT('',(77.88,-58.02,0.));
#16752 = SURFACE_CURVE('',#16753,(#16757,#16764),.PCURVE_S1.);
#16753 = LINE('',#16754,#16755);
#16754 = CARTESIAN_POINT('',(77.88,-84.68,0.));
#16755 = VECTOR('',#16756,1.);
#16756 = DIRECTION('',(0.,1.,0.));
#16757 = PCURVE('',#16725,#16758);
#16758 = DEFINITIONAL_REPRESENTATION('',(#16759),#16763);
#16759 = LINE('',#16760,#16761);
#16760 = CARTESIAN_POINT('',(0.,0.));
#16761 = VECTOR('',#16762,1.);
#16762 = DIRECTION('',(0.,-1.));
#16763 = ( GEOMETRIC_REPRESENTATION_CONTEXT(2) 
PARAMETRIC_REPRESENTATION_CONTEXT() REPRESENTATION_CONTEXT('2D SPACE',''
  ) );
#16764 = PCURVE('',#16765,#16770);
#16765 = PLANE('',#16766);
#16766 = AXIS2_PLACEMENT_3D('',#16767,#16768,#16769);
#16767 = CARTESIAN_POINT('',(77.88,-84.68,0.));
#16768 = DIRECTION('',(0.,0.,1.));
#16769 = DIRECTION('',(1.,0.,0.));
#16770 = DEFINITIONAL_REPRESENTATION('',(#16771),#16775);
#16771 = LINE('',#16772,#16773);
#16772 = CARTESIAN_POINT('',(0.,0.));
#16773 = VECTOR('',#16774,1.);
#16774 = DIRECTION('',(0.,1.));
#16775 = ( GEOMETRIC_REPRESENTATION_CONTEXT(2) 
PARAMETRIC_REPRESENTATION_CONTEXT() REPRESENTATION_CONTEXT('2D SPACE',''
  ) );
#16776 = ORIENTED_EDGE('',*,*,#16777,.T.);
#16777 = EDGE_CURVE('',#16750,#16778,#16780,.T.);
#16778 = VERTEX_POINT('',#16779);
#16779 = CARTESIAN_POINT('',(77.88,-58.02,102.8));
#16780 = SURFACE_CURVE('',#16781,(#16785,#16792),.PCURVE_S1.);
#16781 = LINE('',#16782,#16783);
#16782 = CARTESIAN_POINT('',(77.88,-58.02,0.));
#16783 = VECTOR('',#16784,1.);
#16784 = DIRECTION('',(0.,0.,1.));
#16785 = PCURVE('',#16725,#16786);
#16786 = DEFINITIONAL_REPRESENTATION('',(#16787),#16791);
#16787 = LINE('',#16788,#16789);
#16788 = CARTESIAN_POINT('',(0.,-26.66));
#16789 = VECTOR('',#16790,1.);
#16790 = DIRECTION('',(1.,0.));
#16791 = ( GEOMETRIC_REPRESENTATION_CONTEXT(2) 
PARAMETRIC_REPRESENTATION_CONTEXT() REPRESENTATION_CONTEXT('2D SPACE',''
  ) );
#16792 = PCURVE('',#16793,#16798);
#16793 = PLANE('',#16794);
#16794 = AXIS2_PLACEMENT_3D('',#16795,#16796,#16797);
#16795 = CARTESIAN_POINT('',(77.88,-58.02,0.));
#16796 = DIRECTION('',(0.,1.,0.));
#16797 = DIRECTION('',(0.,0.,1.));
#16798 = DEFINITIONAL_REPRESENTATION('',(#16799),#16803);
#16799 = LINE('',#16800,#16801);
#16800 = CARTESIAN_POINT('',(0.,0.));
#16801 = VECTOR('',#16802,1.);
#16802 = DIRECTION('',(1.,0.));
#16803 = ( GEOMETRIC_REPRESENTATION_CONTEXT(2) 
PARAMETRIC_REPRESENTATION_CONTEXT() REPRESENTATION_CONTEXT('2D SPACE',''
  ) );
#16804 = ORIENTED_EDGE('',*,*,#16805,.F.);
#16805 = EDGE_CURVE('',#16717,#16778,#16806,.T.);
#16806 = SURFACE_CURVE('',#16807,(#16811,#16818),.PCURVE_S1.);
#16807 = LINE('',#16808,#16809);
#16808 = CARTESIAN_POINT('',(77.88,-84.68,102.8));
#16809 = VECTOR('',#16810,1.);
#16810 = DIRECTION('',(0.,1.,0.));
#16811 = PCURVE('',#16725,#16812);
#16812 = DEFINITIONAL_REPRESENTATION('',(#16813),#16817);
#16813 = LINE('',#16814,#16815);
#16814 = CARTESIAN_POINT('',(102.8,0.));
#16815 = VECTOR('',#16816,1.);
#16816 = DIRECTION('',(0.,-1.));
#16817 = ( GEOMETRIC_REPRESENTATION_CONTEXT(2) 
PARAMETRIC_REPRESENTATION_CONTEXT() REPRESENTATION_CONTEXT('2D SPACE',''
  ) );
#16818 = PCURVE('',#16819,#16824);
#16819 = PLANE('',#16820);
#16820 = AXIS2_PLACEMENT_3D('',#16821,#16822,#16823);
#16821 = CARTESIAN_POINT('',(77.88,-84.68,102.8));
#16822 = DIRECTION('',(0.,0.,1.));
#16823 = DIRECTION('',(1.,0.,0.));
#16824 = DEFINITIONAL_REPRESENTATION('',(#16825),#16829);
#16825 = LINE('',#16826,#16827);
#16826 = CARTESIAN_POINT('',(0.,0.));
#16827 = VECTOR('',#16828,1.);
#16828 = DIRECTION('',(0.,1.));
#16829 = ( GEOMETRIC_REPRESENTATION_CONTEXT(2) 
PARAMETRIC_REPRESENTATION_CONTEXT() REPRESENTATION_CONTEXT('2D SPACE',''
  ) );
#16830 = ADVANCED_FACE('',(#16831),#16737,.F.);
#16831 = FACE_BOUND('',#16832,.F.);
#16832 = EDGE_LOOP('',(#16833,#16856,#16857,#16880));
#16833 = ORIENTED_EDGE('',*,*,#16834,.F.);
#16834 = EDGE_CURVE('',#16715,#16835,#16837,.T.);
#16835 = VERTEX_POINT('',#16836);
#16836 = CARTESIAN_POINT('',(226.12,-84.68,0.));
#16837 = SURFACE_CURVE('',#16838,(#16842,#16849),.PCURVE_S1.);
#16838 = LINE('',#16839,#16840);
#16839 = CARTESIAN_POINT('',(77.88,-84.68,0.));
#16840 = VECTOR('',#16841,1.);
#16841 = DIRECTION('',(1.,0.,0.));
#16842 = PCURVE('',#16737,#16843);
#16843 = DEFINITIONAL_REPRESENTATION('',(#16844),#16848);
#16844 = LINE('',#16845,#16846);
#16845 = CARTESIAN_POINT('',(0.,0.));
#16846 = VECTOR('',#16847,1.);
#16847 = DIRECTION('',(0.,1.));
#16848 = ( GEOMETRIC_REPRESENTATION_CONTEXT(2) 
PARAMETRIC_REPRESENTATION_CONTEXT() REPRESENTATION_CONTEXT('2D SPACE',''
  ) );
#16849 = PCURVE('',#16765,#16850);
#16850 = DEFINITIONAL_REPRESENTATION('',(#16851),#16855);
#16851 = LINE('',#16852,#16853);
#16852 = CARTESIAN_POINT('',(0.,0.));
#16853 = VECTOR('',#16854,1.);
#16854 = DIRECTION('',(1.,0.));
#16855 = ( GEOMETRIC_REPRESENTATION_CONTEXT(2) 
PARAMETRIC_REPRESENTATION_CONTEXT() REPRESENTATION_CONTEXT('2D SPACE',''
  ) );
#16856 = ORIENTED_EDGE('',*,*,#16714,.T.);
#16857 = ORIENTED_EDGE('',*,*,#16858,.T.);
#16858 = EDGE_CURVE('',#16717,#16859,#16861,.T.);
#16859 = VERTEX_POINT('',#16860);
#16860 = CARTESIAN_POINT('',(226.12,-84.68,102.8));
#16861 = SURFACE_CURVE('',#16862,(#16866,#16873),.PCURVE_S1.);
#16862 = LINE('',#16863,#16864);
#16863 = CARTESIAN_POINT('',(77.88,-84.68,102.8));
#16864 = VECTOR('',#16865,1.);
#16865 = DIRECTION('',(1.,0.,0.));
#16866 = PCURVE('',#16737,#16867);
#16867 = DEFINITIONAL_REPRESENTATION('',(#16868),#16872);
#16868 = LINE('',#16869,#16870);
#16869 = CARTESIAN_POINT('',(102.8,0.));
#16870 = VECTOR('',#16871,1.);
#16871 = DIRECTION('',(0.,1.));
#16872 = ( GEOMETRIC_REPRESENTATION_CONTEXT(2) 
PARAMETRIC_REPRESENTATION_CONTEXT() REPRESENTATION_CONTEXT('2D SPACE',''
  ) );
#16873 = PCURVE('',#16819,#16874);
#16874 = DEFINITIONAL_REPRESENTATION('',(#16875),#16879);
#16875 = LINE('',#16876,#16877);
#16876 = CARTESIAN_POINT('',(0.,0.));
#16877 = VECTOR('',#16878,1.);
#16878 = DIRECTION('',(1.,0.));
#16879 = ( GEOMETRIC_REPRESENTATION_CONTEXT(2) 
PARAMETRIC_REPRESENTATION_CONTEXT() REPRESENTATION_CONTEXT('2D SPACE',''
  ) );
#16880 = ORIENTED_EDGE('',*,*,#16881,.F.);
#16881 = EDGE_CURVE('',#16835,#16859,#16882,.T.);
#16882 = SURFACE_CURVE('',#16883,(#16887,#16894),.PCURVE_S1.);
#16883 = LINE('',#16884,#16885);
#16884 = CARTESIAN_POINT('',(226.12,-84.68,0.));
#16885 = VECTOR('',#16886,1.);
#16886 = DIRECTION('',(0.,0.,1.));
#16887 = PCURVE('',#16737,#16888);
#16888 = DEFINITIONAL_REPRESENTATION('',(#16889),#16893);
#16889 = LINE('',#16890,#16891);
#16890 = CARTESIAN_POINT('',(0.,148.24));
#16891 = VECTOR('',#16892,1.);
#16892 = DIRECTION('',(1.,0.));
#16893 = ( GEOMETRIC_REPRESENTATION_CONTEXT(2) 
PARAMETRIC_REPRESENTATION_CONTEXT() REPRESENTATION_CONTEXT('2D SPACE',''
  ) );
#16894 = PCURVE('',#16895,#16900);
#16895 = PLANE('',#16896);
#16896 = AXIS2_PLACEMENT_3D('',#16897,#16898,#16899);
#16897 = CARTESIAN_POINT('',(226.12,-84.68,0.));
#16898 = DIRECTION('',(1.,0.,0.));
#16899 = DIRECTION('',(0.,0.,1.));
#16900 = DEFINITIONAL_REPRESENTATION('',(#16901),#16905);
#16901 = LINE('',#16902,#16903);
#16902 = CARTESIAN_POINT('',(0.,0.));
#16903 = VECTOR('',#16904,1.);
#16904 = DIRECTION('',(1.,0.));
#16905 = ( GEOMETRIC_REPRESENTATION_CONTEXT(2) 
PARAMETRIC_REPRESENTATION_CONTEXT() REPRESENTATION_CONTEXT('2D SPACE',''
  ) );
#16906 = ADVANCED_FACE('',(#16907,#16955,#16986),#16819,.T.);
#16907 = FACE_BOUND('',#16908,.T.);
#16908 = EDGE_LOOP('',(#16909,#16910,#16911,#16934));
#16909 = ORIENTED_EDGE('',*,*,#16805,.F.);
#16910 = ORIENTED_EDGE('',*,*,#16858,.T.);
#16911 = ORIENTED_EDGE('',*,*,#16912,.T.);
#16912 = EDGE_CURVE('',#16859,#16913,#16915,.T.);
#16913 = VERTEX_POINT('',#16914);
#16914 = CARTESIAN_POINT('',(226.12,-58.02,102.8));
#16915 = SURFACE_CURVE('',#16916,(#16920,#16927),.PCURVE_S1.);
#16916 = LINE('',#16917,#16918);
#16917 = CARTESIAN_POINT('',(226.12,-84.68,102.8));
#16918 = VECTOR('',#16919,1.);
#16919 = DIRECTION('',(0.,1.,0.));
#16920 = PCURVE('',#16819,#16921);
#16921 = DEFINITIONAL_REPRESENTATION('',(#16922),#16926);
#16922 = LINE('',#16923,#16924);
#16923 = CARTESIAN_POINT('',(148.24,0.));
#16924 = VECTOR('',#16925,1.);
#16925 = DIRECTION('',(0.,1.));
#16926 = ( GEOMETRIC_REPRESENTATION_CONTEXT(2) 
PARAMETRIC_REPRESENTATION_CONTEXT() REPRESENTATION_CONTEXT('2D SPACE',''
  ) );
#16927 = PCURVE('',#16895,#16928);
#16928 = DEFINITIONAL_REPRESENTATION('',(#16929),#16933);
#16929 = LINE('',#16930,#16931);
#16930 = CARTESIAN_POINT('',(102.8,0.));
#16931 = VECTOR('',#16932,1.);
#16932 = DIRECTION('',(0.,-1.));
#16933 = ( GEOMETRIC_REPRESENTATION_CONTEXT(2) 
PARAMETRIC_REPRESENTATION_CONTEXT() REPRESENTATION_CONTEXT('2D SPACE',''
  ) );
#16934 = ORIENTED_EDGE('',*,*,#16935,.F.);
#16935 = EDGE_CURVE('',#16778,#16913,#16936,.T.);
#16936 = SURFACE_CURVE('',#16937,(#16941,#16948),.PCURVE_S1.);
#16937 = LINE('',#16938,#16939);
#16938 = CARTESIAN_POINT('',(77.88,-58.02,102.8));
#16939 = VECTOR('',#16940,1.);
#16940 = DIRECTION('',(1.,0.,0.));
#16941 = PCURVE('',#16819,#16942);
#16942 = DEFINITIONAL_REPRESENTATION('',(#16943),#16947);
#16943 = LINE('',#16944,#16945);
#16944 = CARTESIAN_POINT('',(0.,26.66));
#16945 = VECTOR('',#16946,1.);
#16946 = DIRECTION('',(1.,0.));
#16947 = ( GEOMETRIC_REPRESENTATION_CONTEXT(2) 
PARAMETRIC_REPRESENTATION_CONTEXT() REPRESENTATION_CONTEXT('2D SPACE',''
  ) );
#16948 = PCURVE('',#16793,#16949);
#16949 = DEFINITIONAL_REPRESENTATION('',(#16950),#16954);
#16950 = LINE('',#16951,#16952);
#16951 = CARTESIAN_POINT('',(102.8,0.));
#16952 = VECTOR('',#16953,1.);
#16953 = DIRECTION('',(0.,1.));
#16954 = ( GEOMETRIC_REPRESENTATION_CONTEXT(2) 
PARAMETRIC_REPRESENTATION_CONTEXT() REPRESENTATION_CONTEXT('2D SPACE',''
  ) );
#16955 = FACE_BOUND('',#16956,.T.);
#16956 = EDGE_LOOP('',(#16957));
#16957 = ORIENTED_EDGE('',*,*,#16958,.F.);
#16958 = EDGE_CURVE('',#16959,#16959,#16961,.T.);
#16959 = VERTEX_POINT('',#16960);
#16960 = CARTESIAN_POINT('',(212.74,-71.35,102.8));
#16961 = SURFACE_CURVE('',#16962,(#16967,#16974),.PCURVE_S1.);
#16962 = CIRCLE('',#16963,5.44);
#16963 = AXIS2_PLACEMENT_3D('',#16964,#16965,#16966);
#16964 = CARTESIAN_POINT('',(207.3,-71.35,102.8));
#16965 = DIRECTION('',(0.,0.,1.));
#16966 = DIRECTION('',(1.,0.,0.));
#16967 = PCURVE('',#16819,#16968);
#16968 = DEFINITIONAL_REPRESENTATION('',(#16969),#16973);
#16969 = CIRCLE('',#16970,5.44);
#16970 = AXIS2_PLACEMENT_2D('',#16971,#16972);
#16971 = CARTESIAN_POINT('',(129.42,13.33));
#16972 = DIRECTION('',(1.,0.));
#16973 = ( GEOMETRIC_REPRESENTATION_CONTEXT(2) 
PARAMETRIC_REPRESENTATION_CONTEXT() REPRESENTATION_CONTEXT('2D SPACE',''
  ) );
#16974 = PCURVE('',#16975,#16980);
#16975 = CYLINDRICAL_SURFACE('',#16976,5.44);
#16976 = AXIS2_PLACEMENT_3D('',#16977,#16978,#16979);
#16977 = CARTESIAN_POINT('',(207.3,-71.35,102.8));
#16978 = DIRECTION('',(0.,0.,1.));
#16979 = DIRECTION('',(1.,0.,0.));
#16980 = DEFINITIONAL_REPRESENTATION('',(#16981),#16985);
#16981 = LINE('',#16982,#16983);
#16982 = CARTESIAN_POINT('',(0.,0.));
#16983 = VECTOR('',#16984,1.);
#16984 = DIRECTION('',(1.,0.));
#16985 = ( GEOMETRIC_REPRESENTATION_CONTEXT(2) 
PARAMETRIC_REPRESENTATION_CONTEXT() REPRESENTATION_CONTEXT('2D SPACE',''
  ) );
#16986 = FACE_BOUND('',#16987,.T.);
#16987 = EDGE_LOOP('',(#16988));
#16988 = ORIENTED_EDGE('',*,*,#16989,.F.);
#16989 = EDGE_CURVE('',#16990,#16990,#16992,.T.);
#16990 = VERTEX_POINT('',#16991);
#16991 = CARTESIAN_POINT('',(102.14,-71.35,102.8));
#16992 = SURFACE_CURVE('',#16993,(#16998,#17005),.PCURVE_S1.);
#16993 = CIRCLE('',#16994,5.44);
#16994 = AXIS2_PLACEMENT_3D('',#16995,#16996,#16997);
#16995 = CARTESIAN_POINT('',(96.7,-71.35,102.8));
#16996 = DIRECTION('',(0.,0.,1.));
#16997 = DIRECTION('',(1.,0.,0.));
#16998 = PCURVE('',#16819,#16999);
#16999 = DEFINITIONAL_REPRESENTATION('',(#17000),#17004);
#17000 = CIRCLE('',#17001,5.44);
#17001 = AXIS2_PLACEMENT_2D('',#17002,#17003);
#17002 = CARTESIAN_POINT('',(18.82,13.33));
#17003 = DIRECTION('',(1.,0.));
#17004 = ( GEOMETRIC_REPRESENTATION_CONTEXT(2) 
PARAMETRIC_REPRESENTATION_CONTEXT() REPRESENTATION_CONTEXT('2D SPACE',''
  ) );
#17005 = PCURVE('',#17006,#17011);
#17006 = CYLINDRICAL_SURFACE('',#17007,5.44);
#17007 = AXIS2_PLACEMENT_3D('',#17008,#17009,#17010);
#17008 = CARTESIAN_POINT('',(96.7,-71.35,102.8));
#17009 = DIRECTION('',(0.,0.,1.));
#17010 = DIRECTION('',(1.,0.,0.));
#17011 = DEFINITIONAL_REPRESENTATION('',(#17012),#17016);
#17012 = LINE('',#17013,#17014);
#17013 = CARTESIAN_POINT('',(0.,0.));
#17014 = VECTOR('',#17015,1.);
#17015 = DIRECTION('',(1.,0.));
#17016 = ( GEOMETRIC_REPRESENTATION_CONTEXT(2) 
PARAMETRIC_REPRESENTATION_CONTEXT() REPRESENTATION_CONTEXT('2D SPACE',''
  ) );
#17017 = ADVANCED_FACE('',(#17018),#16793,.T.);
#17018 = FACE_BOUND('',#17019,.T.);
#17019 = EDGE_LOOP('',(#17020,#17043,#17044,#17045));
#17020 = ORIENTED_EDGE('',*,*,#17021,.F.);
#17021 = EDGE_CURVE('',#16750,#17022,#17024,.T.);
#17022 = VERTEX_POINT('',#17023);
#17023 = CARTESIAN_POINT('',(226.12,-58.02,0.));
#17024 = SURFACE_CURVE('',#17025,(#17029,#17036),.PCURVE_S1.);
#17025 = LINE('',#17026,#17027);
#17026 = CARTESIAN_POINT('',(77.88,-58.02,0.));
#17027 = VECTOR('',#17028,1.);
#17028 = DIRECTION('',(1.,0.,0.));
#17029 = PCURVE('',#16793,#17030);
#17030 = DEFINITIONAL_REPRESENTATION('',(#17031),#17035);
#17031 = LINE('',#17032,#17033);
#17032 = CARTESIAN_POINT('',(0.,0.));
#17033 = VECTOR('',#17034,1.);
#17034 = DIRECTION('',(0.,1.));
#17035 = ( GEOMETRIC_REPRESENTATION_CONTEXT(2) 
PARAMETRIC_REPRESENTATION_CONTEXT() REPRESENTATION_CONTEXT('2D SPACE',''
  ) );
#17036 = PCURVE('',#16765,#17037);
#17037 = DEFINITIONAL_REPRESENTATION('',(#17038),#17042);
#17038 = LINE('',#17039,#17040);
#17039 = CARTESIAN_POINT('',(0.,26.66));
#17040 = VECTOR('',#17041,1.);
#17041 = DIRECTION('',(1.,0.));
#17042 = ( GEOMETRIC_REPRESENTATION_CONTEXT(2) 
PARAMETRIC_REPRESENTATION_CONTEXT() REPRESENTATION_CONTEXT('2D SPACE',''
  ) );
#17043 = ORIENTED_EDGE('',*,*,#16777,.T.);
#17044 = ORIENTED_EDGE('',*,*,#16935,.T.);
#17045 = ORIENTED_EDGE('',*,*,#17046,.F.);
#17046 = EDGE_CURVE('',#17022,#16913,#17047,.T.);
#17047 = SURFACE_CURVE('',#17048,(#17052,#17059),.PCURVE_S1.);
#17048 = LINE('',#17049,#17050);
#17049 = CARTESIAN_POINT('',(226.12,-58.02,0.));
#17050 = VECTOR('',#17051,1.);
#17051 = DIRECTION('',(0.,0.,1.));
#17052 = PCURVE('',#16793,#17053);
#17053 = DEFINITIONAL_REPRESENTATION('',(#17054),#17058);
#17054 = LINE('',#17055,#17056);
#17055 = CARTESIAN_POINT('',(0.,148.24));
#17056 = VECTOR('',#17057,1.);
#17057 = DIRECTION('',(1.,0.));
#17058 = ( GEOMETRIC_REPRESENTATION_CONTEXT(2) 
PARAMETRIC_REPRESENTATION_CONTEXT() REPRESENTATION_CONTEXT('2D SPACE',''
  ) );
#17059 = PCURVE('',#16895,#17060);
#17060 = DEFINITIONAL_REPRESENTATION('',(#17061),#17065);
#17061 = LINE('',#17062,#17063);
#17062 = CARTESIAN_POINT('',(0.,-26.66));
#17063 = VECTOR('',#17064,1.);
#17064 = DIRECTION('',(1.,0.));
#17065 = ( GEOMETRIC_REPRESENTATION_CONTEXT(2) 
PARAMETRIC_REPRESENTATION_CONTEXT() REPRESENTATION_CONTEXT('2D SPACE',''
  ) );
#17066 = ADVANCED_FACE('',(#17067),#16765,.F.);
#17067 = FACE_BOUND('',#17068,.F.);
#17068 = EDGE_LOOP('',(#17069,#17070,#17071,#17092));
#17069 = ORIENTED_EDGE('',*,*,#16749,.F.);
#17070 = ORIENTED_EDGE('',*,*,#16834,.T.);
#17071 = ORIENTED_EDGE('',*,*,#17072,.T.);
#17072 = EDGE_CURVE('',#16835,#17022,#17073,.T.);
#17073 = SURFACE_CURVE('',#17074,(#17078,#17085),.PCURVE_S1.);
#17074 = LINE('',#17075,#17076);
#17075 = CARTESIAN_POINT('',(226.12,-84.68,0.));
#17076 = VECTOR('',#17077,1.);
#17077 = DIRECTION('',(0.,1.,0.));
#17078 = PCURVE('',#16765,#17079);
#17079 = DEFINITIONAL_REPRESENTATION('',(#17080),#17084);
#17080 = LINE('',#17081,#17082);
#17081 = CARTESIAN_POINT('',(148.24,0.));
#17082 = VECTOR('',#17083,1.);
#17083 = DIRECTION('',(0.,1.));
#17084 = ( GEOMETRIC_REPRESENTATION_CONTEXT(2) 
PARAMETRIC_REPRESENTATION_CONTEXT() REPRESENTATION_CONTEXT('2D SPACE',''
  ) );
#17085 = PCURVE('',#16895,#17086);
#17086 = DEFINITIONAL_REPRESENTATION('',(#17087),#17091);
#17087 = LINE('',#17088,#17089);
#17088 = CARTESIAN_POINT('',(0.,0.));
#17089 = VECTOR('',#17090,1.);
#17090 = DIRECTION('',(0.,-1.));
#17091 = ( GEOMETRIC_REPRESENTATION_CONTEXT(2) 
PARAMETRIC_REPRESENTATION_CONTEXT() REPRESENTATION_CONTEXT('2D SPACE',''
  ) );
#17092 = ORIENTED_EDGE('',*,*,#17021,.F.);
#17093 = ADVANCED_FACE('',(#17094),#16895,.T.);
#17094 = FACE_BOUND('',#17095,.T.);
#17095 = EDGE_LOOP('',(#17096,#17097,#17098,#17099));
#17096 = ORIENTED_EDGE('',*,*,#16881,.F.);
#17097 = ORIENTED_EDGE('',*,*,#17072,.T.);
#17098 = ORIENTED_EDGE('',*,*,#17046,.T.);
#17099 = ORIENTED_EDGE('',*,*,#16912,.F.);
#17100 = ADVANCED_FACE('',(#17101),#16975,.T.);
#17101 = FACE_BOUND('',#17102,.T.);
#17102 = EDGE_LOOP('',(#17103,#17132,#17153,#17154));
#17103 = ORIENTED_EDGE('',*,*,#17104,.F.);
#17104 = EDGE_CURVE('',#17105,#17105,#17107,.T.);
#17105 = VERTEX_POINT('',#17106);
#17106 = CARTESIAN_POINT('',(212.74,-71.35,105.9));
#17107 = SURFACE_CURVE('',#17108,(#17113,#17120),.PCURVE_S1.);
#17108 = CIRCLE('',#17109,5.44);
#17109 = AXIS2_PLACEMENT_3D('',#17110,#17111,#17112);
#17110 = CARTESIAN_POINT('',(207.3,-71.35,105.9));
#17111 = DIRECTION('',(0.,0.,1.));
#17112 = DIRECTION('',(1.,0.,0.));
#17113 = PCURVE('',#16975,#17114);
#17114 = DEFINITIONAL_REPRESENTATION('',(#17115),#17119);
#17115 = LINE('',#17116,#17117);
#17116 = CARTESIAN_POINT('',(0.,3.1));
#17117 = VECTOR('',#17118,1.);
#17118 = DIRECTION('',(1.,0.));
#17119 = ( GEOMETRIC_REPRESENTATION_CONTEXT(2) 
PARAMETRIC_REPRESENTATION_CONTEXT() REPRESENTATION_CONTEXT('2D SPACE',''
  ) );
#17120 = PCURVE('',#17121,#17126);
#17121 = PLANE('',#17122);
#17122 = AXIS2_PLACEMENT_3D('',#17123,#17124,#17125);
#17123 = CARTESIAN_POINT('',(207.3,-71.35,105.9));
#17124 = DIRECTION('',(0.,0.,1.));
#17125 = DIRECTION('',(1.,0.,0.));
#17126 = DEFINITIONAL_REPRESENTATION('',(#17127),#17131);
#17127 = CIRCLE('',#17128,5.44);
#17128 = AXIS2_PLACEMENT_2D('',#17129,#17130);
#17129 = CARTESIAN_POINT('',(0.,0.));
#17130 = DIRECTION('',(1.,0.));
#17131 = ( GEOMETRIC_REPRESENTATION_CONTEXT(2) 
PARAMETRIC_REPRESENTATION_CONTEXT() REPRESENTATION_CONTEXT('2D SPACE',''
  ) );
#17132 = ORIENTED_EDGE('',*,*,#17133,.F.);
#17133 = EDGE_CURVE('',#16959,#17105,#17134,.T.);
#17134 = SEAM_CURVE('',#17135,(#17139,#17146),.PCURVE_S1.);
#17135 = LINE('',#17136,#17137);
#17136 = CARTESIAN_POINT('',(212.74,-71.35,102.8));
#17137 = VECTOR('',#17138,1.);
#17138 = DIRECTION('',(0.,0.,1.));
#17139 = PCURVE('',#16975,#17140);
#17140 = DEFINITIONAL_REPRESENTATION('',(#17141),#17145);
#17141 = LINE('',#17142,#17143);
#17142 = CARTESIAN_POINT('',(6.28318530718,-0.));
#17143 = VECTOR('',#17144,1.);
#17144 = DIRECTION('',(0.,1.));
#17145 = ( GEOMETRIC_REPRESENTATION_CONTEXT(2) 
PARAMETRIC_REPRESENTATION_CONTEXT() REPRESENTATION_CONTEXT('2D SPACE',''
  ) );
#17146 = PCURVE('',#16975,#17147);
#17147 = DEFINITIONAL_REPRESENTATION('',(#17148),#17152);
#17148 = LINE('',#17149,#17150);
#17149 = CARTESIAN_POINT('',(0.,-0.));
#17150 = VECTOR('',#17151,1.);
#17151 = DIRECTION('',(0.,1.));
#17152 = ( GEOMETRIC_REPRESENTATION_CONTEXT(2) 
PARAMETRIC_REPRESENTATION_CONTEXT() REPRESENTATION_CONTEXT('2D SPACE',''
  ) );
#17153 = ORIENTED_EDGE('',*,*,#16958,.T.);
#17154 = ORIENTED_EDGE('',*,*,#17133,.T.);
#17155 = ADVANCED_FACE('',(#17156),#17006,.T.);
#17156 = FACE_BOUND('',#17157,.T.);
#17157 = EDGE_LOOP('',(#17158,#17187,#17208,#17209));
#17158 = ORIENTED_EDGE('',*,*,#17159,.F.);
#17159 = EDGE_CURVE('',#17160,#17160,#17162,.T.);
#17160 = VERTEX_POINT('',#17161);
#17161 = CARTESIAN_POINT('',(102.14,-71.35,105.9));
#17162 = SURFACE_CURVE('',#17163,(#17168,#17175),.PCURVE_S1.);
#17163 = CIRCLE('',#17164,5.44);
#17164 = AXIS2_PLACEMENT_3D('',#17165,#17166,#17167);
#17165 = CARTESIAN_POINT('',(96.7,-71.35,105.9));
#17166 = DIRECTION('',(0.,0.,1.));
#17167 = DIRECTION('',(1.,0.,0.));
#17168 = PCURVE('',#17006,#17169);
#17169 = DEFINITIONAL_REPRESENTATION('',(#17170),#17174);
#17170 = LINE('',#17171,#17172);
#17171 = CARTESIAN_POINT('',(0.,3.1));
#17172 = VECTOR('',#17173,1.);
#17173 = DIRECTION('',(1.,0.));
#17174 = ( GEOMETRIC_REPRESENTATION_CONTEXT(2) 
PARAMETRIC_REPRESENTATION_CONTEXT() REPRESENTATION_CONTEXT('2D SPACE',''
  ) );
#17175 = PCURVE('',#17176,#17181);
#17176 = PLANE('',#17177);
#17177 = AXIS2_PLACEMENT_3D('',#17178,#17179,#17180);
#17178 = CARTESIAN_POINT('',(96.7,-71.35,105.9));
#17179 = DIRECTION('',(0.,0.,1.));
#17180 = DIRECTION('',(1.,0.,0.));
#17181 = DEFINITIONAL_REPRESENTATION('',(#17182),#17186);
#17182 = CIRCLE('',#17183,5.44);
#17183 = AXIS2_PLACEMENT_2D('',#17184,#17185);
#17184 = CARTESIAN_POINT('',(0.,0.));
#17185 = DIRECTION('',(1.,0.));
#17186 = ( GEOMETRIC_REPRESENTATION_CONTEXT(2) 
PARAMETRIC_REPRESENTATION_CONTEXT() REPRESENTATION_CONTEXT('2D SPACE',''
  ) );
#17187 = ORIENTED_EDGE('',*,*,#17188,.F.);
#17188 = EDGE_CURVE('',#16990,#17160,#17189,.T.);
#17189 = SEAM_CURVE('',#17190,(#17194,#17201),.PCURVE_S1.);
#17190 = LINE('',#17191,#17192);
#17191 = CARTESIAN_POINT('',(102.14,-71.35,102.8));
#17192 = VECTOR('',#17193,1.);
#17193 = DIRECTION('',(0.,0.,1.));
#17194 = PCURVE('',#17006,#17195);
#17195 = DEFINITIONAL_REPRESENTATION('',(#17196),#17200);
#17196 = LINE('',#17197,#17198);
#17197 = CARTESIAN_POINT('',(6.28318530718,-0.));
#17198 = VECTOR('',#17199,1.);
#17199 = DIRECTION('',(0.,1.));
#17200 = ( GEOMETRIC_REPRESENTATION_CONTEXT(2) 
PARAMETRIC_REPRESENTATION_CONTEXT() REPRESENTATION_CONTEXT('2D SPACE',''
  ) );
#17201 = PCURVE('',#17006,#17202);
#17202 = DEFINITIONAL_REPRESENTATION('',(#17203),#17207);
#17203 = LINE('',#17204,#17205);
#17204 = CARTESIAN_POINT('',(0.,-0.));
#17205 = VECTOR('',#17206,1.);
#17206 = DIRECTION('',(0.,1.));
#17207 = ( GEOMETRIC_REPRESENTATION_CONTEXT(2) 
PARAMETRIC_REPRESENTATION_CONTEXT() REPRESENTATION_CONTEXT('2D SPACE',''
  ) );
#17208 = ORIENTED_EDGE('',*,*,#16989,.T.);
#17209 = ORIENTED_EDGE('',*,*,#17188,.T.);
#17210 = ADVANCED_FACE('',(#17211),#17121,.T.);
#17211 = FACE_BOUND('',#17212,.T.);
#17212 = EDGE_LOOP('',(#17213));
#17213 = ORIENTED_EDGE('',*,*,#17104,.T.);
#17214 = ADVANCED_FACE('',(#17215),#17176,.T.);
#17215 = FACE_BOUND('',#17216,.T.);
#17216 = EDGE_LOOP('',(#17217));
#17217 = ORIENTED_EDGE('',*,*,#17159,.T.);
#17218 = MANIFOLD_SOLID_BREP('',#17219);
#17219 = CLOSED_SHELL('',(#17220,#17340,#17416,#17527,#17576,#17603,
    #17610,#17665,#17720,#17724));
#17220 = ADVANCED_FACE('',(#17221),#17235,.F.);
#17221 = FACE_BOUND('',#17222,.F.);
#17222 = EDGE_LOOP('',(#17223,#17258,#17286,#17314));
#17223 = ORIENTED_EDGE('',*,*,#17224,.F.);
#17224 = EDGE_CURVE('',#17225,#17227,#17229,.T.);
#17225 = VERTEX_POINT('',#17226);
#17226 = CARTESIAN_POINT('',(226.12,-28.36,0.));
#17227 = VERTEX_POINT('',#17228);
#17228 = CARTESIAN_POINT('',(226.12,-28.36,102.8));
#17229 = SURFACE_CURVE('',#17230,(#17234,#17246),.PCURVE_S1.);
#17230 = LINE('',#17231,#17232);
#17231 = CARTESIAN_POINT('',(226.12,-28.36,0.));
#17232 = VECTOR('',#17233,1.);
#17233 = DIRECTION('',(0.,0.,1.));
#17234 = PCURVE('',#17235,#17240);
#17235 = PLANE('',#17236);
#17236 = AXIS2_PLACEMENT_3D('',#17237,#17238,#17239);
#17237 = CARTESIAN_POINT('',(226.12,-28.36,0.));
#17238 = DIRECTION('',(-1.,1.224646799147E-16,0.));
#17239 = DIRECTION('',(0.,0.,1.));
#17240 = DEFINITIONAL_REPRESENTATION('',(#17241),#17245);
#17241 = LINE('',#17242,#17243);
#17242 = CARTESIAN_POINT('',(0.,0.));
#17243 = VECTOR('',#17244,1.);
#17244 = DIRECTION('',(1.,0.));
#17245 = ( GEOMETRIC_REPRESENTATION_CONTEXT(2) 
PARAMETRIC_REPRESENTATION_CONTEXT() REPRESENTATION_CONTEXT('2D SPACE',''
  ) );
#17246 = PCURVE('',#17247,#17252);
#17247 = PLANE('',#17248);
#17248 = AXIS2_PLACEMENT_3D('',#17249,#17250,#17251);
#17249 = CARTESIAN_POINT('',(226.12,-28.36,0.));
#17250 = DIRECTION('',(-1.224646799147E-16,-1.,0.));
#17251 = DIRECTION('',(0.,0.,1.));
#17252 = DEFINITIONAL_REPRESENTATION('',(#17253),#17257);
#17253 = LINE('',#17254,#17255);
#17254 = CARTESIAN_POINT('',(0.,0.));
#17255 = VECTOR('',#17256,1.);
#17256 = DIRECTION('',(1.,0.));
#17257 = ( GEOMETRIC_REPRESENTATION_CONTEXT(2) 
PARAMETRIC_REPRESENTATION_CONTEXT() REPRESENTATION_CONTEXT('2D SPACE',''
  ) );
#17258 = ORIENTED_EDGE('',*,*,#17259,.T.);
#17259 = EDGE_CURVE('',#17225,#17260,#17262,.T.);
#17260 = VERTEX_POINT('',#17261);
#17261 = CARTESIAN_POINT('',(226.12,-55.02,0.));
#17262 = SURFACE_CURVE('',#17263,(#17267,#17274),.PCURVE_S1.);
#17263 = LINE('',#17264,#17265);
#17264 = CARTESIAN_POINT('',(226.12,-28.36,0.));
#17265 = VECTOR('',#17266,1.);
#17266 = DIRECTION('',(-1.224646799147E-16,-1.,0.));
#17267 = PCURVE('',#17235,#17268);
#17268 = DEFINITIONAL_REPRESENTATION('',(#17269),#17273);
#17269 = LINE('',#17270,#17271);
#17270 = CARTESIAN_POINT('',(0.,0.));
#17271 = VECTOR('',#17272,1.);
#17272 = DIRECTION('',(0.,-1.));
#17273 = ( GEOMETRIC_REPRESENTATION_CONTEXT(2) 
PARAMETRIC_REPRESENTATION_CONTEXT() REPRESENTATION_CONTEXT('2D SPACE',''
  ) );
#17274 = PCURVE('',#17275,#17280);
#17275 = PLANE('',#17276);
#17276 = AXIS2_PLACEMENT_3D('',#17277,#17278,#17279);
#17277 = CARTESIAN_POINT('',(226.12,-28.36,0.));
#17278 = DIRECTION('',(0.,0.,1.));
#17279 = DIRECTION('',(-1.,1.224646799147E-16,0.));
#17280 = DEFINITIONAL_REPRESENTATION('',(#17281),#17285);
#17281 = LINE('',#17282,#17283);
#17282 = CARTESIAN_POINT('',(0.,0.));
#17283 = VECTOR('',#17284,1.);
#17284 = DIRECTION('',(0.,1.));
#17285 = ( GEOMETRIC_REPRESENTATION_CONTEXT(2) 
PARAMETRIC_REPRESENTATION_CONTEXT() REPRESENTATION_CONTEXT('2D SPACE',''
  ) );
#17286 = ORIENTED_EDGE('',*,*,#17287,.T.);
#17287 = EDGE_CURVE('',#17260,#17288,#17290,.T.);
#17288 = VERTEX_POINT('',#17289);
#17289 = CARTESIAN_POINT('',(226.12,-55.02,102.8));
#17290 = SURFACE_CURVE('',#17291,(#17295,#17302),.PCURVE_S1.);
#17291 = LINE('',#17292,#17293);
#17292 = CARTESIAN_POINT('',(226.12,-55.02,0.));
#17293 = VECTOR('',#17294,1.);
#17294 = DIRECTION('',(0.,0.,1.));
#17295 = PCURVE('',#17235,#17296);
#17296 = DEFINITIONAL_REPRESENTATION('',(#17297),#17301);
#17297 = LINE('',#17298,#17299);
#17298 = CARTESIAN_POINT('',(0.,-26.66));
#17299 = VECTOR('',#17300,1.);
#17300 = DIRECTION('',(1.,0.));
#17301 = ( GEOMETRIC_REPRESENTATION_CONTEXT(2) 
PARAMETRIC_REPRESENTATION_CONTEXT() REPRESENTATION_CONTEXT('2D SPACE',''
  ) );
#17302 = PCURVE('',#17303,#17308);
#17303 = PLANE('',#17304);
#17304 = AXIS2_PLACEMENT_3D('',#17305,#17306,#17307);
#17305 = CARTESIAN_POINT('',(226.12,-55.02,0.));
#17306 = DIRECTION('',(-1.224646799147E-16,-1.,0.));
#17307 = DIRECTION('',(0.,0.,1.));
#17308 = DEFINITIONAL_REPRESENTATION('',(#17309),#17313);
#17309 = LINE('',#17310,#17311);
#17310 = CARTESIAN_POINT('',(0.,0.));
#17311 = VECTOR('',#17312,1.);
#17312 = DIRECTION('',(1.,0.));
#17313 = ( GEOMETRIC_REPRESENTATION_CONTEXT(2) 
PARAMETRIC_REPRESENTATION_CONTEXT() REPRESENTATION_CONTEXT('2D SPACE',''
  ) );
#17314 = ORIENTED_EDGE('',*,*,#17315,.F.);
#17315 = EDGE_CURVE('',#17227,#17288,#17316,.T.);
#17316 = SURFACE_CURVE('',#17317,(#17321,#17328),.PCURVE_S1.);
#17317 = LINE('',#17318,#17319);
#17318 = CARTESIAN_POINT('',(226.12,-28.36,102.8));
#17319 = VECTOR('',#17320,1.);
#17320 = DIRECTION('',(-1.224646799147E-16,-1.,0.));
#17321 = PCURVE('',#17235,#17322);
#17322 = DEFINITIONAL_REPRESENTATION('',(#17323),#17327);
#17323 = LINE('',#17324,#17325);
#17324 = CARTESIAN_POINT('',(102.8,0.));
#17325 = VECTOR('',#17326,1.);
#17326 = DIRECTION('',(0.,-1.));
#17327 = ( GEOMETRIC_REPRESENTATION_CONTEXT(2) 
PARAMETRIC_REPRESENTATION_CONTEXT() REPRESENTATION_CONTEXT('2D SPACE',''
  ) );
#17328 = PCURVE('',#17329,#17334);
#17329 = PLANE('',#17330);
#17330 = AXIS2_PLACEMENT_3D('',#17331,#17332,#17333);
#17331 = CARTESIAN_POINT('',(226.12,-28.36,102.8));
#17332 = DIRECTION('',(0.,0.,1.));
#17333 = DIRECTION('',(-1.,1.224646799147E-16,0.));
#17334 = DEFINITIONAL_REPRESENTATION('',(#17335),#17339);
#17335 = LINE('',#17336,#17337);
#17336 = CARTESIAN_POINT('',(0.,0.));
#17337 = VECTOR('',#17338,1.);
#17338 = DIRECTION('',(0.,1.));
#17339 = ( GEOMETRIC_REPRESENTATION_CONTEXT(2) 
PARAMETRIC_REPRESENTATION_CONTEXT() REPRESENTATION_CONTEXT('2D SPACE',''
  ) );
#17340 = ADVANCED_FACE('',(#17341),#17247,.F.);
#17341 = FACE_BOUND('',#17342,.F.);
#17342 = EDGE_LOOP('',(#17343,#17366,#17367,#17390));
#17343 = ORIENTED_EDGE('',*,*,#17344,.F.);
#17344 = EDGE_CURVE('',#17225,#17345,#17347,.T.);
#17345 = VERTEX_POINT('',#17346);
#17346 = CARTESIAN_POINT('',(77.88,-28.36,0.));
#17347 = SURFACE_CURVE('',#17348,(#17352,#17359),.PCURVE_S1.);
#17348 = LINE('',#17349,#17350);
#17349 = CARTESIAN_POINT('',(226.12,-28.36,0.));
#17350 = VECTOR('',#17351,1.);
#17351 = DIRECTION('',(-1.,1.224646799147E-16,0.));
#17352 = PCURVE('',#17247,#17353);
#17353 = DEFINITIONAL_REPRESENTATION('',(#17354),#17358);
#17354 = LINE('',#17355,#17356);
#17355 = CARTESIAN_POINT('',(0.,0.));
#17356 = VECTOR('',#17357,1.);
#17357 = DIRECTION('',(0.,1.));
#17358 = ( GEOMETRIC_REPRESENTATION_CONTEXT(2) 
PARAMETRIC_REPRESENTATION_CONTEXT() REPRESENTATION_CONTEXT('2D SPACE',''
  ) );
#17359 = PCURVE('',#17275,#17360);
#17360 = DEFINITIONAL_REPRESENTATION('',(#17361),#17365);
#17361 = LINE('',#17362,#17363);
#17362 = CARTESIAN_POINT('',(0.,0.));
#17363 = VECTOR('',#17364,1.);
#17364 = DIRECTION('',(1.,0.));
#17365 = ( GEOMETRIC_REPRESENTATION_CONTEXT(2) 
PARAMETRIC_REPRESENTATION_CONTEXT() REPRESENTATION_CONTEXT('2D SPACE',''
  ) );
#17366 = ORIENTED_EDGE('',*,*,#17224,.T.);
#17367 = ORIENTED_EDGE('',*,*,#17368,.T.);
#17368 = EDGE_CURVE('',#17227,#17369,#17371,.T.);
#17369 = VERTEX_POINT('',#17370);
#17370 = CARTESIAN_POINT('',(77.88,-28.36,102.8));
#17371 = SURFACE_CURVE('',#17372,(#17376,#17383),.PCURVE_S1.);
#17372 = LINE('',#17373,#17374);
#17373 = CARTESIAN_POINT('',(226.12,-28.36,102.8));
#17374 = VECTOR('',#17375,1.);
#17375 = DIRECTION('',(-1.,1.224646799147E-16,0.));
#17376 = PCURVE('',#17247,#17377);
#17377 = DEFINITIONAL_REPRESENTATION('',(#17378),#17382);
#17378 = LINE('',#17379,#17380);
#17379 = CARTESIAN_POINT('',(102.8,0.));
#17380 = VECTOR('',#17381,1.);
#17381 = DIRECTION('',(0.,1.));
#17382 = ( GEOMETRIC_REPRESENTATION_CONTEXT(2) 
PARAMETRIC_REPRESENTATION_CONTEXT() REPRESENTATION_CONTEXT('2D SPACE',''
  ) );
#17383 = PCURVE('',#17329,#17384);
#17384 = DEFINITIONAL_REPRESENTATION('',(#17385),#17389);
#17385 = LINE('',#17386,#17387);
#17386 = CARTESIAN_POINT('',(0.,0.));
#17387 = VECTOR('',#17388,1.);
#17388 = DIRECTION('',(1.,0.));
#17389 = ( GEOMETRIC_REPRESENTATION_CONTEXT(2) 
PARAMETRIC_REPRESENTATION_CONTEXT() REPRESENTATION_CONTEXT('2D SPACE',''
  ) );
#17390 = ORIENTED_EDGE('',*,*,#17391,.F.);
#17391 = EDGE_CURVE('',#17345,#17369,#17392,.T.);
#17392 = SURFACE_CURVE('',#17393,(#17397,#17404),.PCURVE_S1.);
#17393 = LINE('',#17394,#17395);
#17394 = CARTESIAN_POINT('',(77.88,-28.36,0.));
#17395 = VECTOR('',#17396,1.);
#17396 = DIRECTION('',(0.,0.,1.));
#17397 = PCURVE('',#17247,#17398);
#17398 = DEFINITIONAL_REPRESENTATION('',(#17399),#17403);
#17399 = LINE('',#17400,#17401);
#17400 = CARTESIAN_POINT('',(0.,148.24));
#17401 = VECTOR('',#17402,1.);
#17402 = DIRECTION('',(1.,0.));
#17403 = ( GEOMETRIC_REPRESENTATION_CONTEXT(2) 
PARAMETRIC_REPRESENTATION_CONTEXT() REPRESENTATION_CONTEXT('2D SPACE',''
  ) );
#17404 = PCURVE('',#17405,#17410);
#17405 = PLANE('',#17406);
#17406 = AXIS2_PLACEMENT_3D('',#17407,#17408,#17409);
#17407 = CARTESIAN_POINT('',(77.88,-28.36,0.));
#17408 = DIRECTION('',(-1.,1.224646799147E-16,0.));
#17409 = DIRECTION('',(0.,0.,1.));
#17410 = DEFINITIONAL_REPRESENTATION('',(#17411),#17415);
#17411 = LINE('',#17412,#17413);
#17412 = CARTESIAN_POINT('',(0.,0.));
#17413 = VECTOR('',#17414,1.);
#17414 = DIRECTION('',(1.,0.));
#17415 = ( GEOMETRIC_REPRESENTATION_CONTEXT(2) 
PARAMETRIC_REPRESENTATION_CONTEXT() REPRESENTATION_CONTEXT('2D SPACE',''
  ) );
#17416 = ADVANCED_FACE('',(#17417,#17465,#17496),#17329,.T.);
#17417 = FACE_BOUND('',#17418,.T.);
#17418 = EDGE_LOOP('',(#17419,#17420,#17421,#17444));
#17419 = ORIENTED_EDGE('',*,*,#17315,.F.);
#17420 = ORIENTED_EDGE('',*,*,#17368,.T.);
#17421 = ORIENTED_EDGE('',*,*,#17422,.T.);
#17422 = EDGE_CURVE('',#17369,#17423,#17425,.T.);
#17423 = VERTEX_POINT('',#17424);
#17424 = CARTESIAN_POINT('',(77.88,-55.02,102.8));
#17425 = SURFACE_CURVE('',#17426,(#17430,#17437),.PCURVE_S1.);
#17426 = LINE('',#17427,#17428);
#17427 = CARTESIAN_POINT('',(77.88,-28.36,102.8));
#17428 = VECTOR('',#17429,1.);
#17429 = DIRECTION('',(-1.224646799147E-16,-1.,0.));
#17430 = PCURVE('',#17329,#17431);
#17431 = DEFINITIONAL_REPRESENTATION('',(#17432),#17436);
#17432 = LINE('',#17433,#17434);
#17433 = CARTESIAN_POINT('',(148.24,0.));
#17434 = VECTOR('',#17435,1.);
#17435 = DIRECTION('',(0.,1.));
#17436 = ( GEOMETRIC_REPRESENTATION_CONTEXT(2) 
PARAMETRIC_REPRESENTATION_CONTEXT() REPRESENTATION_CONTEXT('2D SPACE',''
  ) );
#17437 = PCURVE('',#17405,#17438);
#17438 = DEFINITIONAL_REPRESENTATION('',(#17439),#17443);
#17439 = LINE('',#17440,#17441);
#17440 = CARTESIAN_POINT('',(102.8,0.));
#17441 = VECTOR('',#17442,1.);
#17442 = DIRECTION('',(0.,-1.));
#17443 = ( GEOMETRIC_REPRESENTATION_CONTEXT(2) 
PARAMETRIC_REPRESENTATION_CONTEXT() REPRESENTATION_CONTEXT('2D SPACE',''
  ) );
#17444 = ORIENTED_EDGE('',*,*,#17445,.F.);
#17445 = EDGE_CURVE('',#17288,#17423,#17446,.T.);
#17446 = SURFACE_CURVE('',#17447,(#17451,#17458),.PCURVE_S1.);
#17447 = LINE('',#17448,#17449);
#17448 = CARTESIAN_POINT('',(226.12,-55.02,102.8));
#17449 = VECTOR('',#17450,1.);
#17450 = DIRECTION('',(-1.,1.224646799147E-16,0.));
#17451 = PCURVE('',#17329,#17452);
#17452 = DEFINITIONAL_REPRESENTATION('',(#17453),#17457);
#17453 = LINE('',#17454,#17455);
#17454 = CARTESIAN_POINT('',(0.,26.66));
#17455 = VECTOR('',#17456,1.);
#17456 = DIRECTION('',(1.,0.));
#17457 = ( GEOMETRIC_REPRESENTATION_CONTEXT(2) 
PARAMETRIC_REPRESENTATION_CONTEXT() REPRESENTATION_CONTEXT('2D SPACE',''
  ) );
#17458 = PCURVE('',#17303,#17459);
#17459 = DEFINITIONAL_REPRESENTATION('',(#17460),#17464);
#17460 = LINE('',#17461,#17462);
#17461 = CARTESIAN_POINT('',(102.8,0.));
#17462 = VECTOR('',#17463,1.);
#17463 = DIRECTION('',(0.,1.));
#17464 = ( GEOMETRIC_REPRESENTATION_CONTEXT(2) 
PARAMETRIC_REPRESENTATION_CONTEXT() REPRESENTATION_CONTEXT('2D SPACE',''
  ) );
#17465 = FACE_BOUND('',#17466,.T.);
#17466 = EDGE_LOOP('',(#17467));
#17467 = ORIENTED_EDGE('',*,*,#17468,.F.);
#17468 = EDGE_CURVE('',#17469,#17469,#17471,.T.);
#17469 = VERTEX_POINT('',#17470);
#17470 = CARTESIAN_POINT('',(91.26,-41.69,102.8));
#17471 = SURFACE_CURVE('',#17472,(#17477,#17484),.PCURVE_S1.);
#17472 = CIRCLE('',#17473,5.44);
#17473 = AXIS2_PLACEMENT_3D('',#17474,#17475,#17476);
#17474 = CARTESIAN_POINT('',(96.7,-41.69,102.8));
#17475 = DIRECTION('',(0.,0.,1.));
#17476 = DIRECTION('',(-1.,1.224646799147E-16,0.));
#17477 = PCURVE('',#17329,#17478);
#17478 = DEFINITIONAL_REPRESENTATION('',(#17479),#17483);
#17479 = CIRCLE('',#17480,5.44);
#17480 = AXIS2_PLACEMENT_2D('',#17481,#17482);
#17481 = CARTESIAN_POINT('',(129.42,13.33));
#17482 = DIRECTION('',(1.,0.));
#17483 = ( GEOMETRIC_REPRESENTATION_CONTEXT(2) 
PARAMETRIC_REPRESENTATION_CONTEXT() REPRESENTATION_CONTEXT('2D SPACE',''
  ) );
#17484 = PCURVE('',#17485,#17490);
#17485 = CYLINDRICAL_SURFACE('',#17486,5.44);
#17486 = AXIS2_PLACEMENT_3D('',#17487,#17488,#17489);
#17487 = CARTESIAN_POINT('',(96.7,-41.69,102.8));
#17488 = DIRECTION('',(0.,0.,1.));
#17489 = DIRECTION('',(-1.,1.224646799147E-16,0.));
#17490 = DEFINITIONAL_REPRESENTATION('',(#17491),#17495);
#17491 = LINE('',#17492,#17493);
#17492 = CARTESIAN_POINT('',(0.,0.));
#17493 = VECTOR('',#17494,1.);
#17494 = DIRECTION('',(1.,0.));
#17495 = ( GEOMETRIC_REPRESENTATION_CONTEXT(2) 
PARAMETRIC_REPRESENTATION_CONTEXT() REPRESENTATION_CONTEXT('2D SPACE',''
  ) );
#17496 = FACE_BOUND('',#17497,.T.);
#17497 = EDGE_LOOP('',(#17498));
#17498 = ORIENTED_EDGE('',*,*,#17499,.F.);
#17499 = EDGE_CURVE('',#17500,#17500,#17502,.T.);
#17500 = VERTEX_POINT('',#17501);
#17501 = CARTESIAN_POINT('',(201.86,-41.69,102.8));
#17502 = SURFACE_CURVE('',#17503,(#17508,#17515),.PCURVE_S1.);
#17503 = CIRCLE('',#17504,5.44);
#17504 = AXIS2_PLACEMENT_3D('',#17505,#17506,#17507);
#17505 = CARTESIAN_POINT('',(207.3,-41.69,102.8));
#17506 = DIRECTION('',(0.,0.,1.));
#17507 = DIRECTION('',(-1.,1.224646799147E-16,0.));
#17508 = PCURVE('',#17329,#17509);
#17509 = DEFINITIONAL_REPRESENTATION('',(#17510),#17514);
#17510 = CIRCLE('',#17511,5.44);
#17511 = AXIS2_PLACEMENT_2D('',#17512,#17513);
#17512 = CARTESIAN_POINT('',(18.82,13.33));
#17513 = DIRECTION('',(1.,0.));
#17514 = ( GEOMETRIC_REPRESENTATION_CONTEXT(2) 
PARAMETRIC_REPRESENTATION_CONTEXT() REPRESENTATION_CONTEXT('2D SPACE',''
  ) );
#17515 = PCURVE('',#17516,#17521);
#17516 = CYLINDRICAL_SURFACE('',#17517,5.44);
#17517 = AXIS2_PLACEMENT_3D('',#17518,#17519,#17520);
#17518 = CARTESIAN_POINT('',(207.3,-41.69,102.8));
#17519 = DIRECTION('',(0.,0.,1.));
#17520 = DIRECTION('',(-1.,1.224646799147E-16,0.));
#17521 = DEFINITIONAL_REPRESENTATION('',(#17522),#17526);
#17522 = LINE('',#17523,#17524);
#17523 = CARTESIAN_POINT('',(0.,0.));
#17524 = VECTOR('',#17525,1.);
#17525 = DIRECTION('',(1.,0.));
#17526 = ( GEOMETRIC_REPRESENTATION_CONTEXT(2) 
PARAMETRIC_REPRESENTATION_CONTEXT() REPRESENTATION_CONTEXT('2D SPACE',''
  ) );
#17527 = ADVANCED_FACE('',(#17528),#17303,.T.);
#17528 = FACE_BOUND('',#17529,.T.);
#17529 = EDGE_LOOP('',(#17530,#17553,#17554,#17555));
#17530 = ORIENTED_EDGE('',*,*,#17531,.F.);
#17531 = EDGE_CURVE('',#17260,#17532,#17534,.T.);
#17532 = VERTEX_POINT('',#17533);
#17533 = CARTESIAN_POINT('',(77.88,-55.02,0.));
#17534 = SURFACE_CURVE('',#17535,(#17539,#17546),.PCURVE_S1.);
#17535 = LINE('',#17536,#17537);
#17536 = CARTESIAN_POINT('',(226.12,-55.02,0.));
#17537 = VECTOR('',#17538,1.);
#17538 = DIRECTION('',(-1.,1.224646799147E-16,0.));
#17539 = PCURVE('',#17303,#17540);
#17540 = DEFINITIONAL_REPRESENTATION('',(#17541),#17545);
#17541 = LINE('',#17542,#17543);
#17542 = CARTESIAN_POINT('',(0.,0.));
#17543 = VECTOR('',#17544,1.);
#17544 = DIRECTION('',(0.,1.));
#17545 = ( GEOMETRIC_REPRESENTATION_CONTEXT(2) 
PARAMETRIC_REPRESENTATION_CONTEXT() REPRESENTATION_CONTEXT('2D SPACE',''
  ) );
#17546 = PCURVE('',#17275,#17547);
#17547 = DEFINITIONAL_REPRESENTATION('',(#17548),#17552);
#17548 = LINE('',#17549,#17550);
#17549 = CARTESIAN_POINT('',(0.,26.66));
#17550 = VECTOR('',#17551,1.);
#17551 = DIRECTION('',(1.,0.));
#17552 = ( GEOMETRIC_REPRESENTATION_CONTEXT(2) 
PARAMETRIC_REPRESENTATION_CONTEXT() REPRESENTATION_CONTEXT('2D SPACE',''
  ) );
#17553 = ORIENTED_EDGE('',*,*,#17287,.T.);
#17554 = ORIENTED_EDGE('',*,*,#17445,.T.);
#17555 = ORIENTED_EDGE('',*,*,#17556,.F.);
#17556 = EDGE_CURVE('',#17532,#17423,#17557,.T.);
#17557 = SURFACE_CURVE('',#17558,(#17562,#17569),.PCURVE_S1.);
#17558 = LINE('',#17559,#17560);
#17559 = CARTESIAN_POINT('',(77.88,-55.02,0.));
#17560 = VECTOR('',#17561,1.);
#17561 = DIRECTION('',(0.,0.,1.));
#17562 = PCURVE('',#17303,#17563);
#17563 = DEFINITIONAL_REPRESENTATION('',(#17564),#17568);
#17564 = LINE('',#17565,#17566);
#17565 = CARTESIAN_POINT('',(0.,148.24));
#17566 = VECTOR('',#17567,1.);
#17567 = DIRECTION('',(1.,0.));
#17568 = ( GEOMETRIC_REPRESENTATION_CONTEXT(2) 
PARAMETRIC_REPRESENTATION_CONTEXT() REPRESENTATION_CONTEXT('2D SPACE',''
  ) );
#17569 = PCURVE('',#17405,#17570);
#17570 = DEFINITIONAL_REPRESENTATION('',(#17571),#17575);
#17571 = LINE('',#17572,#17573);
#17572 = CARTESIAN_POINT('',(0.,-26.66));
#17573 = VECTOR('',#17574,1.);
#17574 = DIRECTION('',(1.,0.));
#17575 = ( GEOMETRIC_REPRESENTATION_CONTEXT(2) 
PARAMETRIC_REPRESENTATION_CONTEXT() REPRESENTATION_CONTEXT('2D SPACE',''
  ) );
#17576 = ADVANCED_FACE('',(#17577),#17275,.F.);
#17577 = FACE_BOUND('',#17578,.F.);
#17578 = EDGE_LOOP('',(#17579,#17580,#17581,#17602));
#17579 = ORIENTED_EDGE('',*,*,#17259,.F.);
#17580 = ORIENTED_EDGE('',*,*,#17344,.T.);
#17581 = ORIENTED_EDGE('',*,*,#17582,.T.);
#17582 = EDGE_CURVE('',#17345,#17532,#17583,.T.);
#17583 = SURFACE_CURVE('',#17584,(#17588,#17595),.PCURVE_S1.);
#17584 = LINE('',#17585,#17586);
#17585 = CARTESIAN_POINT('',(77.88,-28.36,0.));
#17586 = VECTOR('',#17587,1.);
#17587 = DIRECTION('',(-1.224646799147E-16,-1.,0.));
#17588 = PCURVE('',#17275,#17589);
#17589 = DEFINITIONAL_REPRESENTATION('',(#17590),#17594);
#17590 = LINE('',#17591,#17592);
#17591 = CARTESIAN_POINT('',(148.24,0.));
#17592 = VECTOR('',#17593,1.);
#17593 = DIRECTION('',(0.,1.));
#17594 = ( GEOMETRIC_REPRESENTATION_CONTEXT(2) 
PARAMETRIC_REPRESENTATION_CONTEXT() REPRESENTATION_CONTEXT('2D SPACE',''
  ) );
#17595 = PCURVE('',#17405,#17596);
#17596 = DEFINITIONAL_REPRESENTATION('',(#17597),#17601);
#17597 = LINE('',#17598,#17599);
#17598 = CARTESIAN_POINT('',(0.,0.));
#17599 = VECTOR('',#17600,1.);
#17600 = DIRECTION('',(0.,-1.));
#17601 = ( GEOMETRIC_REPRESENTATION_CONTEXT(2) 
PARAMETRIC_REPRESENTATION_CONTEXT() REPRESENTATION_CONTEXT('2D SPACE',''
  ) );
#17602 = ORIENTED_EDGE('',*,*,#17531,.F.);
#17603 = ADVANCED_FACE('',(#17604),#17405,.T.);
#17604 = FACE_BOUND('',#17605,.T.);
#17605 = EDGE_LOOP('',(#17606,#17607,#17608,#17609));
#17606 = ORIENTED_EDGE('',*,*,#17391,.F.);
#17607 = ORIENTED_EDGE('',*,*,#17582,.T.);
#17608 = ORIENTED_EDGE('',*,*,#17556,.T.);
#17609 = ORIENTED_EDGE('',*,*,#17422,.F.);
#17610 = ADVANCED_FACE('',(#17611),#17485,.T.);
#17611 = FACE_BOUND('',#17612,.T.);
#17612 = EDGE_LOOP('',(#17613,#17642,#17663,#17664));
#17613 = ORIENTED_EDGE('',*,*,#17614,.F.);
#17614 = EDGE_CURVE('',#17615,#17615,#17617,.T.);
#17615 = VERTEX_POINT('',#17616);
#17616 = CARTESIAN_POINT('',(91.26,-41.69,105.9));
#17617 = SURFACE_CURVE('',#17618,(#17623,#17630),.PCURVE_S1.);
#17618 = CIRCLE('',#17619,5.44);
#17619 = AXIS2_PLACEMENT_3D('',#17620,#17621,#17622);
#17620 = CARTESIAN_POINT('',(96.7,-41.69,105.9));
#17621 = DIRECTION('',(0.,0.,1.));
#17622 = DIRECTION('',(-1.,1.224646799147E-16,0.));
#17623 = PCURVE('',#17485,#17624);
#17624 = DEFINITIONAL_REPRESENTATION('',(#17625),#17629);
#17625 = LINE('',#17626,#17627);
#17626 = CARTESIAN_POINT('',(0.,3.1));
#17627 = VECTOR('',#17628,1.);
#17628 = DIRECTION('',(1.,0.));
#17629 = ( GEOMETRIC_REPRESENTATION_CONTEXT(2) 
PARAMETRIC_REPRESENTATION_CONTEXT() REPRESENTATION_CONTEXT('2D SPACE',''
  ) );
#17630 = PCURVE('',#17631,#17636);
#17631 = PLANE('',#17632);
#17632 = AXIS2_PLACEMENT_3D('',#17633,#17634,#17635);
#17633 = CARTESIAN_POINT('',(96.7,-41.69,105.9));
#17634 = DIRECTION('',(0.,0.,1.));
#17635 = DIRECTION('',(-1.,1.224646799147E-16,0.));
#17636 = DEFINITIONAL_REPRESENTATION('',(#17637),#17641);
#17637 = CIRCLE('',#17638,5.44);
#17638 = AXIS2_PLACEMENT_2D('',#17639,#17640);
#17639 = CARTESIAN_POINT('',(0.,0.));
#17640 = DIRECTION('',(1.,0.));
#17641 = ( GEOMETRIC_REPRESENTATION_CONTEXT(2) 
PARAMETRIC_REPRESENTATION_CONTEXT() REPRESENTATION_CONTEXT('2D SPACE',''
  ) );
#17642 = ORIENTED_EDGE('',*,*,#17643,.F.);
#17643 = EDGE_CURVE('',#17469,#17615,#17644,.T.);
#17644 = SEAM_CURVE('',#17645,(#17649,#17656),.PCURVE_S1.);
#17645 = LINE('',#17646,#17647);
#17646 = CARTESIAN_POINT('',(91.26,-41.69,102.8));
#17647 = VECTOR('',#17648,1.);
#17648 = DIRECTION('',(0.,0.,1.));
#17649 = PCURVE('',#17485,#17650);
#17650 = DEFINITIONAL_REPRESENTATION('',(#17651),#17655);
#17651 = LINE('',#17652,#17653);
#17652 = CARTESIAN_POINT('',(6.28318530718,-0.));
#17653 = VECTOR('',#17654,1.);
#17654 = DIRECTION('',(0.,1.));
#17655 = ( GEOMETRIC_REPRESENTATION_CONTEXT(2) 
PARAMETRIC_REPRESENTATION_CONTEXT() REPRESENTATION_CONTEXT('2D SPACE',''
  ) );
#17656 = PCURVE('',#17485,#17657);
#17657 = DEFINITIONAL_REPRESENTATION('',(#17658),#17662);
#17658 = LINE('',#17659,#17660);
#17659 = CARTESIAN_POINT('',(0.,-0.));
#17660 = VECTOR('',#17661,1.);
#17661 = DIRECTION('',(0.,1.));
#17662 = ( GEOMETRIC_REPRESENTATION_CONTEXT(2) 
PARAMETRIC_REPRESENTATION_CONTEXT() REPRESENTATION_CONTEXT('2D SPACE',''
  ) );
#17663 = ORIENTED_EDGE('',*,*,#17468,.T.);
#17664 = ORIENTED_EDGE('',*,*,#17643,.T.);
#17665 = ADVANCED_FACE('',(#17666),#17516,.T.);
#17666 = FACE_BOUND('',#17667,.T.);
#17667 = EDGE_LOOP('',(#17668,#17697,#17718,#17719));
#17668 = ORIENTED_EDGE('',*,*,#17669,.F.);
#17669 = EDGE_CURVE('',#17670,#17670,#17672,.T.);
#17670 = VERTEX_POINT('',#17671);
#17671 = CARTESIAN_POINT('',(201.86,-41.69,105.9));
#17672 = SURFACE_CURVE('',#17673,(#17678,#17685),.PCURVE_S1.);
#17673 = CIRCLE('',#17674,5.44);
#17674 = AXIS2_PLACEMENT_3D('',#17675,#17676,#17677);
#17675 = CARTESIAN_POINT('',(207.3,-41.69,105.9));
#17676 = DIRECTION('',(0.,0.,1.));
#17677 = DIRECTION('',(-1.,1.224646799147E-16,0.));
#17678 = PCURVE('',#17516,#17679);
#17679 = DEFINITIONAL_REPRESENTATION('',(#17680),#17684);
#17680 = LINE('',#17681,#17682);
#17681 = CARTESIAN_POINT('',(0.,3.1));
#17682 = VECTOR('',#17683,1.);
#17683 = DIRECTION('',(1.,0.));
#17684 = ( GEOMETRIC_REPRESENTATION_CONTEXT(2) 
PARAMETRIC_REPRESENTATION_CONTEXT() REPRESENTATION_CONTEXT('2D SPACE',''
  ) );
#17685 = PCURVE('',#17686,#17691);
#17686 = PLANE('',#17687);
#17687 = AXIS2_PLACEMENT_3D('',#17688,#17689,#17690);
#17688 = CARTESIAN_POINT('',(207.3,-41.69,105.9));
#17689 = DIRECTION('',(0.,0.,1.));
#17690 = DIRECTION('',(-1.,1.224646799147E-16,0.));
#17691 = DEFINITIONAL_REPRESENTATION('',(#17692),#17696);
#17692 = CIRCLE('',#17693,5.44);
#17693 = AXIS2_PLACEMENT_2D('',#17694,#17695);
#17694 = CARTESIAN_POINT('',(0.,0.));
#17695 = DIRECTION('',(1.,0.));
#17696 = ( GEOMETRIC_REPRESENTATION_CONTEXT(2) 
PARAMETRIC_REPRESENTATION_CONTEXT() REPRESENTATION_CONTEXT('2D SPACE',''
  ) );
#17697 = ORIENTED_EDGE('',*,*,#17698,.F.);
#17698 = EDGE_CURVE('',#17500,#17670,#17699,.T.);
#17699 = SEAM_CURVE('',#17700,(#17704,#17711),.PCURVE_S1.);
#17700 = LINE('',#17701,#17702);
#17701 = CARTESIAN_POINT('',(201.86,-41.69,102.8));
#17702 = VECTOR('',#17703,1.);
#17703 = DIRECTION('',(0.,0.,1.));
#17704 = PCURVE('',#17516,#17705);
#17705 = DEFINITIONAL_REPRESENTATION('',(#17706),#17710);
#17706 = LINE('',#17707,#17708);
#17707 = CARTESIAN_POINT('',(6.28318530718,-0.));
#17708 = VECTOR('',#17709,1.);
#17709 = DIRECTION('',(0.,1.));
#17710 = ( GEOMETRIC_REPRESENTATION_CONTEXT(2) 
PARAMETRIC_REPRESENTATION_CONTEXT() REPRESENTATION_CONTEXT('2D SPACE',''
  ) );
#17711 = PCURVE('',#17516,#17712);
#17712 = DEFINITIONAL_REPRESENTATION('',(#17713),#17717);
#17713 = LINE('',#17714,#17715);
#17714 = CARTESIAN_POINT('',(0.,-0.));
#17715 = VECTOR('',#17716,1.);
#17716 = DIRECTION('',(0.,1.));
#17717 = ( GEOMETRIC_REPRESENTATION_CONTEXT(2) 
PARAMETRIC_REPRESENTATION_CONTEXT() REPRESENTATION_CONTEXT('2D SPACE',''
  ) );
#17718 = ORIENTED_EDGE('',*,*,#17499,.T.);
#17719 = ORIENTED_EDGE('',*,*,#17698,.T.);
#17720 = ADVANCED_FACE('',(#17721),#17631,.T.);
#17721 = FACE_BOUND('',#17722,.T.);
#17722 = EDGE_LOOP('',(#17723));
#17723 = ORIENTED_EDGE('',*,*,#17614,.T.);
#17724 = ADVANCED_FACE('',(#17725),#17686,.T.);
#17725 = FACE_BOUND('',#17726,.T.);
#17726 = EDGE_LOOP('',(#17727));
#17727 = ORIENTED_EDGE('',*,*,#17669,.T.);
#17728 = MANIFOLD_SOLID_BREP('',#17729);
#17729 = CLOSED_SHELL('',(#17730,#17850,#17926,#18037,#18086,#18113,
    #18120,#18175,#18230,#18234));
#17730 = ADVANCED_FACE('',(#17731),#17745,.F.);
#17731 = FACE_BOUND('',#17732,.F.);
#17732 = EDGE_LOOP('',(#17733,#17768,#17796,#17824));
#17733 = ORIENTED_EDGE('',*,*,#17734,.F.);
#17734 = EDGE_CURVE('',#17735,#17737,#17739,.T.);
#17735 = VERTEX_POINT('',#17736);
#17736 = CARTESIAN_POINT('',(77.88,-25.36,0.));
#17737 = VERTEX_POINT('',#17738);
#17738 = CARTESIAN_POINT('',(77.88,-25.36,102.8));
#17739 = SURFACE_CURVE('',#17740,(#17744,#17756),.PCURVE_S1.);
#17740 = LINE('',#17741,#17742);
#17741 = CARTESIAN_POINT('',(77.88,-25.36,0.));
#17742 = VECTOR('',#17743,1.);
#17743 = DIRECTION('',(0.,0.,1.));
#17744 = PCURVE('',#17745,#17750);
#17745 = PLANE('',#17746);
#17746 = AXIS2_PLACEMENT_3D('',#17747,#17748,#17749);
#17747 = CARTESIAN_POINT('',(77.88,-25.36,0.));
#17748 = DIRECTION('',(1.,0.,0.));
#17749 = DIRECTION('',(0.,0.,1.));
#17750 = DEFINITIONAL_REPRESENTATION('',(#17751),#17755);
#17751 = LINE('',#17752,#17753);
#17752 = CARTESIAN_POINT('',(0.,0.));
#17753 = VECTOR('',#17754,1.);
#17754 = DIRECTION('',(1.,0.));
#17755 = ( GEOMETRIC_REPRESENTATION_CONTEXT(2) 
PARAMETRIC_REPRESENTATION_CONTEXT() REPRESENTATION_CONTEXT('2D SPACE',''
  ) );
#17756 = PCURVE('',#17757,#17762);
#17757 = PLANE('',#17758);
#17758 = AXIS2_PLACEMENT_3D('',#17759,#17760,#17761);
#17759 = CARTESIAN_POINT('',(77.88,-25.36,0.));
#17760 = DIRECTION('',(0.,1.,0.));
#17761 = DIRECTION('',(0.,0.,1.));
#17762 = DEFINITIONAL_REPRESENTATION('',(#17763),#17767);
#17763 = LINE('',#17764,#17765);
#17764 = CARTESIAN_POINT('',(0.,0.));
#17765 = VECTOR('',#17766,1.);
#17766 = DIRECTION('',(1.,0.));
#17767 = ( GEOMETRIC_REPRESENTATION_CONTEXT(2) 
PARAMETRIC_REPRESENTATION_CONTEXT() REPRESENTATION_CONTEXT('2D SPACE',''
  ) );
#17768 = ORIENTED_EDGE('',*,*,#17769,.T.);
#17769 = EDGE_CURVE('',#17735,#17770,#17772,.T.);
#17770 = VERTEX_POINT('',#17771);
#17771 = CARTESIAN_POINT('',(77.88,1.3,0.));
#17772 = SURFACE_CURVE('',#17773,(#17777,#17784),.PCURVE_S1.);
#17773 = LINE('',#17774,#17775);
#17774 = CARTESIAN_POINT('',(77.88,-25.36,0.));
#17775 = VECTOR('',#17776,1.);
#17776 = DIRECTION('',(0.,1.,0.));
#17777 = PCURVE('',#17745,#17778);
#17778 = DEFINITIONAL_REPRESENTATION('',(#17779),#17783);
#17779 = LINE('',#17780,#17781);
#17780 = CARTESIAN_POINT('',(0.,0.));
#17781 = VECTOR('',#17782,1.);
#17782 = DIRECTION('',(0.,-1.));
#17783 = ( GEOMETRIC_REPRESENTATION_CONTEXT(2) 
PARAMETRIC_REPRESENTATION_CONTEXT() REPRESENTATION_CONTEXT('2D SPACE',''
  ) );
#17784 = PCURVE('',#17785,#17790);
#17785 = PLANE('',#17786);
#17786 = AXIS2_PLACEMENT_3D('',#17787,#17788,#17789);
#17787 = CARTESIAN_POINT('',(77.88,-25.36,0.));
#17788 = DIRECTION('',(0.,0.,1.));
#17789 = DIRECTION('',(1.,0.,0.));
#17790 = DEFINITIONAL_REPRESENTATION('',(#17791),#17795);
#17791 = LINE('',#17792,#17793);
#17792 = CARTESIAN_POINT('',(0.,0.));
#17793 = VECTOR('',#17794,1.);
#17794 = DIRECTION('',(0.,1.));
#17795 = ( GEOMETRIC_REPRESENTATION_CONTEXT(2) 
PARAMETRIC_REPRESENTATION_CONTEXT() REPRESENTATION_CONTEXT('2D SPACE',''
  ) );
#17796 = ORIENTED_EDGE('',*,*,#17797,.T.);
#17797 = EDGE_CURVE('',#17770,#17798,#17800,.T.);
#17798 = VERTEX_POINT('',#17799);
#17799 = CARTESIAN_POINT('',(77.88,1.3,102.8));
#17800 = SURFACE_CURVE('',#17801,(#17805,#17812),.PCURVE_S1.);
#17801 = LINE('',#17802,#17803);
#17802 = CARTESIAN_POINT('',(77.88,1.3,0.));
#17803 = VECTOR('',#17804,1.);
#17804 = DIRECTION('',(0.,0.,1.));
#17805 = PCURVE('',#17745,#17806);
#17806 = DEFINITIONAL_REPRESENTATION('',(#17807),#17811);
#17807 = LINE('',#17808,#17809);
#17808 = CARTESIAN_POINT('',(0.,-26.66));
#17809 = VECTOR('',#17810,1.);
#17810 = DIRECTION('',(1.,0.));
#17811 = ( GEOMETRIC_REPRESENTATION_CONTEXT(2) 
PARAMETRIC_REPRESENTATION_CONTEXT() REPRESENTATION_CONTEXT('2D SPACE',''
  ) );
#17812 = PCURVE('',#17813,#17818);
#17813 = PLANE('',#17814);
#17814 = AXIS2_PLACEMENT_3D('',#17815,#17816,#17817);
#17815 = CARTESIAN_POINT('',(77.88,1.3,0.));
#17816 = DIRECTION('',(0.,1.,0.));
#17817 = DIRECTION('',(0.,0.,1.));
#17818 = DEFINITIONAL_REPRESENTATION('',(#17819),#17823);
#17819 = LINE('',#17820,#17821);
#17820 = CARTESIAN_POINT('',(0.,0.));
#17821 = VECTOR('',#17822,1.);
#17822 = DIRECTION('',(1.,0.));
#17823 = ( GEOMETRIC_REPRESENTATION_CONTEXT(2) 
PARAMETRIC_REPRESENTATION_CONTEXT() REPRESENTATION_CONTEXT('2D SPACE',''
  ) );
#17824 = ORIENTED_EDGE('',*,*,#17825,.F.);
#17825 = EDGE_CURVE('',#17737,#17798,#17826,.T.);
#17826 = SURFACE_CURVE('',#17827,(#17831,#17838),.PCURVE_S1.);
#17827 = LINE('',#17828,#17829);
#17828 = CARTESIAN_POINT('',(77.88,-25.36,102.8));
#17829 = VECTOR('',#17830,1.);
#17830 = DIRECTION('',(0.,1.,0.));
#17831 = PCURVE('',#17745,#17832);
#17832 = DEFINITIONAL_REPRESENTATION('',(#17833),#17837);
#17833 = LINE('',#17834,#17835);
#17834 = CARTESIAN_POINT('',(102.8,0.));
#17835 = VECTOR('',#17836,1.);
#17836 = DIRECTION('',(0.,-1.));
#17837 = ( GEOMETRIC_REPRESENTATION_CONTEXT(2) 
PARAMETRIC_REPRESENTATION_CONTEXT() REPRESENTATION_CONTEXT('2D SPACE',''
  ) );
#17838 = PCURVE('',#17839,#17844);
#17839 = PLANE('',#17840);
#17840 = AXIS2_PLACEMENT_3D('',#17841,#17842,#17843);
#17841 = CARTESIAN_POINT('',(77.88,-25.36,102.8));
#17842 = DIRECTION('',(0.,0.,1.));
#17843 = DIRECTION('',(1.,0.,0.));
#17844 = DEFINITIONAL_REPRESENTATION('',(#17845),#17849);
#17845 = LINE('',#17846,#17847);
#17846 = CARTESIAN_POINT('',(0.,0.));
#17847 = VECTOR('',#17848,1.);
#17848 = DIRECTION('',(0.,1.));
#17849 = ( GEOMETRIC_REPRESENTATION_CONTEXT(2) 
PARAMETRIC_REPRESENTATION_CONTEXT() REPRESENTATION_CONTEXT('2D SPACE',''
  ) );
#17850 = ADVANCED_FACE('',(#17851),#17757,.F.);
#17851 = FACE_BOUND('',#17852,.F.);
#17852 = EDGE_LOOP('',(#17853,#17876,#17877,#17900));
#17853 = ORIENTED_EDGE('',*,*,#17854,.F.);
#17854 = EDGE_CURVE('',#17735,#17855,#17857,.T.);
#17855 = VERTEX_POINT('',#17856);
#17856 = CARTESIAN_POINT('',(226.12,-25.36,0.));
#17857 = SURFACE_CURVE('',#17858,(#17862,#17869),.PCURVE_S1.);
#17858 = LINE('',#17859,#17860);
#17859 = CARTESIAN_POINT('',(77.88,-25.36,0.));
#17860 = VECTOR('',#17861,1.);
#17861 = DIRECTION('',(1.,0.,0.));
#17862 = PCURVE('',#17757,#17863);
#17863 = DEFINITIONAL_REPRESENTATION('',(#17864),#17868);
#17864 = LINE('',#17865,#17866);
#17865 = CARTESIAN_POINT('',(0.,0.));
#17866 = VECTOR('',#17867,1.);
#17867 = DIRECTION('',(0.,1.));
#17868 = ( GEOMETRIC_REPRESENTATION_CONTEXT(2) 
PARAMETRIC_REPRESENTATION_CONTEXT() REPRESENTATION_CONTEXT('2D SPACE',''
  ) );
#17869 = PCURVE('',#17785,#17870);
#17870 = DEFINITIONAL_REPRESENTATION('',(#17871),#17875);
#17871 = LINE('',#17872,#17873);
#17872 = CARTESIAN_POINT('',(0.,0.));
#17873 = VECTOR('',#17874,1.);
#17874 = DIRECTION('',(1.,0.));
#17875 = ( GEOMETRIC_REPRESENTATION_CONTEXT(2) 
PARAMETRIC_REPRESENTATION_CONTEXT() REPRESENTATION_CONTEXT('2D SPACE',''
  ) );
#17876 = ORIENTED_EDGE('',*,*,#17734,.T.);
#17877 = ORIENTED_EDGE('',*,*,#17878,.T.);
#17878 = EDGE_CURVE('',#17737,#17879,#17881,.T.);
#17879 = VERTEX_POINT('',#17880);
#17880 = CARTESIAN_POINT('',(226.12,-25.36,102.8));
#17881 = SURFACE_CURVE('',#17882,(#17886,#17893),.PCURVE_S1.);
#17882 = LINE('',#17883,#17884);
#17883 = CARTESIAN_POINT('',(77.88,-25.36,102.8));
#17884 = VECTOR('',#17885,1.);
#17885 = DIRECTION('',(1.,0.,0.));
#17886 = PCURVE('',#17757,#17887);
#17887 = DEFINITIONAL_REPRESENTATION('',(#17888),#17892);
#17888 = LINE('',#17889,#17890);
#17889 = CARTESIAN_POINT('',(102.8,0.));
#17890 = VECTOR('',#17891,1.);
#17891 = DIRECTION('',(0.,1.));
#17892 = ( GEOMETRIC_REPRESENTATION_CONTEXT(2) 
PARAMETRIC_REPRESENTATION_CONTEXT() REPRESENTATION_CONTEXT('2D SPACE',''
  ) );
#17893 = PCURVE('',#17839,#17894);
#17894 = DEFINITIONAL_REPRESENTATION('',(#17895),#17899);
#17895 = LINE('',#17896,#17897);
#17896 = CARTESIAN_POINT('',(0.,0.));
#17897 = VECTOR('',#17898,1.);
#17898 = DIRECTION('',(1.,0.));
#17899 = ( GEOMETRIC_REPRESENTATION_CONTEXT(2) 
PARAMETRIC_REPRESENTATION_CONTEXT() REPRESENTATION_CONTEXT('2D SPACE',''
  ) );
#17900 = ORIENTED_EDGE('',*,*,#17901,.F.);
#17901 = EDGE_CURVE('',#17855,#17879,#17902,.T.);
#17902 = SURFACE_CURVE('',#17903,(#17907,#17914),.PCURVE_S1.);
#17903 = LINE('',#17904,#17905);
#17904 = CARTESIAN_POINT('',(226.12,-25.36,0.));
#17905 = VECTOR('',#17906,1.);
#17906 = DIRECTION('',(0.,0.,1.));
#17907 = PCURVE('',#17757,#17908);
#17908 = DEFINITIONAL_REPRESENTATION('',(#17909),#17913);
#17909 = LINE('',#17910,#17911);
#17910 = CARTESIAN_POINT('',(0.,148.24));
#17911 = VECTOR('',#17912,1.);
#17912 = DIRECTION('',(1.,0.));
#17913 = ( GEOMETRIC_REPRESENTATION_CONTEXT(2) 
PARAMETRIC_REPRESENTATION_CONTEXT() REPRESENTATION_CONTEXT('2D SPACE',''
  ) );
#17914 = PCURVE('',#17915,#17920);
#17915 = PLANE('',#17916);
#17916 = AXIS2_PLACEMENT_3D('',#17917,#17918,#17919);
#17917 = CARTESIAN_POINT('',(226.12,-25.36,0.));
#17918 = DIRECTION('',(1.,0.,0.));
#17919 = DIRECTION('',(0.,0.,1.));
#17920 = DEFINITIONAL_REPRESENTATION('',(#17921),#17925);
#17921 = LINE('',#17922,#17923);
#17922 = CARTESIAN_POINT('',(0.,0.));
#17923 = VECTOR('',#17924,1.);
#17924 = DIRECTION('',(1.,0.));
#17925 = ( GEOMETRIC_REPRESENTATION_CONTEXT(2) 
PARAMETRIC_REPRESENTATION_CONTEXT() REPRESENTATION_CONTEXT('2D SPACE',''
  ) );
#17926 = ADVANCED_FACE('',(#17927,#17975,#18006),#17839,.T.);
#17927 = FACE_BOUND('',#17928,.T.);
#17928 = EDGE_LOOP('',(#17929,#17930,#17931,#17954));
#17929 = ORIENTED_EDGE('',*,*,#17825,.F.);
#17930 = ORIENTED_EDGE('',*,*,#17878,.T.);
#17931 = ORIENTED_EDGE('',*,*,#17932,.T.);
#17932 = EDGE_CURVE('',#17879,#17933,#17935,.T.);
#17933 = VERTEX_POINT('',#17934);
#17934 = CARTESIAN_POINT('',(226.12,1.3,102.8));
#17935 = SURFACE_CURVE('',#17936,(#17940,#17947),.PCURVE_S1.);
#17936 = LINE('',#17937,#17938);
#17937 = CARTESIAN_POINT('',(226.12,-25.36,102.8));
#17938 = VECTOR('',#17939,1.);
#17939 = DIRECTION('',(0.,1.,0.));
#17940 = PCURVE('',#17839,#17941);
#17941 = DEFINITIONAL_REPRESENTATION('',(#17942),#17946);
#17942 = LINE('',#17943,#17944);
#17943 = CARTESIAN_POINT('',(148.24,0.));
#17944 = VECTOR('',#17945,1.);
#17945 = DIRECTION('',(0.,1.));
#17946 = ( GEOMETRIC_REPRESENTATION_CONTEXT(2) 
PARAMETRIC_REPRESENTATION_CONTEXT() REPRESENTATION_CONTEXT('2D SPACE',''
  ) );
#17947 = PCURVE('',#17915,#17948);
#17948 = DEFINITIONAL_REPRESENTATION('',(#17949),#17953);
#17949 = LINE('',#17950,#17951);
#17950 = CARTESIAN_POINT('',(102.8,0.));
#17951 = VECTOR('',#17952,1.);
#17952 = DIRECTION('',(0.,-1.));
#17953 = ( GEOMETRIC_REPRESENTATION_CONTEXT(2) 
PARAMETRIC_REPRESENTATION_CONTEXT() REPRESENTATION_CONTEXT('2D SPACE',''
  ) );
#17954 = ORIENTED_EDGE('',*,*,#17955,.F.);
#17955 = EDGE_CURVE('',#17798,#17933,#17956,.T.);
#17956 = SURFACE_CURVE('',#17957,(#17961,#17968),.PCURVE_S1.);
#17957 = LINE('',#17958,#17959);
#17958 = CARTESIAN_POINT('',(77.88,1.3,102.8));
#17959 = VECTOR('',#17960,1.);
#17960 = DIRECTION('',(1.,0.,0.));
#17961 = PCURVE('',#17839,#17962);
#17962 = DEFINITIONAL_REPRESENTATION('',(#17963),#17967);
#17963 = LINE('',#17964,#17965);
#17964 = CARTESIAN_POINT('',(0.,26.66));
#17965 = VECTOR('',#17966,1.);
#17966 = DIRECTION('',(1.,0.));
#17967 = ( GEOMETRIC_REPRESENTATION_CONTEXT(2) 
PARAMETRIC_REPRESENTATION_CONTEXT() REPRESENTATION_CONTEXT('2D SPACE',''
  ) );
#17968 = PCURVE('',#17813,#17969);
#17969 = DEFINITIONAL_REPRESENTATION('',(#17970),#17974);
#17970 = LINE('',#17971,#17972);
#17971 = CARTESIAN_POINT('',(102.8,0.));
#17972 = VECTOR('',#17973,1.);
#17973 = DIRECTION('',(0.,1.));
#17974 = ( GEOMETRIC_REPRESENTATION_CONTEXT(2) 
PARAMETRIC_REPRESENTATION_CONTEXT() REPRESENTATION_CONTEXT('2D SPACE',''
  ) );
#17975 = FACE_BOUND('',#17976,.T.);
#17976 = EDGE_LOOP('',(#17977));
#17977 = ORIENTED_EDGE('',*,*,#17978,.F.);
#17978 = EDGE_CURVE('',#17979,#17979,#17981,.T.);
#17979 = VERTEX_POINT('',#17980);
#17980 = CARTESIAN_POINT('',(212.74,-12.03,102.8));
#17981 = SURFACE_CURVE('',#17982,(#17987,#17994),.PCURVE_S1.);
#17982 = CIRCLE('',#17983,5.44);
#17983 = AXIS2_PLACEMENT_3D('',#17984,#17985,#17986);
#17984 = CARTESIAN_POINT('',(207.3,-12.03,102.8));
#17985 = DIRECTION('',(0.,0.,1.));
#17986 = DIRECTION('',(1.,0.,0.));
#17987 = PCURVE('',#17839,#17988);
#17988 = DEFINITIONAL_REPRESENTATION('',(#17989),#17993);
#17989 = CIRCLE('',#17990,5.44);
#17990 = AXIS2_PLACEMENT_2D('',#17991,#17992);
#17991 = CARTESIAN_POINT('',(129.42,13.33));
#17992 = DIRECTION('',(1.,0.));
#17993 = ( GEOMETRIC_REPRESENTATION_CONTEXT(2) 
PARAMETRIC_REPRESENTATION_CONTEXT() REPRESENTATION_CONTEXT('2D SPACE',''
  ) );
#17994 = PCURVE('',#17995,#18000);
#17995 = CYLINDRICAL_SURFACE('',#17996,5.44);
#17996 = AXIS2_PLACEMENT_3D('',#17997,#17998,#17999);
#17997 = CARTESIAN_POINT('',(207.3,-12.03,102.8));
#17998 = DIRECTION('',(0.,0.,1.));
#17999 = DIRECTION('',(1.,0.,0.));
#18000 = DEFINITIONAL_REPRESENTATION('',(#18001),#18005);
#18001 = LINE('',#18002,#18003);
#18002 = CARTESIAN_POINT('',(0.,0.));
#18003 = VECTOR('',#18004,1.);
#18004 = DIRECTION('',(1.,0.));
#18005 = ( GEOMETRIC_REPRESENTATION_CONTEXT(2) 
PARAMETRIC_REPRESENTATION_CONTEXT() REPRESENTATION_CONTEXT('2D SPACE',''
  ) );
#18006 = FACE_BOUND('',#18007,.T.);
#18007 = EDGE_LOOP('',(#18008));
#18008 = ORIENTED_EDGE('',*,*,#18009,.F.);
#18009 = EDGE_CURVE('',#18010,#18010,#18012,.T.);
#18010 = VERTEX_POINT('',#18011);
#18011 = CARTESIAN_POINT('',(102.14,-12.03,102.8));
#18012 = SURFACE_CURVE('',#18013,(#18018,#18025),.PCURVE_S1.);
#18013 = CIRCLE('',#18014,5.44);
#18014 = AXIS2_PLACEMENT_3D('',#18015,#18016,#18017);
#18015 = CARTESIAN_POINT('',(96.7,-12.03,102.8));
#18016 = DIRECTION('',(0.,0.,1.));
#18017 = DIRECTION('',(1.,0.,0.));
#18018 = PCURVE('',#17839,#18019);
#18019 = DEFINITIONAL_REPRESENTATION('',(#18020),#18024);
#18020 = CIRCLE('',#18021,5.44);
#18021 = AXIS2_PLACEMENT_2D('',#18022,#18023);
#18022 = CARTESIAN_POINT('',(18.82,13.33));
#18023 = DIRECTION('',(1.,0.));
#18024 = ( GEOMETRIC_REPRESENTATION_CONTEXT(2) 
PARAMETRIC_REPRESENTATION_CONTEXT() REPRESENTATION_CONTEXT('2D SPACE',''
  ) );
#18025 = PCURVE('',#18026,#18031);
#18026 = CYLINDRICAL_SURFACE('',#18027,5.44);
#18027 = AXIS2_PLACEMENT_3D('',#18028,#18029,#18030);
#18028 = CARTESIAN_POINT('',(96.7,-12.03,102.8));
#18029 = DIRECTION('',(0.,0.,1.));
#18030 = DIRECTION('',(1.,0.,0.));
#18031 = DEFINITIONAL_REPRESENTATION('',(#18032),#18036);
#18032 = LINE('',#18033,#18034);
#18033 = CARTESIAN_POINT('',(0.,0.));
#18034 = VECTOR('',#18035,1.);
#18035 = DIRECTION('',(1.,0.));
#18036 = ( GEOMETRIC_REPRESENTATION_CONTEXT(2) 
PARAMETRIC_REPRESENTATION_CONTEXT() REPRESENTATION_CONTEXT('2D SPACE',''
  ) );
#18037 = ADVANCED_FACE('',(#18038),#17813,.T.);
#18038 = FACE_BOUND('',#18039,.T.);
#18039 = EDGE_LOOP('',(#18040,#18063,#18064,#18065));
#18040 = ORIENTED_EDGE('',*,*,#18041,.F.);
#18041 = EDGE_CURVE('',#17770,#18042,#18044,.T.);
#18042 = VERTEX_POINT('',#18043);
#18043 = CARTESIAN_POINT('',(226.12,1.3,0.));
#18044 = SURFACE_CURVE('',#18045,(#18049,#18056),.PCURVE_S1.);
#18045 = LINE('',#18046,#18047);
#18046 = CARTESIAN_POINT('',(77.88,1.3,0.));
#18047 = VECTOR('',#18048,1.);
#18048 = DIRECTION('',(1.,0.,0.));
#18049 = PCURVE('',#17813,#18050);
#18050 = DEFINITIONAL_REPRESENTATION('',(#18051),#18055);
#18051 = LINE('',#18052,#18053);
#18052 = CARTESIAN_POINT('',(0.,0.));
#18053 = VECTOR('',#18054,1.);
#18054 = DIRECTION('',(0.,1.));
#18055 = ( GEOMETRIC_REPRESENTATION_CONTEXT(2) 
PARAMETRIC_REPRESENTATION_CONTEXT() REPRESENTATION_CONTEXT('2D SPACE',''
  ) );
#18056 = PCURVE('',#17785,#18057);
#18057 = DEFINITIONAL_REPRESENTATION('',(#18058),#18062);
#18058 = LINE('',#18059,#18060);
#18059 = CARTESIAN_POINT('',(0.,26.66));
#18060 = VECTOR('',#18061,1.);
#18061 = DIRECTION('',(1.,0.));
#18062 = ( GEOMETRIC_REPRESENTATION_CONTEXT(2) 
PARAMETRIC_REPRESENTATION_CONTEXT() REPRESENTATION_CONTEXT('2D SPACE',''
  ) );
#18063 = ORIENTED_EDGE('',*,*,#17797,.T.);
#18064 = ORIENTED_EDGE('',*,*,#17955,.T.);
#18065 = ORIENTED_EDGE('',*,*,#18066,.F.);
#18066 = EDGE_CURVE('',#18042,#17933,#18067,.T.);
#18067 = SURFACE_CURVE('',#18068,(#18072,#18079),.PCURVE_S1.);
#18068 = LINE('',#18069,#18070);
#18069 = CARTESIAN_POINT('',(226.12,1.3,0.));
#18070 = VECTOR('',#18071,1.);
#18071 = DIRECTION('',(0.,0.,1.));
#18072 = PCURVE('',#17813,#18073);
#18073 = DEFINITIONAL_REPRESENTATION('',(#18074),#18078);
#18074 = LINE('',#18075,#18076);
#18075 = CARTESIAN_POINT('',(0.,148.24));
#18076 = VECTOR('',#18077,1.);
#18077 = DIRECTION('',(1.,0.));
#18078 = ( GEOMETRIC_REPRESENTATION_CONTEXT(2) 
PARAMETRIC_REPRESENTATION_CONTEXT() REPRESENTATION_CONTEXT('2D SPACE',''
  ) );
#18079 = PCURVE('',#17915,#18080);
#18080 = DEFINITIONAL_REPRESENTATION('',(#18081),#18085);
#18081 = LINE('',#18082,#18083);
#18082 = CARTESIAN_POINT('',(0.,-26.66));
#18083 = VECTOR('',#18084,1.);
#18084 = DIRECTION('',(1.,0.));
#18085 = ( GEOMETRIC_REPRESENTATION_CONTEXT(2) 
PARAMETRIC_REPRESENTATION_CONTEXT() REPRESENTATION_CONTEXT('2D SPACE',''
  ) );
#18086 = ADVANCED_FACE('',(#18087),#17785,.F.);
#18087 = FACE_BOUND('',#18088,.F.);
#18088 = EDGE_LOOP('',(#18089,#18090,#18091,#18112));
#18089 = ORIENTED_EDGE('',*,*,#17769,.F.);
#18090 = ORIENTED_EDGE('',*,*,#17854,.T.);
#18091 = ORIENTED_EDGE('',*,*,#18092,.T.);
#18092 = EDGE_CURVE('',#17855,#18042,#18093,.T.);
#18093 = SURFACE_CURVE('',#18094,(#18098,#18105),.PCURVE_S1.);
#18094 = LINE('',#18095,#18096);
#18095 = CARTESIAN_POINT('',(226.12,-25.36,0.));
#18096 = VECTOR('',#18097,1.);
#18097 = DIRECTION('',(0.,1.,0.));
#18098 = PCURVE('',#17785,#18099);
#18099 = DEFINITIONAL_REPRESENTATION('',(#18100),#18104);
#18100 = LINE('',#18101,#18102);
#18101 = CARTESIAN_POINT('',(148.24,0.));
#18102 = VECTOR('',#18103,1.);
#18103 = DIRECTION('',(0.,1.));
#18104 = ( GEOMETRIC_REPRESENTATION_CONTEXT(2) 
PARAMETRIC_REPRESENTATION_CONTEXT() REPRESENTATION_CONTEXT('2D SPACE',''
  ) );
#18105 = PCURVE('',#17915,#18106);
#18106 = DEFINITIONAL_REPRESENTATION('',(#18107),#18111);
#18107 = LINE('',#18108,#18109);
#18108 = CARTESIAN_POINT('',(0.,0.));
#18109 = VECTOR('',#18110,1.);
#18110 = DIRECTION('',(0.,-1.));
#18111 = ( GEOMETRIC_REPRESENTATION_CONTEXT(2) 
PARAMETRIC_REPRESENTATION_CONTEXT() REPRESENTATION_CONTEXT('2D SPACE',''
  ) );
#18112 = ORIENTED_EDGE('',*,*,#18041,.F.);
#18113 = ADVANCED_FACE('',(#18114),#17915,.T.);
#18114 = FACE_BOUND('',#18115,.T.);
#18115 = EDGE_LOOP('',(#18116,#18117,#18118,#18119));
#18116 = ORIENTED_EDGE('',*,*,#17901,.F.);
#18117 = ORIENTED_EDGE('',*,*,#18092,.T.);
#18118 = ORIENTED_EDGE('',*,*,#18066,.T.);
#18119 = ORIENTED_EDGE('',*,*,#17932,.F.);
#18120 = ADVANCED_FACE('',(#18121),#17995,.T.);
#18121 = FACE_BOUND('',#18122,.T.);
#18122 = EDGE_LOOP('',(#18123,#18152,#18173,#18174));
#18123 = ORIENTED_EDGE('',*,*,#18124,.F.);
#18124 = EDGE_CURVE('',#18125,#18125,#18127,.T.);
#18125 = VERTEX_POINT('',#18126);
#18126 = CARTESIAN_POINT('',(212.74,-12.03,105.9));
#18127 = SURFACE_CURVE('',#18128,(#18133,#18140),.PCURVE_S1.);
#18128 = CIRCLE('',#18129,5.44);
#18129 = AXIS2_PLACEMENT_3D('',#18130,#18131,#18132);
#18130 = CARTESIAN_POINT('',(207.3,-12.03,105.9));
#18131 = DIRECTION('',(0.,0.,1.));
#18132 = DIRECTION('',(1.,0.,0.));
#18133 = PCURVE('',#17995,#18134);
#18134 = DEFINITIONAL_REPRESENTATION('',(#18135),#18139);
#18135 = LINE('',#18136,#18137);
#18136 = CARTESIAN_POINT('',(0.,3.1));
#18137 = VECTOR('',#18138,1.);
#18138 = DIRECTION('',(1.,0.));
#18139 = ( GEOMETRIC_REPRESENTATION_CONTEXT(2) 
PARAMETRIC_REPRESENTATION_CONTEXT() REPRESENTATION_CONTEXT('2D SPACE',''
  ) );
#18140 = PCURVE('',#18141,#18146);
#18141 = PLANE('',#18142);
#18142 = AXIS2_PLACEMENT_3D('',#18143,#18144,#18145);
#18143 = CARTESIAN_POINT('',(207.3,-12.03,105.9));
#18144 = DIRECTION('',(0.,0.,1.));
#18145 = DIRECTION('',(1.,0.,0.));
#18146 = DEFINITIONAL_REPRESENTATION('',(#18147),#18151);
#18147 = CIRCLE('',#18148,5.44);
#18148 = AXIS2_PLACEMENT_2D('',#18149,#18150);
#18149 = CARTESIAN_POINT('',(0.,0.));
#18150 = DIRECTION('',(1.,0.));
#18151 = ( GEOMETRIC_REPRESENTATION_CONTEXT(2) 
PARAMETRIC_REPRESENTATION_CONTEXT() REPRESENTATION_CONTEXT('2D SPACE',''
  ) );
#18152 = ORIENTED_EDGE('',*,*,#18153,.F.);
#18153 = EDGE_CURVE('',#17979,#18125,#18154,.T.);
#18154 = SEAM_CURVE('',#18155,(#18159,#18166),.PCURVE_S1.);
#18155 = LINE('',#18156,#18157);
#18156 = CARTESIAN_POINT('',(212.74,-12.03,102.8));
#18157 = VECTOR('',#18158,1.);
#18158 = DIRECTION('',(0.,0.,1.));
#18159 = PCURVE('',#17995,#18160);
#18160 = DEFINITIONAL_REPRESENTATION('',(#18161),#18165);
#18161 = LINE('',#18162,#18163);
#18162 = CARTESIAN_POINT('',(6.28318530718,-0.));
#18163 = VECTOR('',#18164,1.);
#18164 = DIRECTION('',(0.,1.));
#18165 = ( GEOMETRIC_REPRESENTATION_CONTEXT(2) 
PARAMETRIC_REPRESENTATION_CONTEXT() REPRESENTATION_CONTEXT('2D SPACE',''
  ) );
#18166 = PCURVE('',#17995,#18167);
#18167 = DEFINITIONAL_REPRESENTATION('',(#18168),#18172);
#18168 = LINE('',#18169,#18170);
#18169 = CARTESIAN_POINT('',(0.,-0.));
#18170 = VECTOR('',#18171,1.);
#18171 = DIRECTION('',(0.,1.));
#18172 = ( GEOMETRIC_REPRESENTATION_CONTEXT(2) 
PARAMETRIC_REPRESENTATION_CONTEXT() REPRESENTATION_CONTEXT('2D SPACE',''
  ) );
#18173 = ORIENTED_EDGE('',*,*,#17978,.T.);
#18174 = ORIENTED_EDGE('',*,*,#18153,.T.);
#18175 = ADVANCED_FACE('',(#18176),#18026,.T.);
#18176 = FACE_BOUND('',#18177,.T.);
#18177 = EDGE_LOOP('',(#18178,#18207,#18228,#18229));
#18178 = ORIENTED_EDGE('',*,*,#18179,.F.);
#18179 = EDGE_CURVE('',#18180,#18180,#18182,.T.);
#18180 = VERTEX_POINT('',#18181);
#18181 = CARTESIAN_POINT('',(102.14,-12.03,105.9));
#18182 = SURFACE_CURVE('',#18183,(#18188,#18195),.PCURVE_S1.);
#18183 = CIRCLE('',#18184,5.44);
#18184 = AXIS2_PLACEMENT_3D('',#18185,#18186,#18187);
#18185 = CARTESIAN_POINT('',(96.7,-12.03,105.9));
#18186 = DIRECTION('',(0.,0.,1.));
#18187 = DIRECTION('',(1.,0.,0.));
#18188 = PCURVE('',#18026,#18189);
#18189 = DEFINITIONAL_REPRESENTATION('',(#18190),#18194);
#18190 = LINE('',#18191,#18192);
#18191 = CARTESIAN_POINT('',(0.,3.1));
#18192 = VECTOR('',#18193,1.);
#18193 = DIRECTION('',(1.,0.));
#18194 = ( GEOMETRIC_REPRESENTATION_CONTEXT(2) 
PARAMETRIC_REPRESENTATION_CONTEXT() REPRESENTATION_CONTEXT('2D SPACE',''
  ) );
#18195 = PCURVE('',#18196,#18201);
#18196 = PLANE('',#18197);
#18197 = AXIS2_PLACEMENT_3D('',#18198,#18199,#18200);
#18198 = CARTESIAN_POINT('',(96.7,-12.03,105.9));
#18199 = DIRECTION('',(0.,0.,1.));
#18200 = DIRECTION('',(1.,0.,0.));
#18201 = DEFINITIONAL_REPRESENTATION('',(#18202),#18206);
#18202 = CIRCLE('',#18203,5.44);
#18203 = AXIS2_PLACEMENT_2D('',#18204,#18205);
#18204 = CARTESIAN_POINT('',(0.,0.));
#18205 = DIRECTION('',(1.,0.));
#18206 = ( GEOMETRIC_REPRESENTATION_CONTEXT(2) 
PARAMETRIC_REPRESENTATION_CONTEXT() REPRESENTATION_CONTEXT('2D SPACE',''
  ) );
#18207 = ORIENTED_EDGE('',*,*,#18208,.F.);
#18208 = EDGE_CURVE('',#18010,#18180,#18209,.T.);
#18209 = SEAM_CURVE('',#18210,(#18214,#18221),.PCURVE_S1.);
#18210 = LINE('',#18211,#18212);
#18211 = CARTESIAN_POINT('',(102.14,-12.03,102.8));
#18212 = VECTOR('',#18213,1.);
#18213 = DIRECTION('',(0.,0.,1.));
#18214 = PCURVE('',#18026,#18215);
#18215 = DEFINITIONAL_REPRESENTATION('',(#18216),#18220);
#18216 = LINE('',#18217,#18218);
#18217 = CARTESIAN_POINT('',(6.28318530718,-0.));
#18218 = VECTOR('',#18219,1.);
#18219 = DIRECTION('',(0.,1.));
#18220 = ( GEOMETRIC_REPRESENTATION_CONTEXT(2) 
PARAMETRIC_REPRESENTATION_CONTEXT() REPRESENTATION_CONTEXT('2D SPACE',''
  ) );
#18221 = PCURVE('',#18026,#18222);
#18222 = DEFINITIONAL_REPRESENTATION('',(#18223),#18227);
#18223 = LINE('',#18224,#18225);
#18224 = CARTESIAN_POINT('',(0.,-0.));
#18225 = VECTOR('',#18226,1.);
#18226 = DIRECTION('',(0.,1.));
#18227 = ( GEOMETRIC_REPRESENTATION_CONTEXT(2) 
PARAMETRIC_REPRESENTATION_CONTEXT() REPRESENTATION_CONTEXT('2D SPACE',''
  ) );
#18228 = ORIENTED_EDGE('',*,*,#18009,.T.);
#18229 = ORIENTED_EDGE('',*,*,#18208,.T.);
#18230 = ADVANCED_FACE('',(#18231),#18141,.T.);
#18231 = FACE_BOUND('',#18232,.T.);
#18232 = EDGE_LOOP('',(#18233));
#18233 = ORIENTED_EDGE('',*,*,#18124,.T.);
#18234 = ADVANCED_FACE('',(#18235),#18196,.T.);
#18235 = FACE_BOUND('',#18236,.T.);
#18236 = EDGE_LOOP('',(#18237));
#18237 = ORIENTED_EDGE('',*,*,#18179,.T.);
#18238 = MANIFOLD_SOLID_BREP('',#18239);
#18239 = CLOSED_SHELL('',(#18240,#18360,#18436,#18547,#18596,#18623,
    #18630,#18685,#18740,#18744));
#18240 = ADVANCED_FACE('',(#18241),#18255,.F.);
#18241 = FACE_BOUND('',#18242,.F.);
#18242 = EDGE_LOOP('',(#18243,#18278,#18306,#18334));
#18243 = ORIENTED_EDGE('',*,*,#18244,.F.);
#18244 = EDGE_CURVE('',#18245,#18247,#18249,.T.);
#18245 = VERTEX_POINT('',#18246);
#18246 = CARTESIAN_POINT('',(226.12,30.96,0.));
#18247 = VERTEX_POINT('',#18248);
#18248 = CARTESIAN_POINT('',(226.12,30.96,102.8));
#18249 = SURFACE_CURVE('',#18250,(#18254,#18266),.PCURVE_S1.);
#18250 = LINE('',#18251,#18252);
#18251 = CARTESIAN_POINT('',(226.12,30.96,0.));
#18252 = VECTOR('',#18253,1.);
#18253 = DIRECTION('',(0.,0.,1.));
#18254 = PCURVE('',#18255,#18260);
#18255 = PLANE('',#18256);
#18256 = AXIS2_PLACEMENT_3D('',#18257,#18258,#18259);
#18257 = CARTESIAN_POINT('',(226.12,30.96,0.));
#18258 = DIRECTION('',(-1.,1.224646799147E-16,0.));
#18259 = DIRECTION('',(0.,0.,1.));
#18260 = DEFINITIONAL_REPRESENTATION('',(#18261),#18265);
#18261 = LINE('',#18262,#18263);
#18262 = CARTESIAN_POINT('',(0.,0.));
#18263 = VECTOR('',#18264,1.);
#18264 = DIRECTION('',(1.,0.));
#18265 = ( GEOMETRIC_REPRESENTATION_CONTEXT(2) 
PARAMETRIC_REPRESENTATION_CONTEXT() REPRESENTATION_CONTEXT('2D SPACE',''
  ) );
#18266 = PCURVE('',#18267,#18272);
#18267 = PLANE('',#18268);
#18268 = AXIS2_PLACEMENT_3D('',#18269,#18270,#18271);
#18269 = CARTESIAN_POINT('',(226.12,30.96,0.));
#18270 = DIRECTION('',(-1.224646799147E-16,-1.,0.));
#18271 = DIRECTION('',(0.,0.,1.));
#18272 = DEFINITIONAL_REPRESENTATION('',(#18273),#18277);
#18273 = LINE('',#18274,#18275);
#18274 = CARTESIAN_POINT('',(0.,0.));
#18275 = VECTOR('',#18276,1.);
#18276 = DIRECTION('',(1.,0.));
#18277 = ( GEOMETRIC_REPRESENTATION_CONTEXT(2) 
PARAMETRIC_REPRESENTATION_CONTEXT() REPRESENTATION_CONTEXT('2D SPACE',''
  ) );
#18278 = ORIENTED_EDGE('',*,*,#18279,.T.);
#18279 = EDGE_CURVE('',#18245,#18280,#18282,.T.);
#18280 = VERTEX_POINT('',#18281);
#18281 = CARTESIAN_POINT('',(226.12,4.3,0.));
#18282 = SURFACE_CURVE('',#18283,(#18287,#18294),.PCURVE_S1.);
#18283 = LINE('',#18284,#18285);
#18284 = CARTESIAN_POINT('',(226.12,30.96,0.));
#18285 = VECTOR('',#18286,1.);
#18286 = DIRECTION('',(-1.224646799147E-16,-1.,0.));
#18287 = PCURVE('',#18255,#18288);
#18288 = DEFINITIONAL_REPRESENTATION('',(#18289),#18293);
#18289 = LINE('',#18290,#18291);
#18290 = CARTESIAN_POINT('',(0.,0.));
#18291 = VECTOR('',#18292,1.);
#18292 = DIRECTION('',(0.,-1.));
#18293 = ( GEOMETRIC_REPRESENTATION_CONTEXT(2) 
PARAMETRIC_REPRESENTATION_CONTEXT() REPRESENTATION_CONTEXT('2D SPACE',''
  ) );
#18294 = PCURVE('',#18295,#18300);
#18295 = PLANE('',#18296);
#18296 = AXIS2_PLACEMENT_3D('',#18297,#18298,#18299);
#18297 = CARTESIAN_POINT('',(226.12,30.96,0.));
#18298 = DIRECTION('',(0.,0.,1.));
#18299 = DIRECTION('',(-1.,1.224646799147E-16,0.));
#18300 = DEFINITIONAL_REPRESENTATION('',(#18301),#18305);
#18301 = LINE('',#18302,#18303);
#18302 = CARTESIAN_POINT('',(0.,0.));
#18303 = VECTOR('',#18304,1.);
#18304 = DIRECTION('',(0.,1.));
#18305 = ( GEOMETRIC_REPRESENTATION_CONTEXT(2) 
PARAMETRIC_REPRESENTATION_CONTEXT() REPRESENTATION_CONTEXT('2D SPACE',''
  ) );
#18306 = ORIENTED_EDGE('',*,*,#18307,.T.);
#18307 = EDGE_CURVE('',#18280,#18308,#18310,.T.);
#18308 = VERTEX_POINT('',#18309);
#18309 = CARTESIAN_POINT('',(226.12,4.3,102.8));
#18310 = SURFACE_CURVE('',#18311,(#18315,#18322),.PCURVE_S1.);
#18311 = LINE('',#18312,#18313);
#18312 = CARTESIAN_POINT('',(226.12,4.3,0.));
#18313 = VECTOR('',#18314,1.);
#18314 = DIRECTION('',(0.,0.,1.));
#18315 = PCURVE('',#18255,#18316);
#18316 = DEFINITIONAL_REPRESENTATION('',(#18317),#18321);
#18317 = LINE('',#18318,#18319);
#18318 = CARTESIAN_POINT('',(0.,-26.66));
#18319 = VECTOR('',#18320,1.);
#18320 = DIRECTION('',(1.,0.));
#18321 = ( GEOMETRIC_REPRESENTATION_CONTEXT(2) 
PARAMETRIC_REPRESENTATION_CONTEXT() REPRESENTATION_CONTEXT('2D SPACE',''
  ) );
#18322 = PCURVE('',#18323,#18328);
#18323 = PLANE('',#18324);
#18324 = AXIS2_PLACEMENT_3D('',#18325,#18326,#18327);
#18325 = CARTESIAN_POINT('',(226.12,4.3,0.));
#18326 = DIRECTION('',(-1.224646799147E-16,-1.,0.));
#18327 = DIRECTION('',(0.,0.,1.));
#18328 = DEFINITIONAL_REPRESENTATION('',(#18329),#18333);
#18329 = LINE('',#18330,#18331);
#18330 = CARTESIAN_POINT('',(0.,0.));
#18331 = VECTOR('',#18332,1.);
#18332 = DIRECTION('',(1.,0.));
#18333 = ( GEOMETRIC_REPRESENTATION_CONTEXT(2) 
PARAMETRIC_REPRESENTATION_CONTEXT() REPRESENTATION_CONTEXT('2D SPACE',''
  ) );
#18334 = ORIENTED_EDGE('',*,*,#18335,.F.);
#18335 = EDGE_CURVE('',#18247,#18308,#18336,.T.);
#18336 = SURFACE_CURVE('',#18337,(#18341,#18348),.PCURVE_S1.);
#18337 = LINE('',#18338,#18339);
#18338 = CARTESIAN_POINT('',(226.12,30.96,102.8));
#18339 = VECTOR('',#18340,1.);
#18340 = DIRECTION('',(-1.224646799147E-16,-1.,0.));
#18341 = PCURVE('',#18255,#18342);
#18342 = DEFINITIONAL_REPRESENTATION('',(#18343),#18347);
#18343 = LINE('',#18344,#18345);
#18344 = CARTESIAN_POINT('',(102.8,0.));
#18345 = VECTOR('',#18346,1.);
#18346 = DIRECTION('',(0.,-1.));
#18347 = ( GEOMETRIC_REPRESENTATION_CONTEXT(2) 
PARAMETRIC_REPRESENTATION_CONTEXT() REPRESENTATION_CONTEXT('2D SPACE',''
  ) );
#18348 = PCURVE('',#18349,#18354);
#18349 = PLANE('',#18350);
#18350 = AXIS2_PLACEMENT_3D('',#18351,#18352,#18353);
#18351 = CARTESIAN_POINT('',(226.12,30.96,102.8));
#18352 = DIRECTION('',(0.,0.,1.));
#18353 = DIRECTION('',(-1.,1.224646799147E-16,0.));
#18354 = DEFINITIONAL_REPRESENTATION('',(#18355),#18359);
#18355 = LINE('',#18356,#18357);
#18356 = CARTESIAN_POINT('',(0.,0.));
#18357 = VECTOR('',#18358,1.);
#18358 = DIRECTION('',(0.,1.));
#18359 = ( GEOMETRIC_REPRESENTATION_CONTEXT(2) 
PARAMETRIC_REPRESENTATION_CONTEXT() REPRESENTATION_CONTEXT('2D SPACE',''
  ) );
#18360 = ADVANCED_FACE('',(#18361),#18267,.F.);
#18361 = FACE_BOUND('',#18362,.F.);
#18362 = EDGE_LOOP('',(#18363,#18386,#18387,#18410));
#18363 = ORIENTED_EDGE('',*,*,#18364,.F.);
#18364 = EDGE_CURVE('',#18245,#18365,#18367,.T.);
#18365 = VERTEX_POINT('',#18366);
#18366 = CARTESIAN_POINT('',(77.88,30.96,0.));
#18367 = SURFACE_CURVE('',#18368,(#18372,#18379),.PCURVE_S1.);
#18368 = LINE('',#18369,#18370);
#18369 = CARTESIAN_POINT('',(226.12,30.96,0.));
#18370 = VECTOR('',#18371,1.);
#18371 = DIRECTION('',(-1.,1.224646799147E-16,0.));
#18372 = PCURVE('',#18267,#18373);
#18373 = DEFINITIONAL_REPRESENTATION('',(#18374),#18378);
#18374 = LINE('',#18375,#18376);
#18375 = CARTESIAN_POINT('',(0.,0.));
#18376 = VECTOR('',#18377,1.);
#18377 = DIRECTION('',(0.,1.));
#18378 = ( GEOMETRIC_REPRESENTATION_CONTEXT(2) 
PARAMETRIC_REPRESENTATION_CONTEXT() REPRESENTATION_CONTEXT('2D SPACE',''
  ) );
#18379 = PCURVE('',#18295,#18380);
#18380 = DEFINITIONAL_REPRESENTATION('',(#18381),#18385);
#18381 = LINE('',#18382,#18383);
#18382 = CARTESIAN_POINT('',(0.,0.));
#18383 = VECTOR('',#18384,1.);
#18384 = DIRECTION('',(1.,0.));
#18385 = ( GEOMETRIC_REPRESENTATION_CONTEXT(2) 
PARAMETRIC_REPRESENTATION_CONTEXT() REPRESENTATION_CONTEXT('2D SPACE',''
  ) );
#18386 = ORIENTED_EDGE('',*,*,#18244,.T.);
#18387 = ORIENTED_EDGE('',*,*,#18388,.T.);
#18388 = EDGE_CURVE('',#18247,#18389,#18391,.T.);
#18389 = VERTEX_POINT('',#18390);
#18390 = CARTESIAN_POINT('',(77.88,30.96,102.8));
#18391 = SURFACE_CURVE('',#18392,(#18396,#18403),.PCURVE_S1.);
#18392 = LINE('',#18393,#18394);
#18393 = CARTESIAN_POINT('',(226.12,30.96,102.8));
#18394 = VECTOR('',#18395,1.);
#18395 = DIRECTION('',(-1.,1.224646799147E-16,0.));
#18396 = PCURVE('',#18267,#18397);
#18397 = DEFINITIONAL_REPRESENTATION('',(#18398),#18402);
#18398 = LINE('',#18399,#18400);
#18399 = CARTESIAN_POINT('',(102.8,0.));
#18400 = VECTOR('',#18401,1.);
#18401 = DIRECTION('',(0.,1.));
#18402 = ( GEOMETRIC_REPRESENTATION_CONTEXT(2) 
PARAMETRIC_REPRESENTATION_CONTEXT() REPRESENTATION_CONTEXT('2D SPACE',''
  ) );
#18403 = PCURVE('',#18349,#18404);
#18404 = DEFINITIONAL_REPRESENTATION('',(#18405),#18409);
#18405 = LINE('',#18406,#18407);
#18406 = CARTESIAN_POINT('',(0.,0.));
#18407 = VECTOR('',#18408,1.);
#18408 = DIRECTION('',(1.,0.));
#18409 = ( GEOMETRIC_REPRESENTATION_CONTEXT(2) 
PARAMETRIC_REPRESENTATION_CONTEXT() REPRESENTATION_CONTEXT('2D SPACE',''
  ) );
#18410 = ORIENTED_EDGE('',*,*,#18411,.F.);
#18411 = EDGE_CURVE('',#18365,#18389,#18412,.T.);
#18412 = SURFACE_CURVE('',#18413,(#18417,#18424),.PCURVE_S1.);
#18413 = LINE('',#18414,#18415);
#18414 = CARTESIAN_POINT('',(77.88,30.96,0.));
#18415 = VECTOR('',#18416,1.);
#18416 = DIRECTION('',(0.,0.,1.));
#18417 = PCURVE('',#18267,#18418);
#18418 = DEFINITIONAL_REPRESENTATION('',(#18419),#18423);
#18419 = LINE('',#18420,#18421);
#18420 = CARTESIAN_POINT('',(0.,148.24));
#18421 = VECTOR('',#18422,1.);
#18422 = DIRECTION('',(1.,0.));
#18423 = ( GEOMETRIC_REPRESENTATION_CONTEXT(2) 
PARAMETRIC_REPRESENTATION_CONTEXT() REPRESENTATION_CONTEXT('2D SPACE',''
  ) );
#18424 = PCURVE('',#18425,#18430);
#18425 = PLANE('',#18426);
#18426 = AXIS2_PLACEMENT_3D('',#18427,#18428,#18429);
#18427 = CARTESIAN_POINT('',(77.88,30.96,0.));
#18428 = DIRECTION('',(-1.,1.224646799147E-16,0.));
#18429 = DIRECTION('',(0.,0.,1.));
#18430 = DEFINITIONAL_REPRESENTATION('',(#18431),#18435);
#18431 = LINE('',#18432,#18433);
#18432 = CARTESIAN_POINT('',(0.,0.));
#18433 = VECTOR('',#18434,1.);
#18434 = DIRECTION('',(1.,0.));
#18435 = ( GEOMETRIC_REPRESENTATION_CONTEXT(2) 
PARAMETRIC_REPRESENTATION_CONTEXT() REPRESENTATION_CONTEXT('2D SPACE',''
  ) );
#18436 = ADVANCED_FACE('',(#18437,#18485,#18516),#18349,.T.);
#18437 = FACE_BOUND('',#18438,.T.);
#18438 = EDGE_LOOP('',(#18439,#18440,#18441,#18464));
#18439 = ORIENTED_EDGE('',*,*,#18335,.F.);
#18440 = ORIENTED_EDGE('',*,*,#18388,.T.);
#18441 = ORIENTED_EDGE('',*,*,#18442,.T.);
#18442 = EDGE_CURVE('',#18389,#18443,#18445,.T.);
#18443 = VERTEX_POINT('',#18444);
#18444 = CARTESIAN_POINT('',(77.88,4.3,102.8));
#18445 = SURFACE_CURVE('',#18446,(#18450,#18457),.PCURVE_S1.);
#18446 = LINE('',#18447,#18448);
#18447 = CARTESIAN_POINT('',(77.88,30.96,102.8));
#18448 = VECTOR('',#18449,1.);
#18449 = DIRECTION('',(-1.224646799147E-16,-1.,0.));
#18450 = PCURVE('',#18349,#18451);
#18451 = DEFINITIONAL_REPRESENTATION('',(#18452),#18456);
#18452 = LINE('',#18453,#18454);
#18453 = CARTESIAN_POINT('',(148.24,0.));
#18454 = VECTOR('',#18455,1.);
#18455 = DIRECTION('',(0.,1.));
#18456 = ( GEOMETRIC_REPRESENTATION_CONTEXT(2) 
PARAMETRIC_REPRESENTATION_CONTEXT() REPRESENTATION_CONTEXT('2D SPACE',''
  ) );
#18457 = PCURVE('',#18425,#18458);
#18458 = DEFINITIONAL_REPRESENTATION('',(#18459),#18463);
#18459 = LINE('',#18460,#18461);
#18460 = CARTESIAN_POINT('',(102.8,0.));
#18461 = VECTOR('',#18462,1.);
#18462 = DIRECTION('',(0.,-1.));
#18463 = ( GEOMETRIC_REPRESENTATION_CONTEXT(2) 
PARAMETRIC_REPRESENTATION_CONTEXT() REPRESENTATION_CONTEXT('2D SPACE',''
  ) );
#18464 = ORIENTED_EDGE('',*,*,#18465,.F.);
#18465 = EDGE_CURVE('',#18308,#18443,#18466,.T.);
#18466 = SURFACE_CURVE('',#18467,(#18471,#18478),.PCURVE_S1.);
#18467 = LINE('',#18468,#18469);
#18468 = CARTESIAN_POINT('',(226.12,4.3,102.8));
#18469 = VECTOR('',#18470,1.);
#18470 = DIRECTION('',(-1.,1.224646799147E-16,0.));
#18471 = PCURVE('',#18349,#18472);
#18472 = DEFINITIONAL_REPRESENTATION('',(#18473),#18477);
#18473 = LINE('',#18474,#18475);
#18474 = CARTESIAN_POINT('',(0.,26.66));
#18475 = VECTOR('',#18476,1.);
#18476 = DIRECTION('',(1.,0.));
#18477 = ( GEOMETRIC_REPRESENTATION_CONTEXT(2) 
PARAMETRIC_REPRESENTATION_CONTEXT() REPRESENTATION_CONTEXT('2D SPACE',''
  ) );
#18478 = PCURVE('',#18323,#18479);
#18479 = DEFINITIONAL_REPRESENTATION('',(#18480),#18484);
#18480 = LINE('',#18481,#18482);
#18481 = CARTESIAN_POINT('',(102.8,0.));
#18482 = VECTOR('',#18483,1.);
#18483 = DIRECTION('',(0.,1.));
#18484 = ( GEOMETRIC_REPRESENTATION_CONTEXT(2) 
PARAMETRIC_REPRESENTATION_CONTEXT() REPRESENTATION_CONTEXT('2D SPACE',''
  ) );
#18485 = FACE_BOUND('',#18486,.T.);
#18486 = EDGE_LOOP('',(#18487));
#18487 = ORIENTED_EDGE('',*,*,#18488,.F.);
#18488 = EDGE_CURVE('',#18489,#18489,#18491,.T.);
#18489 = VERTEX_POINT('',#18490);
#18490 = CARTESIAN_POINT('',(91.26,17.63,102.8));
#18491 = SURFACE_CURVE('',#18492,(#18497,#18504),.PCURVE_S1.);
#18492 = CIRCLE('',#18493,5.44);
#18493 = AXIS2_PLACEMENT_3D('',#18494,#18495,#18496);
#18494 = CARTESIAN_POINT('',(96.7,17.63,102.8));
#18495 = DIRECTION('',(0.,0.,1.));
#18496 = DIRECTION('',(-1.,1.224646799147E-16,0.));
#18497 = PCURVE('',#18349,#18498);
#18498 = DEFINITIONAL_REPRESENTATION('',(#18499),#18503);
#18499 = CIRCLE('',#18500,5.44);
#18500 = AXIS2_PLACEMENT_2D('',#18501,#18502);
#18501 = CARTESIAN_POINT('',(129.42,13.33));
#18502 = DIRECTION('',(1.,0.));
#18503 = ( GEOMETRIC_REPRESENTATION_CONTEXT(2) 
PARAMETRIC_REPRESENTATION_CONTEXT() REPRESENTATION_CONTEXT('2D SPACE',''
  ) );
#18504 = PCURVE('',#18505,#18510);
#18505 = CYLINDRICAL_SURFACE('',#18506,5.44);
#18506 = AXIS2_PLACEMENT_3D('',#18507,#18508,#18509);
#18507 = CARTESIAN_POINT('',(96.7,17.63,102.8));
#18508 = DIRECTION('',(0.,0.,1.));
#18509 = DIRECTION('',(-1.,1.224646799147E-16,0.));
#18510 = DEFINITIONAL_REPRESENTATION('',(#18511),#18515);
#18511 = LINE('',#18512,#18513);
#18512 = CARTESIAN_POINT('',(0.,0.));
#18513 = VECTOR('',#18514,1.);
#18514 = DIRECTION('',(1.,0.));
#18515 = ( GEOMETRIC_REPRESENTATION_CONTEXT(2) 
PARAMETRIC_REPRESENTATION_CONTEXT() REPRESENTATION_CONTEXT('2D SPACE',''
  ) );
#18516 = FACE_BOUND('',#18517,.T.);
#18517 = EDGE_LOOP('',(#18518));
#18518 = ORIENTED_EDGE('',*,*,#18519,.F.);
#18519 = EDGE_CURVE('',#18520,#18520,#18522,.T.);
#18520 = VERTEX_POINT('',#18521);
#18521 = CARTESIAN_POINT('',(201.86,17.63,102.8));
#18522 = SURFACE_CURVE('',#18523,(#18528,#18535),.PCURVE_S1.);
#18523 = CIRCLE('',#18524,5.44);
#18524 = AXIS2_PLACEMENT_3D('',#18525,#18526,#18527);
#18525 = CARTESIAN_POINT('',(207.3,17.63,102.8));
#18526 = DIRECTION('',(0.,0.,1.));
#18527 = DIRECTION('',(-1.,1.224646799147E-16,0.));
#18528 = PCURVE('',#18349,#18529);
#18529 = DEFINITIONAL_REPRESENTATION('',(#18530),#18534);
#18530 = CIRCLE('',#18531,5.44);
#18531 = AXIS2_PLACEMENT_2D('',#18532,#18533);
#18532 = CARTESIAN_POINT('',(18.82,13.33));
#18533 = DIRECTION('',(1.,0.));
#18534 = ( GEOMETRIC_REPRESENTATION_CONTEXT(2) 
PARAMETRIC_REPRESENTATION_CONTEXT() REPRESENTATION_CONTEXT('2D SPACE',''
  ) );
#18535 = PCURVE('',#18536,#18541);
#18536 = CYLINDRICAL_SURFACE('',#18537,5.44);
#18537 = AXIS2_PLACEMENT_3D('',#18538,#18539,#18540);
#18538 = CARTESIAN_POINT('',(207.3,17.63,102.8));
#18539 = DIRECTION('',(0.,0.,1.));
#18540 = DIRECTION('',(-1.,1.224646799147E-16,0.));
#18541 = DEFINITIONAL_REPRESENTATION('',(#18542),#18546);
#18542 = LINE('',#18543,#18544);
#18543 = CARTESIAN_POINT('',(0.,0.));
#18544 = VECTOR('',#18545,1.);
#18545 = DIRECTION('',(1.,0.));
#18546 = ( GEOMETRIC_REPRESENTATION_CONTEXT(2) 
PARAMETRIC_REPRESENTATION_CONTEXT() REPRESENTATION_CONTEXT('2D SPACE',''
  ) );
#18547 = ADVANCED_FACE('',(#18548),#18323,.T.);
#18548 = FACE_BOUND('',#18549,.T.);
#18549 = EDGE_LOOP('',(#18550,#18573,#18574,#18575));
#18550 = ORIENTED_EDGE('',*,*,#18551,.F.);
#18551 = EDGE_CURVE('',#18280,#18552,#18554,.T.);
#18552 = VERTEX_POINT('',#18553);
#18553 = CARTESIAN_POINT('',(77.88,4.3,0.));
#18554 = SURFACE_CURVE('',#18555,(#18559,#18566),.PCURVE_S1.);
#18555 = LINE('',#18556,#18557);
#18556 = CARTESIAN_POINT('',(226.12,4.3,0.));
#18557 = VECTOR('',#18558,1.);
#18558 = DIRECTION('',(-1.,1.224646799147E-16,0.));
#18559 = PCURVE('',#18323,#18560);
#18560 = DEFINITIONAL_REPRESENTATION('',(#18561),#18565);
#18561 = LINE('',#18562,#18563);
#18562 = CARTESIAN_POINT('',(0.,0.));
#18563 = VECTOR('',#18564,1.);
#18564 = DIRECTION('',(0.,1.));
#18565 = ( GEOMETRIC_REPRESENTATION_CONTEXT(2) 
PARAMETRIC_REPRESENTATION_CONTEXT() REPRESENTATION_CONTEXT('2D SPACE',''
  ) );
#18566 = PCURVE('',#18295,#18567);
#18567 = DEFINITIONAL_REPRESENTATION('',(#18568),#18572);
#18568 = LINE('',#18569,#18570);
#18569 = CARTESIAN_POINT('',(0.,26.66));
#18570 = VECTOR('',#18571,1.);
#18571 = DIRECTION('',(1.,0.));
#18572 = ( GEOMETRIC_REPRESENTATION_CONTEXT(2) 
PARAMETRIC_REPRESENTATION_CONTEXT() REPRESENTATION_CONTEXT('2D SPACE',''
  ) );
#18573 = ORIENTED_EDGE('',*,*,#18307,.T.);
#18574 = ORIENTED_EDGE('',*,*,#18465,.T.);
#18575 = ORIENTED_EDGE('',*,*,#18576,.F.);
#18576 = EDGE_CURVE('',#18552,#18443,#18577,.T.);
#18577 = SURFACE_CURVE('',#18578,(#18582,#18589),.PCURVE_S1.);
#18578 = LINE('',#18579,#18580);
#18579 = CARTESIAN_POINT('',(77.88,4.3,0.));
#18580 = VECTOR('',#18581,1.);
#18581 = DIRECTION('',(0.,0.,1.));
#18582 = PCURVE('',#18323,#18583);
#18583 = DEFINITIONAL_REPRESENTATION('',(#18584),#18588);
#18584 = LINE('',#18585,#18586);
#18585 = CARTESIAN_POINT('',(0.,148.24));
#18586 = VECTOR('',#18587,1.);
#18587 = DIRECTION('',(1.,0.));
#18588 = ( GEOMETRIC_REPRESENTATION_CONTEXT(2) 
PARAMETRIC_REPRESENTATION_CONTEXT() REPRESENTATION_CONTEXT('2D SPACE',''
  ) );
#18589 = PCURVE('',#18425,#18590);
#18590 = DEFINITIONAL_REPRESENTATION('',(#18591),#18595);
#18591 = LINE('',#18592,#18593);
#18592 = CARTESIAN_POINT('',(0.,-26.66));
#18593 = VECTOR('',#18594,1.);
#18594 = DIRECTION('',(1.,0.));
#18595 = ( GEOMETRIC_REPRESENTATION_CONTEXT(2) 
PARAMETRIC_REPRESENTATION_CONTEXT() REPRESENTATION_CONTEXT('2D SPACE',''
  ) );
#18596 = ADVANCED_FACE('',(#18597),#18295,.F.);
#18597 = FACE_BOUND('',#18598,.F.);
#18598 = EDGE_LOOP('',(#18599,#18600,#18601,#18622));
#18599 = ORIENTED_EDGE('',*,*,#18279,.F.);
#18600 = ORIENTED_EDGE('',*,*,#18364,.T.);
#18601 = ORIENTED_EDGE('',*,*,#18602,.T.);
#18602 = EDGE_CURVE('',#18365,#18552,#18603,.T.);
#18603 = SURFACE_CURVE('',#18604,(#18608,#18615),.PCURVE_S1.);
#18604 = LINE('',#18605,#18606);
#18605 = CARTESIAN_POINT('',(77.88,30.96,0.));
#18606 = VECTOR('',#18607,1.);
#18607 = DIRECTION('',(-1.224646799147E-16,-1.,0.));
#18608 = PCURVE('',#18295,#18609);
#18609 = DEFINITIONAL_REPRESENTATION('',(#18610),#18614);
#18610 = LINE('',#18611,#18612);
#18611 = CARTESIAN_POINT('',(148.24,0.));
#18612 = VECTOR('',#18613,1.);
#18613 = DIRECTION('',(0.,1.));
#18614 = ( GEOMETRIC_REPRESENTATION_CONTEXT(2) 
PARAMETRIC_REPRESENTATION_CONTEXT() REPRESENTATION_CONTEXT('2D SPACE',''
  ) );
#18615 = PCURVE('',#18425,#18616);
#18616 = DEFINITIONAL_REPRESENTATION('',(#18617),#18621);
#18617 = LINE('',#18618,#18619);
#18618 = CARTESIAN_POINT('',(0.,0.));
#18619 = VECTOR('',#18620,1.);
#18620 = DIRECTION('',(0.,-1.));
#18621 = ( GEOMETRIC_REPRESENTATION_CONTEXT(2) 
PARAMETRIC_REPRESENTATION_CONTEXT() REPRESENTATION_CONTEXT('2D SPACE',''
  ) );
#18622 = ORIENTED_EDGE('',*,*,#18551,.F.);
#18623 = ADVANCED_FACE('',(#18624),#18425,.T.);
#18624 = FACE_BOUND('',#18625,.T.);
#18625 = EDGE_LOOP('',(#18626,#18627,#18628,#18629));
#18626 = ORIENTED_EDGE('',*,*,#18411,.F.);
#18627 = ORIENTED_EDGE('',*,*,#18602,.T.);
#18628 = ORIENTED_EDGE('',*,*,#18576,.T.);
#18629 = ORIENTED_EDGE('',*,*,#18442,.F.);
#18630 = ADVANCED_FACE('',(#18631),#18505,.T.);
#18631 = FACE_BOUND('',#18632,.T.);
#18632 = EDGE_LOOP('',(#18633,#18662,#18683,#18684));
#18633 = ORIENTED_EDGE('',*,*,#18634,.F.);
#18634 = EDGE_CURVE('',#18635,#18635,#18637,.T.);
#18635 = VERTEX_POINT('',#18636);
#18636 = CARTESIAN_POINT('',(91.26,17.63,105.9));
#18637 = SURFACE_CURVE('',#18638,(#18643,#18650),.PCURVE_S1.);
#18638 = CIRCLE('',#18639,5.44);
#18639 = AXIS2_PLACEMENT_3D('',#18640,#18641,#18642);
#18640 = CARTESIAN_POINT('',(96.7,17.63,105.9));
#18641 = DIRECTION('',(0.,0.,1.));
#18642 = DIRECTION('',(-1.,1.224646799147E-16,0.));
#18643 = PCURVE('',#18505,#18644);
#18644 = DEFINITIONAL_REPRESENTATION('',(#18645),#18649);
#18645 = LINE('',#18646,#18647);
#18646 = CARTESIAN_POINT('',(0.,3.1));
#18647 = VECTOR('',#18648,1.);
#18648 = DIRECTION('',(1.,0.));
#18649 = ( GEOMETRIC_REPRESENTATION_CONTEXT(2) 
PARAMETRIC_REPRESENTATION_CONTEXT() REPRESENTATION_CONTEXT('2D SPACE',''
  ) );
#18650 = PCURVE('',#18651,#18656);
#18651 = PLANE('',#18652);
#18652 = AXIS2_PLACEMENT_3D('',#18653,#18654,#18655);
#18653 = CARTESIAN_POINT('',(96.7,17.63,105.9));
#18654 = DIRECTION('',(0.,0.,1.));
#18655 = DIRECTION('',(-1.,1.224646799147E-16,0.));
#18656 = DEFINITIONAL_REPRESENTATION('',(#18657),#18661);
#18657 = CIRCLE('',#18658,5.44);
#18658 = AXIS2_PLACEMENT_2D('',#18659,#18660);
#18659 = CARTESIAN_POINT('',(0.,0.));
#18660 = DIRECTION('',(1.,0.));
#18661 = ( GEOMETRIC_REPRESENTATION_CONTEXT(2) 
PARAMETRIC_REPRESENTATION_CONTEXT() REPRESENTATION_CONTEXT('2D SPACE',''
  ) );
#18662 = ORIENTED_EDGE('',*,*,#18663,.F.);
#18663 = EDGE_CURVE('',#18489,#18635,#18664,.T.);
#18664 = SEAM_CURVE('',#18665,(#18669,#18676),.PCURVE_S1.);
#18665 = LINE('',#18666,#18667);
#18666 = CARTESIAN_POINT('',(91.26,17.63,102.8));
#18667 = VECTOR('',#18668,1.);
#18668 = DIRECTION('',(0.,0.,1.));
#18669 = PCURVE('',#18505,#18670);
#18670 = DEFINITIONAL_REPRESENTATION('',(#18671),#18675);
#18671 = LINE('',#18672,#18673);
#18672 = CARTESIAN_POINT('',(6.28318530718,-0.));
#18673 = VECTOR('',#18674,1.);
#18674 = DIRECTION('',(0.,1.));
#18675 = ( GEOMETRIC_REPRESENTATION_CONTEXT(2) 
PARAMETRIC_REPRESENTATION_CONTEXT() REPRESENTATION_CONTEXT('2D SPACE',''
  ) );
#18676 = PCURVE('',#18505,#18677);
#18677 = DEFINITIONAL_REPRESENTATION('',(#18678),#18682);
#18678 = LINE('',#18679,#18680);
#18679 = CARTESIAN_POINT('',(0.,-0.));
#18680 = VECTOR('',#18681,1.);
#18681 = DIRECTION('',(0.,1.));
#18682 = ( GEOMETRIC_REPRESENTATION_CONTEXT(2) 
PARAMETRIC_REPRESENTATION_CONTEXT() REPRESENTATION_CONTEXT('2D SPACE',''
  ) );
#18683 = ORIENTED_EDGE('',*,*,#18488,.T.);
#18684 = ORIENTED_EDGE('',*,*,#18663,.T.);
#18685 = ADVANCED_FACE('',(#18686),#18536,.T.);
#18686 = FACE_BOUND('',#18687,.T.);
#18687 = EDGE_LOOP('',(#18688,#18717,#18738,#18739));
#18688 = ORIENTED_EDGE('',*,*,#18689,.F.);
#18689 = EDGE_CURVE('',#18690,#18690,#18692,.T.);
#18690 = VERTEX_POINT('',#18691);
#18691 = CARTESIAN_POINT('',(201.86,17.63,105.9));
#18692 = SURFACE_CURVE('',#18693,(#18698,#18705),.PCURVE_S1.);
#18693 = CIRCLE('',#18694,5.44);
#18694 = AXIS2_PLACEMENT_3D('',#18695,#18696,#18697);
#18695 = CARTESIAN_POINT('',(207.3,17.63,105.9));
#18696 = DIRECTION('',(0.,0.,1.));
#18697 = DIRECTION('',(-1.,1.224646799147E-16,0.));
#18698 = PCURVE('',#18536,#18699);
#18699 = DEFINITIONAL_REPRESENTATION('',(#18700),#18704);
#18700 = LINE('',#18701,#18702);
#18701 = CARTESIAN_POINT('',(0.,3.1));
#18702 = VECTOR('',#18703,1.);
#18703 = DIRECTION('',(1.,0.));
#18704 = ( GEOMETRIC_REPRESENTATION_CONTEXT(2) 
PARAMETRIC_REPRESENTATION_CONTEXT() REPRESENTATION_CONTEXT('2D SPACE',''
  ) );
#18705 = PCURVE('',#18706,#18711);
#18706 = PLANE('',#18707);
#18707 = AXIS2_PLACEMENT_3D('',#18708,#18709,#18710);
#18708 = CARTESIAN_POINT('',(207.3,17.63,105.9));
#18709 = DIRECTION('',(0.,0.,1.));
#18710 = DIRECTION('',(-1.,1.224646799147E-16,0.));
#18711 = DEFINITIONAL_REPRESENTATION('',(#18712),#18716);
#18712 = CIRCLE('',#18713,5.44);
#18713 = AXIS2_PLACEMENT_2D('',#18714,#18715);
#18714 = CARTESIAN_POINT('',(0.,0.));
#18715 = DIRECTION('',(1.,0.));
#18716 = ( GEOMETRIC_REPRESENTATION_CONTEXT(2) 
PARAMETRIC_REPRESENTATION_CONTEXT() REPRESENTATION_CONTEXT('2D SPACE',''
  ) );
#18717 = ORIENTED_EDGE('',*,*,#18718,.F.);
#18718 = EDGE_CURVE('',#18520,#18690,#18719,.T.);
#18719 = SEAM_CURVE('',#18720,(#18724,#18731),.PCURVE_S1.);
#18720 = LINE('',#18721,#18722);
#18721 = CARTESIAN_POINT('',(201.86,17.63,102.8));
#18722 = VECTOR('',#18723,1.);
#18723 = DIRECTION('',(0.,0.,1.));
#18724 = PCURVE('',#18536,#18725);
#18725 = DEFINITIONAL_REPRESENTATION('',(#18726),#18730);
#18726 = LINE('',#18727,#18728);
#18727 = CARTESIAN_POINT('',(6.28318530718,-0.));
#18728 = VECTOR('',#18729,1.);
#18729 = DIRECTION('',(0.,1.));
#18730 = ( GEOMETRIC_REPRESENTATION_CONTEXT(2) 
PARAMETRIC_REPRESENTATION_CONTEXT() REPRESENTATION_CONTEXT('2D SPACE',''
  ) );
#18731 = PCURVE('',#18536,#18732);
#18732 = DEFINITIONAL_REPRESENTATION('',(#18733),#18737);
#18733 = LINE('',#18734,#18735);
#18734 = CARTESIAN_POINT('',(0.,-0.));
#18735 = VECTOR('',#18736,1.);
#18736 = DIRECTION('',(0.,1.));
#18737 = ( GEOMETRIC_REPRESENTATION_CONTEXT(2) 
PARAMETRIC_REPRESENTATION_CONTEXT() REPRESENTATION_CONTEXT('2D SPACE',''
  ) );
#18738 = ORIENTED_EDGE('',*,*,#18519,.T.);
#18739 = ORIENTED_EDGE('',*,*,#18718,.T.);
#18740 = ADVANCED_FACE('',(#18741),#18651,.T.);
#18741 = FACE_BOUND('',#18742,.T.);
#18742 = EDGE_LOOP('',(#18743));
#18743 = ORIENTED_EDGE('',*,*,#18634,.T.);
#18744 = ADVANCED_FACE('',(#18745),#18706,.T.);
#18745 = FACE_BOUND('',#18746,.T.);
#18746 = EDGE_LOOP('',(#18747));
#18747 = ORIENTED_EDGE('',*,*,#18689,.T.);
#18748 = MANIFOLD_SOLID_BREP('',#18749);
#18749 = CLOSED_SHELL('',(#18750,#18870,#18946,#19057,#19106,#19133,
    #19140,#19195,#19250,#19254));
#18750 = ADVANCED_FACE('',(#18751),#18765,.F.);
#18751 = FACE_BOUND('',#18752,.F.);
#18752 = EDGE_LOOP('',(#18753,#18788,#18816,#18844));
#18753 = ORIENTED_EDGE('',*,*,#18754,.F.);
#18754 = EDGE_CURVE('',#18755,#18757,#18759,.T.);
#18755 = VERTEX_POINT('',#18756);
#18756 = CARTESIAN_POINT('',(77.88,33.96,0.));
#18757 = VERTEX_POINT('',#18758);
#18758 = CARTESIAN_POINT('',(77.88,33.96,102.8));
#18759 = SURFACE_CURVE('',#18760,(#18764,#18776),.PCURVE_S1.);
#18760 = LINE('',#18761,#18762);
#18761 = CARTESIAN_POINT('',(77.88,33.96,0.));
#18762 = VECTOR('',#18763,1.);
#18763 = DIRECTION('',(0.,0.,1.));
#18764 = PCURVE('',#18765,#18770);
#18765 = PLANE('',#18766);
#18766 = AXIS2_PLACEMENT_3D('',#18767,#18768,#18769);
#18767 = CARTESIAN_POINT('',(77.88,33.96,0.));
#18768 = DIRECTION('',(1.,0.,0.));
#18769 = DIRECTION('',(0.,0.,1.));
#18770 = DEFINITIONAL_REPRESENTATION('',(#18771),#18775);
#18771 = LINE('',#18772,#18773);
#18772 = CARTESIAN_POINT('',(0.,0.));
#18773 = VECTOR('',#18774,1.);
#18774 = DIRECTION('',(1.,0.));
#18775 = ( GEOMETRIC_REPRESENTATION_CONTEXT(2) 
PARAMETRIC_REPRESENTATION_CONTEXT() REPRESENTATION_CONTEXT('2D SPACE',''
  ) );
#18776 = PCURVE('',#18777,#18782);
#18777 = PLANE('',#18778);
#18778 = AXIS2_PLACEMENT_3D('',#18779,#18780,#18781);
#18779 = CARTESIAN_POINT('',(77.88,33.96,0.));
#18780 = DIRECTION('',(0.,1.,0.));
#18781 = DIRECTION('',(0.,0.,1.));
#18782 = DEFINITIONAL_REPRESENTATION('',(#18783),#18787);
#18783 = LINE('',#18784,#18785);
#18784 = CARTESIAN_POINT('',(0.,0.));
#18785 = VECTOR('',#18786,1.);
#18786 = DIRECTION('',(1.,0.));
#18787 = ( GEOMETRIC_REPRESENTATION_CONTEXT(2) 
PARAMETRIC_REPRESENTATION_CONTEXT() REPRESENTATION_CONTEXT('2D SPACE',''
  ) );
#18788 = ORIENTED_EDGE('',*,*,#18789,.T.);
#18789 = EDGE_CURVE('',#18755,#18790,#18792,.T.);
#18790 = VERTEX_POINT('',#18791);
#18791 = CARTESIAN_POINT('',(77.88,60.62,0.));
#18792 = SURFACE_CURVE('',#18793,(#18797,#18804),.PCURVE_S1.);
#18793 = LINE('',#18794,#18795);
#18794 = CARTESIAN_POINT('',(77.88,33.96,0.));
#18795 = VECTOR('',#18796,1.);
#18796 = DIRECTION('',(0.,1.,0.));
#18797 = PCURVE('',#18765,#18798);
#18798 = DEFINITIONAL_REPRESENTATION('',(#18799),#18803);
#18799 = LINE('',#18800,#18801);
#18800 = CARTESIAN_POINT('',(0.,0.));
#18801 = VECTOR('',#18802,1.);
#18802 = DIRECTION('',(0.,-1.));
#18803 = ( GEOMETRIC_REPRESENTATION_CONTEXT(2) 
PARAMETRIC_REPRESENTATION_CONTEXT() REPRESENTATION_CONTEXT('2D SPACE',''
  ) );
#18804 = PCURVE('',#18805,#18810);
#18805 = PLANE('',#18806);
#18806 = AXIS2_PLACEMENT_3D('',#18807,#18808,#18809);
#18807 = CARTESIAN_POINT('',(77.88,33.96,0.));
#18808 = DIRECTION('',(0.,0.,1.));
#18809 = DIRECTION('',(1.,0.,0.));
#18810 = DEFINITIONAL_REPRESENTATION('',(#18811),#18815);
#18811 = LINE('',#18812,#18813);
#18812 = CARTESIAN_POINT('',(0.,0.));
#18813 = VECTOR('',#18814,1.);
#18814 = DIRECTION('',(0.,1.));
#18815 = ( GEOMETRIC_REPRESENTATION_CONTEXT(2) 
PARAMETRIC_REPRESENTATION_CONTEXT() REPRESENTATION_CONTEXT('2D SPACE',''
  ) );
#18816 = ORIENTED_EDGE('',*,*,#18817,.T.);
#18817 = EDGE_CURVE('',#18790,#18818,#18820,.T.);
#18818 = VERTEX_POINT('',#18819);
#18819 = CARTESIAN_POINT('',(77.88,60.62,102.8));
#18820 = SURFACE_CURVE('',#18821,(#18825,#18832),.PCURVE_S1.);
#18821 = LINE('',#18822,#18823);
#18822 = CARTESIAN_POINT('',(77.88,60.62,0.));
#18823 = VECTOR('',#18824,1.);
#18824 = DIRECTION('',(0.,0.,1.));
#18825 = PCURVE('',#18765,#18826);
#18826 = DEFINITIONAL_REPRESENTATION('',(#18827),#18831);
#18827 = LINE('',#18828,#18829);
#18828 = CARTESIAN_POINT('',(0.,-26.66));
#18829 = VECTOR('',#18830,1.);
#18830 = DIRECTION('',(1.,0.));
#18831 = ( GEOMETRIC_REPRESENTATION_CONTEXT(2) 
PARAMETRIC_REPRESENTATION_CONTEXT() REPRESENTATION_CONTEXT('2D SPACE',''
  ) );
#18832 = PCURVE('',#18833,#18838);
#18833 = PLANE('',#18834);
#18834 = AXIS2_PLACEMENT_3D('',#18835,#18836,#18837);
#18835 = CARTESIAN_POINT('',(77.88,60.62,0.));
#18836 = DIRECTION('',(0.,1.,0.));
#18837 = DIRECTION('',(0.,0.,1.));
#18838 = DEFINITIONAL_REPRESENTATION('',(#18839),#18843);
#18839 = LINE('',#18840,#18841);
#18840 = CARTESIAN_POINT('',(0.,0.));
#18841 = VECTOR('',#18842,1.);
#18842 = DIRECTION('',(1.,0.));
#18843 = ( GEOMETRIC_REPRESENTATION_CONTEXT(2) 
PARAMETRIC_REPRESENTATION_CONTEXT() REPRESENTATION_CONTEXT('2D SPACE',''
  ) );
#18844 = ORIENTED_EDGE('',*,*,#18845,.F.);
#18845 = EDGE_CURVE('',#18757,#18818,#18846,.T.);
#18846 = SURFACE_CURVE('',#18847,(#18851,#18858),.PCURVE_S1.);
#18847 = LINE('',#18848,#18849);
#18848 = CARTESIAN_POINT('',(77.88,33.96,102.8));
#18849 = VECTOR('',#18850,1.);
#18850 = DIRECTION('',(0.,1.,0.));
#18851 = PCURVE('',#18765,#18852);
#18852 = DEFINITIONAL_REPRESENTATION('',(#18853),#18857);
#18853 = LINE('',#18854,#18855);
#18854 = CARTESIAN_POINT('',(102.8,0.));
#18855 = VECTOR('',#18856,1.);
#18856 = DIRECTION('',(0.,-1.));
#18857 = ( GEOMETRIC_REPRESENTATION_CONTEXT(2) 
PARAMETRIC_REPRESENTATION_CONTEXT() REPRESENTATION_CONTEXT('2D SPACE',''
  ) );
#18858 = PCURVE('',#18859,#18864);
#18859 = PLANE('',#18860);
#18860 = AXIS2_PLACEMENT_3D('',#18861,#18862,#18863);
#18861 = CARTESIAN_POINT('',(77.88,33.96,102.8));
#18862 = DIRECTION('',(0.,0.,1.));
#18863 = DIRECTION('',(1.,0.,0.));
#18864 = DEFINITIONAL_REPRESENTATION('',(#18865),#18869);
#18865 = LINE('',#18866,#18867);
#18866 = CARTESIAN_POINT('',(0.,0.));
#18867 = VECTOR('',#18868,1.);
#18868 = DIRECTION('',(0.,1.));
#18869 = ( GEOMETRIC_REPRESENTATION_CONTEXT(2) 
PARAMETRIC_REPRESENTATION_CONTEXT() REPRESENTATION_CONTEXT('2D SPACE',''
  ) );
#18870 = ADVANCED_FACE('',(#18871),#18777,.F.);
#18871 = FACE_BOUND('',#18872,.F.);
#18872 = EDGE_LOOP('',(#18873,#18896,#18897,#18920));
#18873 = ORIENTED_EDGE('',*,*,#18874,.F.);
#18874 = EDGE_CURVE('',#18755,#18875,#18877,.T.);
#18875 = VERTEX_POINT('',#18876);
#18876 = CARTESIAN_POINT('',(226.12,33.96,0.));
#18877 = SURFACE_CURVE('',#18878,(#18882,#18889),.PCURVE_S1.);
#18878 = LINE('',#18879,#18880);
#18879 = CARTESIAN_POINT('',(77.88,33.96,0.));
#18880 = VECTOR('',#18881,1.);
#18881 = DIRECTION('',(1.,0.,0.));
#18882 = PCURVE('',#18777,#18883);
#18883 = DEFINITIONAL_REPRESENTATION('',(#18884),#18888);
#18884 = LINE('',#18885,#18886);
#18885 = CARTESIAN_POINT('',(0.,0.));
#18886 = VECTOR('',#18887,1.);
#18887 = DIRECTION('',(0.,1.));
#18888 = ( GEOMETRIC_REPRESENTATION_CONTEXT(2) 
PARAMETRIC_REPRESENTATION_CONTEXT() REPRESENTATION_CONTEXT('2D SPACE',''
  ) );
#18889 = PCURVE('',#18805,#18890);
#18890 = DEFINITIONAL_REPRESENTATION('',(#18891),#18895);
#18891 = LINE('',#18892,#18893);
#18892 = CARTESIAN_POINT('',(0.,0.));
#18893 = VECTOR('',#18894,1.);
#18894 = DIRECTION('',(1.,0.));
#18895 = ( GEOMETRIC_REPRESENTATION_CONTEXT(2) 
PARAMETRIC_REPRESENTATION_CONTEXT() REPRESENTATION_CONTEXT('2D SPACE',''
  ) );
#18896 = ORIENTED_EDGE('',*,*,#18754,.T.);
#18897 = ORIENTED_EDGE('',*,*,#18898,.T.);
#18898 = EDGE_CURVE('',#18757,#18899,#18901,.T.);
#18899 = VERTEX_POINT('',#18900);
#18900 = CARTESIAN_POINT('',(226.12,33.96,102.8));
#18901 = SURFACE_CURVE('',#18902,(#18906,#18913),.PCURVE_S1.);
#18902 = LINE('',#18903,#18904);
#18903 = CARTESIAN_POINT('',(77.88,33.96,102.8));
#18904 = VECTOR('',#18905,1.);
#18905 = DIRECTION('',(1.,0.,0.));
#18906 = PCURVE('',#18777,#18907);
#18907 = DEFINITIONAL_REPRESENTATION('',(#18908),#18912);
#18908 = LINE('',#18909,#18910);
#18909 = CARTESIAN_POINT('',(102.8,0.));
#18910 = VECTOR('',#18911,1.);
#18911 = DIRECTION('',(0.,1.));
#18912 = ( GEOMETRIC_REPRESENTATION_CONTEXT(2) 
PARAMETRIC_REPRESENTATION_CONTEXT() REPRESENTATION_CONTEXT('2D SPACE',''
  ) );
#18913 = PCURVE('',#18859,#18914);
#18914 = DEFINITIONAL_REPRESENTATION('',(#18915),#18919);
#18915 = LINE('',#18916,#18917);
#18916 = CARTESIAN_POINT('',(0.,0.));
#18917 = VECTOR('',#18918,1.);
#18918 = DIRECTION('',(1.,0.));
#18919 = ( GEOMETRIC_REPRESENTATION_CONTEXT(2) 
PARAMETRIC_REPRESENTATION_CONTEXT() REPRESENTATION_CONTEXT('2D SPACE',''
  ) );
#18920 = ORIENTED_EDGE('',*,*,#18921,.F.);
#18921 = EDGE_CURVE('',#18875,#18899,#18922,.T.);
#18922 = SURFACE_CURVE('',#18923,(#18927,#18934),.PCURVE_S1.);
#18923 = LINE('',#18924,#18925);
#18924 = CARTESIAN_POINT('',(226.12,33.96,0.));
#18925 = VECTOR('',#18926,1.);
#18926 = DIRECTION('',(0.,0.,1.));
#18927 = PCURVE('',#18777,#18928);
#18928 = DEFINITIONAL_REPRESENTATION('',(#18929),#18933);
#18929 = LINE('',#18930,#18931);
#18930 = CARTESIAN_POINT('',(0.,148.24));
#18931 = VECTOR('',#18932,1.);
#18932 = DIRECTION('',(1.,0.));
#18933 = ( GEOMETRIC_REPRESENTATION_CONTEXT(2) 
PARAMETRIC_REPRESENTATION_CONTEXT() REPRESENTATION_CONTEXT('2D SPACE',''
  ) );
#18934 = PCURVE('',#18935,#18940);
#18935 = PLANE('',#18936);
#18936 = AXIS2_PLACEMENT_3D('',#18937,#18938,#18939);
#18937 = CARTESIAN_POINT('',(226.12,33.96,0.));
#18938 = DIRECTION('',(1.,0.,0.));
#18939 = DIRECTION('',(0.,0.,1.));
#18940 = DEFINITIONAL_REPRESENTATION('',(#18941),#18945);
#18941 = LINE('',#18942,#18943);
#18942 = CARTESIAN_POINT('',(0.,0.));
#18943 = VECTOR('',#18944,1.);
#18944 = DIRECTION('',(1.,0.));
#18945 = ( GEOMETRIC_REPRESENTATION_CONTEXT(2) 
PARAMETRIC_REPRESENTATION_CONTEXT() REPRESENTATION_CONTEXT('2D SPACE',''
  ) );
#18946 = ADVANCED_FACE('',(#18947,#18995,#19026),#18859,.T.);
#18947 = FACE_BOUND('',#18948,.T.);
#18948 = EDGE_LOOP('',(#18949,#18950,#18951,#18974));
#18949 = ORIENTED_EDGE('',*,*,#18845,.F.);
#18950 = ORIENTED_EDGE('',*,*,#18898,.T.);
#18951 = ORIENTED_EDGE('',*,*,#18952,.T.);
#18952 = EDGE_CURVE('',#18899,#18953,#18955,.T.);
#18953 = VERTEX_POINT('',#18954);
#18954 = CARTESIAN_POINT('',(226.12,60.62,102.8));
#18955 = SURFACE_CURVE('',#18956,(#18960,#18967),.PCURVE_S1.);
#18956 = LINE('',#18957,#18958);
#18957 = CARTESIAN_POINT('',(226.12,33.96,102.8));
#18958 = VECTOR('',#18959,1.);
#18959 = DIRECTION('',(0.,1.,0.));
#18960 = PCURVE('',#18859,#18961);
#18961 = DEFINITIONAL_REPRESENTATION('',(#18962),#18966);
#18962 = LINE('',#18963,#18964);
#18963 = CARTESIAN_POINT('',(148.24,0.));
#18964 = VECTOR('',#18965,1.);
#18965 = DIRECTION('',(0.,1.));
#18966 = ( GEOMETRIC_REPRESENTATION_CONTEXT(2) 
PARAMETRIC_REPRESENTATION_CONTEXT() REPRESENTATION_CONTEXT('2D SPACE',''
  ) );
#18967 = PCURVE('',#18935,#18968);
#18968 = DEFINITIONAL_REPRESENTATION('',(#18969),#18973);
#18969 = LINE('',#18970,#18971);
#18970 = CARTESIAN_POINT('',(102.8,0.));
#18971 = VECTOR('',#18972,1.);
#18972 = DIRECTION('',(0.,-1.));
#18973 = ( GEOMETRIC_REPRESENTATION_CONTEXT(2) 
PARAMETRIC_REPRESENTATION_CONTEXT() REPRESENTATION_CONTEXT('2D SPACE',''
  ) );
#18974 = ORIENTED_EDGE('',*,*,#18975,.F.);
#18975 = EDGE_CURVE('',#18818,#18953,#18976,.T.);
#18976 = SURFACE_CURVE('',#18977,(#18981,#18988),.PCURVE_S1.);
#18977 = LINE('',#18978,#18979);
#18978 = CARTESIAN_POINT('',(77.88,60.62,102.8));
#18979 = VECTOR('',#18980,1.);
#18980 = DIRECTION('',(1.,0.,0.));
#18981 = PCURVE('',#18859,#18982);
#18982 = DEFINITIONAL_REPRESENTATION('',(#18983),#18987);
#18983 = LINE('',#18984,#18985);
#18984 = CARTESIAN_POINT('',(0.,26.66));
#18985 = VECTOR('',#18986,1.);
#18986 = DIRECTION('',(1.,0.));
#18987 = ( GEOMETRIC_REPRESENTATION_CONTEXT(2) 
PARAMETRIC_REPRESENTATION_CONTEXT() REPRESENTATION_CONTEXT('2D SPACE',''
  ) );
#18988 = PCURVE('',#18833,#18989);
#18989 = DEFINITIONAL_REPRESENTATION('',(#18990),#18994);
#18990 = LINE('',#18991,#18992);
#18991 = CARTESIAN_POINT('',(102.8,0.));
#18992 = VECTOR('',#18993,1.);
#18993 = DIRECTION('',(0.,1.));
#18994 = ( GEOMETRIC_REPRESENTATION_CONTEXT(2) 
PARAMETRIC_REPRESENTATION_CONTEXT() REPRESENTATION_CONTEXT('2D SPACE',''
  ) );
#18995 = FACE_BOUND('',#18996,.T.);
#18996 = EDGE_LOOP('',(#18997));
#18997 = ORIENTED_EDGE('',*,*,#18998,.F.);
#18998 = EDGE_CURVE('',#18999,#18999,#19001,.T.);
#18999 = VERTEX_POINT('',#19000);
#19000 = CARTESIAN_POINT('',(212.74,47.29,102.8));
#19001 = SURFACE_CURVE('',#19002,(#19007,#19014),.PCURVE_S1.);
#19002 = CIRCLE('',#19003,5.44);
#19003 = AXIS2_PLACEMENT_3D('',#19004,#19005,#19006);
#19004 = CARTESIAN_POINT('',(207.3,47.29,102.8));
#19005 = DIRECTION('',(0.,0.,1.));
#19006 = DIRECTION('',(1.,0.,0.));
#19007 = PCURVE('',#18859,#19008);
#19008 = DEFINITIONAL_REPRESENTATION('',(#19009),#19013);
#19009 = CIRCLE('',#19010,5.44);
#19010 = AXIS2_PLACEMENT_2D('',#19011,#19012);
#19011 = CARTESIAN_POINT('',(129.42,13.33));
#19012 = DIRECTION('',(1.,0.));
#19013 = ( GEOMETRIC_REPRESENTATION_CONTEXT(2) 
PARAMETRIC_REPRESENTATION_CONTEXT() REPRESENTATION_CONTEXT('2D SPACE',''
  ) );
#19014 = PCURVE('',#19015,#19020);
#19015 = CYLINDRICAL_SURFACE('',#19016,5.44);
#19016 = AXIS2_PLACEMENT_3D('',#19017,#19018,#19019);
#19017 = CARTESIAN_POINT('',(207.3,47.29,102.8));
#19018 = DIRECTION('',(0.,0.,1.));
#19019 = DIRECTION('',(1.,0.,0.));
#19020 = DEFINITIONAL_REPRESENTATION('',(#19021),#19025);
#19021 = LINE('',#19022,#19023);
#19022 = CARTESIAN_POINT('',(0.,0.));
#19023 = VECTOR('',#19024,1.);
#19024 = DIRECTION('',(1.,0.));
#19025 = ( GEOMETRIC_REPRESENTATION_CONTEXT(2) 
PARAMETRIC_REPRESENTATION_CONTEXT() REPRESENTATION_CONTEXT('2D SPACE',''
  ) );
#19026 = FACE_BOUND('',#19027,.T.);
#19027 = EDGE_LOOP('',(#19028));
#19028 = ORIENTED_EDGE('',*,*,#19029,.F.);
#19029 = EDGE_CURVE('',#19030,#19030,#19032,.T.);
#19030 = VERTEX_POINT('',#19031);
#19031 = CARTESIAN_POINT('',(102.14,47.29,102.8));
#19032 = SURFACE_CURVE('',#19033,(#19038,#19045),.PCURVE_S1.);
#19033 = CIRCLE('',#19034,5.44);
#19034 = AXIS2_PLACEMENT_3D('',#19035,#19036,#19037);
#19035 = CARTESIAN_POINT('',(96.7,47.29,102.8));
#19036 = DIRECTION('',(0.,0.,1.));
#19037 = DIRECTION('',(1.,0.,0.));
#19038 = PCURVE('',#18859,#19039);
#19039 = DEFINITIONAL_REPRESENTATION('',(#19040),#19044);
#19040 = CIRCLE('',#19041,5.44);
#19041 = AXIS2_PLACEMENT_2D('',#19042,#19043);
#19042 = CARTESIAN_POINT('',(18.82,13.33));
#19043 = DIRECTION('',(1.,0.));
#19044 = ( GEOMETRIC_REPRESENTATION_CONTEXT(2) 
PARAMETRIC_REPRESENTATION_CONTEXT() REPRESENTATION_CONTEXT('2D SPACE',''
  ) );
#19045 = PCURVE('',#19046,#19051);
#19046 = CYLINDRICAL_SURFACE('',#19047,5.44);
#19047 = AXIS2_PLACEMENT_3D('',#19048,#19049,#19050);
#19048 = CARTESIAN_POINT('',(96.7,47.29,102.8));
#19049 = DIRECTION('',(0.,0.,1.));
#19050 = DIRECTION('',(1.,0.,0.));
#19051 = DEFINITIONAL_REPRESENTATION('',(#19052),#19056);
#19052 = LINE('',#19053,#19054);
#19053 = CARTESIAN_POINT('',(0.,0.));
#19054 = VECTOR('',#19055,1.);
#19055 = DIRECTION('',(1.,0.));
#19056 = ( GEOMETRIC_REPRESENTATION_CONTEXT(2) 
PARAMETRIC_REPRESENTATION_CONTEXT() REPRESENTATION_CONTEXT('2D SPACE',''
  ) );
#19057 = ADVANCED_FACE('',(#19058),#18833,.T.);
#19058 = FACE_BOUND('',#19059,.T.);
#19059 = EDGE_LOOP('',(#19060,#19083,#19084,#19085));
#19060 = ORIENTED_EDGE('',*,*,#19061,.F.);
#19061 = EDGE_CURVE('',#18790,#19062,#19064,.T.);
#19062 = VERTEX_POINT('',#19063);
#19063 = CARTESIAN_POINT('',(226.12,60.62,0.));
#19064 = SURFACE_CURVE('',#19065,(#19069,#19076),.PCURVE_S1.);
#19065 = LINE('',#19066,#19067);
#19066 = CARTESIAN_POINT('',(77.88,60.62,0.));
#19067 = VECTOR('',#19068,1.);
#19068 = DIRECTION('',(1.,0.,0.));
#19069 = PCURVE('',#18833,#19070);
#19070 = DEFINITIONAL_REPRESENTATION('',(#19071),#19075);
#19071 = LINE('',#19072,#19073);
#19072 = CARTESIAN_POINT('',(0.,0.));
#19073 = VECTOR('',#19074,1.);
#19074 = DIRECTION('',(0.,1.));
#19075 = ( GEOMETRIC_REPRESENTATION_CONTEXT(2) 
PARAMETRIC_REPRESENTATION_CONTEXT() REPRESENTATION_CONTEXT('2D SPACE',''
  ) );
#19076 = PCURVE('',#18805,#19077);
#19077 = DEFINITIONAL_REPRESENTATION('',(#19078),#19082);
#19078 = LINE('',#19079,#19080);
#19079 = CARTESIAN_POINT('',(0.,26.66));
#19080 = VECTOR('',#19081,1.);
#19081 = DIRECTION('',(1.,0.));
#19082 = ( GEOMETRIC_REPRESENTATION_CONTEXT(2) 
PARAMETRIC_REPRESENTATION_CONTEXT() REPRESENTATION_CONTEXT('2D SPACE',''
  ) );
#19083 = ORIENTED_EDGE('',*,*,#18817,.T.);
#19084 = ORIENTED_EDGE('',*,*,#18975,.T.);
#19085 = ORIENTED_EDGE('',*,*,#19086,.F.);
#19086 = EDGE_CURVE('',#19062,#18953,#19087,.T.);
#19087 = SURFACE_CURVE('',#19088,(#19092,#19099),.PCURVE_S1.);
#19088 = LINE('',#19089,#19090);
#19089 = CARTESIAN_POINT('',(226.12,60.62,0.));
#19090 = VECTOR('',#19091,1.);
#19091 = DIRECTION('',(0.,0.,1.));
#19092 = PCURVE('',#18833,#19093);
#19093 = DEFINITIONAL_REPRESENTATION('',(#19094),#19098);
#19094 = LINE('',#19095,#19096);
#19095 = CARTESIAN_POINT('',(0.,148.24));
#19096 = VECTOR('',#19097,1.);
#19097 = DIRECTION('',(1.,0.));
#19098 = ( GEOMETRIC_REPRESENTATION_CONTEXT(2) 
PARAMETRIC_REPRESENTATION_CONTEXT() REPRESENTATION_CONTEXT('2D SPACE',''
  ) );
#19099 = PCURVE('',#18935,#19100);
#19100 = DEFINITIONAL_REPRESENTATION('',(#19101),#19105);
#19101 = LINE('',#19102,#19103);
#19102 = CARTESIAN_POINT('',(0.,-26.66));
#19103 = VECTOR('',#19104,1.);
#19104 = DIRECTION('',(1.,0.));
#19105 = ( GEOMETRIC_REPRESENTATION_CONTEXT(2) 
PARAMETRIC_REPRESENTATION_CONTEXT() REPRESENTATION_CONTEXT('2D SPACE',''
  ) );
#19106 = ADVANCED_FACE('',(#19107),#18805,.F.);
#19107 = FACE_BOUND('',#19108,.F.);
#19108 = EDGE_LOOP('',(#19109,#19110,#19111,#19132));
#19109 = ORIENTED_EDGE('',*,*,#18789,.F.);
#19110 = ORIENTED_EDGE('',*,*,#18874,.T.);
#19111 = ORIENTED_EDGE('',*,*,#19112,.T.);
#19112 = EDGE_CURVE('',#18875,#19062,#19113,.T.);
#19113 = SURFACE_CURVE('',#19114,(#19118,#19125),.PCURVE_S1.);
#19114 = LINE('',#19115,#19116);
#19115 = CARTESIAN_POINT('',(226.12,33.96,0.));
#19116 = VECTOR('',#19117,1.);
#19117 = DIRECTION('',(0.,1.,0.));
#19118 = PCURVE('',#18805,#19119);
#19119 = DEFINITIONAL_REPRESENTATION('',(#19120),#19124);
#19120 = LINE('',#19121,#19122);
#19121 = CARTESIAN_POINT('',(148.24,0.));
#19122 = VECTOR('',#19123,1.);
#19123 = DIRECTION('',(0.,1.));
#19124 = ( GEOMETRIC_REPRESENTATION_CONTEXT(2) 
PARAMETRIC_REPRESENTATION_CONTEXT() REPRESENTATION_CONTEXT('2D SPACE',''
  ) );
#19125 = PCURVE('',#18935,#19126);
#19126 = DEFINITIONAL_REPRESENTATION('',(#19127),#19131);
#19127 = LINE('',#19128,#19129);
#19128 = CARTESIAN_POINT('',(0.,0.));
#19129 = VECTOR('',#19130,1.);
#19130 = DIRECTION('',(0.,-1.));
#19131 = ( GEOMETRIC_REPRESENTATION_CONTEXT(2) 
PARAMETRIC_REPRESENTATION_CONTEXT() REPRESENTATION_CONTEXT('2D SPACE',''
  ) );
#19132 = ORIENTED_EDGE('',*,*,#19061,.F.);
#19133 = ADVANCED_FACE('',(#19134),#18935,.T.);
#19134 = FACE_BOUND('',#19135,.T.);
#19135 = EDGE_LOOP('',(#19136,#19137,#19138,#19139));
#19136 = ORIENTED_EDGE('',*,*,#18921,.F.);
#19137 = ORIENTED_EDGE('',*,*,#19112,.T.);
#19138 = ORIENTED_EDGE('',*,*,#19086,.T.);
#19139 = ORIENTED_EDGE('',*,*,#18952,.F.);
#19140 = ADVANCED_FACE('',(#19141),#19015,.T.);
#19141 = FACE_BOUND('',#19142,.T.);
#19142 = EDGE_LOOP('',(#19143,#19172,#19193,#19194));
#19143 = ORIENTED_EDGE('',*,*,#19144,.F.);
#19144 = EDGE_CURVE('',#19145,#19145,#19147,.T.);
#19145 = VERTEX_POINT('',#19146);
#19146 = CARTESIAN_POINT('',(212.74,47.29,105.9));
#19147 = SURFACE_CURVE('',#19148,(#19153,#19160),.PCURVE_S1.);
#19148 = CIRCLE('',#19149,5.44);
#19149 = AXIS2_PLACEMENT_3D('',#19150,#19151,#19152);
#19150 = CARTESIAN_POINT('',(207.3,47.29,105.9));
#19151 = DIRECTION('',(0.,0.,1.));
#19152 = DIRECTION('',(1.,0.,0.));
#19153 = PCURVE('',#19015,#19154);
#19154 = DEFINITIONAL_REPRESENTATION('',(#19155),#19159);
#19155 = LINE('',#19156,#19157);
#19156 = CARTESIAN_POINT('',(0.,3.1));
#19157 = VECTOR('',#19158,1.);
#19158 = DIRECTION('',(1.,0.));
#19159 = ( GEOMETRIC_REPRESENTATION_CONTEXT(2) 
PARAMETRIC_REPRESENTATION_CONTEXT() REPRESENTATION_CONTEXT('2D SPACE',''
  ) );
#19160 = PCURVE('',#19161,#19166);
#19161 = PLANE('',#19162);
#19162 = AXIS2_PLACEMENT_3D('',#19163,#19164,#19165);
#19163 = CARTESIAN_POINT('',(207.3,47.29,105.9));
#19164 = DIRECTION('',(0.,0.,1.));
#19165 = DIRECTION('',(1.,0.,0.));
#19166 = DEFINITIONAL_REPRESENTATION('',(#19167),#19171);
#19167 = CIRCLE('',#19168,5.44);
#19168 = AXIS2_PLACEMENT_2D('',#19169,#19170);
#19169 = CARTESIAN_POINT('',(0.,0.));
#19170 = DIRECTION('',(1.,0.));
#19171 = ( GEOMETRIC_REPRESENTATION_CONTEXT(2) 
PARAMETRIC_REPRESENTATION_CONTEXT() REPRESENTATION_CONTEXT('2D SPACE',''
  ) );
#19172 = ORIENTED_EDGE('',*,*,#19173,.F.);
#19173 = EDGE_CURVE('',#18999,#19145,#19174,.T.);
#19174 = SEAM_CURVE('',#19175,(#19179,#19186),.PCURVE_S1.);
#19175 = LINE('',#19176,#19177);
#19176 = CARTESIAN_POINT('',(212.74,47.29,102.8));
#19177 = VECTOR('',#19178,1.);
#19178 = DIRECTION('',(0.,0.,1.));
#19179 = PCURVE('',#19015,#19180);
#19180 = DEFINITIONAL_REPRESENTATION('',(#19181),#19185);
#19181 = LINE('',#19182,#19183);
#19182 = CARTESIAN_POINT('',(6.28318530718,-0.));
#19183 = VECTOR('',#19184,1.);
#19184 = DIRECTION('',(0.,1.));
#19185 = ( GEOMETRIC_REPRESENTATION_CONTEXT(2) 
PARAMETRIC_REPRESENTATION_CONTEXT() REPRESENTATION_CONTEXT('2D SPACE',''
  ) );
#19186 = PCURVE('',#19015,#19187);
#19187 = DEFINITIONAL_REPRESENTATION('',(#19188),#19192);
#19188 = LINE('',#19189,#19190);
#19189 = CARTESIAN_POINT('',(0.,-0.));
#19190 = VECTOR('',#19191,1.);
#19191 = DIRECTION('',(0.,1.));
#19192 = ( GEOMETRIC_REPRESENTATION_CONTEXT(2) 
PARAMETRIC_REPRESENTATION_CONTEXT() REPRESENTATION_CONTEXT('2D SPACE',''
  ) );
#19193 = ORIENTED_EDGE('',*,*,#18998,.T.);
#19194 = ORIENTED_EDGE('',*,*,#19173,.T.);
#19195 = ADVANCED_FACE('',(#19196),#19046,.T.);
#19196 = FACE_BOUND('',#19197,.T.);
#19197 = EDGE_LOOP('',(#19198,#19227,#19248,#19249));
#19198 = ORIENTED_EDGE('',*,*,#19199,.F.);
#19199 = EDGE_CURVE('',#19200,#19200,#19202,.T.);
#19200 = VERTEX_POINT('',#19201);
#19201 = CARTESIAN_POINT('',(102.14,47.29,105.9));
#19202 = SURFACE_CURVE('',#19203,(#19208,#19215),.PCURVE_S1.);
#19203 = CIRCLE('',#19204,5.44);
#19204 = AXIS2_PLACEMENT_3D('',#19205,#19206,#19207);
#19205 = CARTESIAN_POINT('',(96.7,47.29,105.9));
#19206 = DIRECTION('',(0.,0.,1.));
#19207 = DIRECTION('',(1.,0.,0.));
#19208 = PCURVE('',#19046,#19209);
#19209 = DEFINITIONAL_REPRESENTATION('',(#19210),#19214);
#19210 = LINE('',#19211,#19212);
#19211 = CARTESIAN_POINT('',(0.,3.1));
#19212 = VECTOR('',#19213,1.);
#19213 = DIRECTION('',(1.,0.));
#19214 = ( GEOMETRIC_REPRESENTATION_CONTEXT(2) 
PARAMETRIC_REPRESENTATION_CONTEXT() REPRESENTATION_CONTEXT('2D SPACE',''
  ) );
#19215 = PCURVE('',#19216,#19221);
#19216 = PLANE('',#19217);
#19217 = AXIS2_PLACEMENT_3D('',#19218,#19219,#19220);
#19218 = CARTESIAN_POINT('',(96.7,47.29,105.9));
#19219 = DIRECTION('',(0.,0.,1.));
#19220 = DIRECTION('',(1.,0.,0.));
#19221 = DEFINITIONAL_REPRESENTATION('',(#19222),#19226);
#19222 = CIRCLE('',#19223,5.44);
#19223 = AXIS2_PLACEMENT_2D('',#19224,#19225);
#19224 = CARTESIAN_POINT('',(0.,0.));
#19225 = DIRECTION('',(1.,0.));
#19226 = ( GEOMETRIC_REPRESENTATION_CONTEXT(2) 
PARAMETRIC_REPRESENTATION_CONTEXT() REPRESENTATION_CONTEXT('2D SPACE',''
  ) );
#19227 = ORIENTED_EDGE('',*,*,#19228,.F.);
#19228 = EDGE_CURVE('',#19030,#19200,#19229,.T.);
#19229 = SEAM_CURVE('',#19230,(#19234,#19241),.PCURVE_S1.);
#19230 = LINE('',#19231,#19232);
#19231 = CARTESIAN_POINT('',(102.14,47.29,102.8));
#19232 = VECTOR('',#19233,1.);
#19233 = DIRECTION('',(0.,0.,1.));
#19234 = PCURVE('',#19046,#19235);
#19235 = DEFINITIONAL_REPRESENTATION('',(#19236),#19240);
#19236 = LINE('',#19237,#19238);
#19237 = CARTESIAN_POINT('',(6.28318530718,-0.));
#19238 = VECTOR('',#19239,1.);
#19239 = DIRECTION('',(0.,1.));
#19240 = ( GEOMETRIC_REPRESENTATION_CONTEXT(2) 
PARAMETRIC_REPRESENTATION_CONTEXT() REPRESENTATION_CONTEXT('2D SPACE',''
  ) );
#19241 = PCURVE('',#19046,#19242);
#19242 = DEFINITIONAL_REPRESENTATION('',(#19243),#19247);
#19243 = LINE('',#19244,#19245);
#19244 = CARTESIAN_POINT('',(0.,-0.));
#19245 = VECTOR('',#19246,1.);
#19246 = DIRECTION('',(0.,1.));
#19247 = ( GEOMETRIC_REPRESENTATION_CONTEXT(2) 
PARAMETRIC_REPRESENTATION_CONTEXT() REPRESENTATION_CONTEXT('2D SPACE',''
  ) );
#19248 = ORIENTED_EDGE('',*,*,#19029,.T.);
#19249 = ORIENTED_EDGE('',*,*,#19228,.T.);
#19250 = ADVANCED_FACE('',(#19251),#19161,.T.);
#19251 = FACE_BOUND('',#19252,.T.);
#19252 = EDGE_LOOP('',(#19253));
#19253 = ORIENTED_EDGE('',*,*,#19144,.T.);
#19254 = ADVANCED_FACE('',(#19255),#19216,.T.);
#19255 = FACE_BOUND('',#19256,.T.);
#19256 = EDGE_LOOP('',(#19257));
#19257 = ORIENTED_EDGE('',*,*,#19199,.T.);
#19258 = MANIFOLD_SOLID_BREP('',#19259);
#19259 = CLOSED_SHELL('',(#19260,#19380,#19456,#19567,#19616,#19643,
    #19650,#19705,#19760,#19764));
#19260 = ADVANCED_FACE('',(#19261),#19275,.F.);
#19261 = FACE_BOUND('',#19262,.F.);
#19262 = EDGE_LOOP('',(#19263,#19298,#19326,#19354));
#19263 = ORIENTED_EDGE('',*,*,#19264,.F.);
#19264 = EDGE_CURVE('',#19265,#19267,#19269,.T.);
#19265 = VERTEX_POINT('',#19266);
#19266 = CARTESIAN_POINT('',(226.12,90.28,0.));
#19267 = VERTEX_POINT('',#19268);
#19268 = CARTESIAN_POINT('',(226.12,90.28,102.8));
#19269 = SURFACE_CURVE('',#19270,(#19274,#19286),.PCURVE_S1.);
#19270 = LINE('',#19271,#19272);
#19271 = CARTESIAN_POINT('',(226.12,90.28,0.));
#19272 = VECTOR('',#19273,1.);
#19273 = DIRECTION('',(0.,0.,1.));
#19274 = PCURVE('',#19275,#19280);
#19275 = PLANE('',#19276);
#19276 = AXIS2_PLACEMENT_3D('',#19277,#19278,#19279);
#19277 = CARTESIAN_POINT('',(226.12,90.28,0.));
#19278 = DIRECTION('',(-1.,1.224646799147E-16,0.));
#19279 = DIRECTION('',(0.,0.,1.));
#19280 = DEFINITIONAL_REPRESENTATION('',(#19281),#19285);
#19281 = LINE('',#19282,#19283);
#19282 = CARTESIAN_POINT('',(0.,0.));
#19283 = VECTOR('',#19284,1.);
#19284 = DIRECTION('',(1.,0.));
#19285 = ( GEOMETRIC_REPRESENTATION_CONTEXT(2) 
PARAMETRIC_REPRESENTATION_CONTEXT() REPRESENTATION_CONTEXT('2D SPACE',''
  ) );
#19286 = PCURVE('',#19287,#19292);
#19287 = PLANE('',#19288);
#19288 = AXIS2_PLACEMENT_3D('',#19289,#19290,#19291);
#19289 = CARTESIAN_POINT('',(226.12,90.28,0.));
#19290 = DIRECTION('',(-1.224646799147E-16,-1.,0.));
#19291 = DIRECTION('',(0.,0.,1.));
#19292 = DEFINITIONAL_REPRESENTATION('',(#19293),#19297);
#19293 = LINE('',#19294,#19295);
#19294 = CARTESIAN_POINT('',(0.,0.));
#19295 = VECTOR('',#19296,1.);
#19296 = DIRECTION('',(1.,0.));
#19297 = ( GEOMETRIC_REPRESENTATION_CONTEXT(2) 
PARAMETRIC_REPRESENTATION_CONTEXT() REPRESENTATION_CONTEXT('2D SPACE',''
  ) );
#19298 = ORIENTED_EDGE('',*,*,#19299,.T.);
#19299 = EDGE_CURVE('',#19265,#19300,#19302,.T.);
#19300 = VERTEX_POINT('',#19301);
#19301 = CARTESIAN_POINT('',(226.12,63.62,0.));
#19302 = SURFACE_CURVE('',#19303,(#19307,#19314),.PCURVE_S1.);
#19303 = LINE('',#19304,#19305);
#19304 = CARTESIAN_POINT('',(226.12,90.28,0.));
#19305 = VECTOR('',#19306,1.);
#19306 = DIRECTION('',(-1.224646799147E-16,-1.,0.));
#19307 = PCURVE('',#19275,#19308);
#19308 = DEFINITIONAL_REPRESENTATION('',(#19309),#19313);
#19309 = LINE('',#19310,#19311);
#19310 = CARTESIAN_POINT('',(0.,0.));
#19311 = VECTOR('',#19312,1.);
#19312 = DIRECTION('',(0.,-1.));
#19313 = ( GEOMETRIC_REPRESENTATION_CONTEXT(2) 
PARAMETRIC_REPRESENTATION_CONTEXT() REPRESENTATION_CONTEXT('2D SPACE',''
  ) );
#19314 = PCURVE('',#19315,#19320);
#19315 = PLANE('',#19316);
#19316 = AXIS2_PLACEMENT_3D('',#19317,#19318,#19319);
#19317 = CARTESIAN_POINT('',(226.12,90.28,0.));
#19318 = DIRECTION('',(0.,0.,1.));
#19319 = DIRECTION('',(-1.,1.224646799147E-16,0.));
#19320 = DEFINITIONAL_REPRESENTATION('',(#19321),#19325);
#19321 = LINE('',#19322,#19323);
#19322 = CARTESIAN_POINT('',(0.,0.));
#19323 = VECTOR('',#19324,1.);
#19324 = DIRECTION('',(0.,1.));
#19325 = ( GEOMETRIC_REPRESENTATION_CONTEXT(2) 
PARAMETRIC_REPRESENTATION_CONTEXT() REPRESENTATION_CONTEXT('2D SPACE',''
  ) );
#19326 = ORIENTED_EDGE('',*,*,#19327,.T.);
#19327 = EDGE_CURVE('',#19300,#19328,#19330,.T.);
#19328 = VERTEX_POINT('',#19329);
#19329 = CARTESIAN_POINT('',(226.12,63.62,102.8));
#19330 = SURFACE_CURVE('',#19331,(#19335,#19342),.PCURVE_S1.);
#19331 = LINE('',#19332,#19333);
#19332 = CARTESIAN_POINT('',(226.12,63.62,0.));
#19333 = VECTOR('',#19334,1.);
#19334 = DIRECTION('',(0.,0.,1.));
#19335 = PCURVE('',#19275,#19336);
#19336 = DEFINITIONAL_REPRESENTATION('',(#19337),#19341);
#19337 = LINE('',#19338,#19339);
#19338 = CARTESIAN_POINT('',(0.,-26.66));
#19339 = VECTOR('',#19340,1.);
#19340 = DIRECTION('',(1.,0.));
#19341 = ( GEOMETRIC_REPRESENTATION_CONTEXT(2) 
PARAMETRIC_REPRESENTATION_CONTEXT() REPRESENTATION_CONTEXT('2D SPACE',''
  ) );
#19342 = PCURVE('',#19343,#19348);
#19343 = PLANE('',#19344);
#19344 = AXIS2_PLACEMENT_3D('',#19345,#19346,#19347);
#19345 = CARTESIAN_POINT('',(226.12,63.62,0.));
#19346 = DIRECTION('',(-1.224646799147E-16,-1.,0.));
#19347 = DIRECTION('',(0.,0.,1.));
#19348 = DEFINITIONAL_REPRESENTATION('',(#19349),#19353);
#19349 = LINE('',#19350,#19351);
#19350 = CARTESIAN_POINT('',(0.,0.));
#19351 = VECTOR('',#19352,1.);
#19352 = DIRECTION('',(1.,0.));
#19353 = ( GEOMETRIC_REPRESENTATION_CONTEXT(2) 
PARAMETRIC_REPRESENTATION_CONTEXT() REPRESENTATION_CONTEXT('2D SPACE',''
  ) );
#19354 = ORIENTED_EDGE('',*,*,#19355,.F.);
#19355 = EDGE_CURVE('',#19267,#19328,#19356,.T.);
#19356 = SURFACE_CURVE('',#19357,(#19361,#19368),.PCURVE_S1.);
#19357 = LINE('',#19358,#19359);
#19358 = CARTESIAN_POINT('',(226.12,90.28,102.8));
#19359 = VECTOR('',#19360,1.);
#19360 = DIRECTION('',(-1.224646799147E-16,-1.,0.));
#19361 = PCURVE('',#19275,#19362);
#19362 = DEFINITIONAL_REPRESENTATION('',(#19363),#19367);
#19363 = LINE('',#19364,#19365);
#19364 = CARTESIAN_POINT('',(102.8,0.));
#19365 = VECTOR('',#19366,1.);
#19366 = DIRECTION('',(0.,-1.));
#19367 = ( GEOMETRIC_REPRESENTATION_CONTEXT(2) 
PARAMETRIC_REPRESENTATION_CONTEXT() REPRESENTATION_CONTEXT('2D SPACE',''
  ) );
#19368 = PCURVE('',#19369,#19374);
#19369 = PLANE('',#19370);
#19370 = AXIS2_PLACEMENT_3D('',#19371,#19372,#19373);
#19371 = CARTESIAN_POINT('',(226.12,90.28,102.8));
#19372 = DIRECTION('',(0.,0.,1.));
#19373 = DIRECTION('',(-1.,1.224646799147E-16,0.));
#19374 = DEFINITIONAL_REPRESENTATION('',(#19375),#19379);
#19375 = LINE('',#19376,#19377);
#19376 = CARTESIAN_POINT('',(0.,0.));
#19377 = VECTOR('',#19378,1.);
#19378 = DIRECTION('',(0.,1.));
#19379 = ( GEOMETRIC_REPRESENTATION_CONTEXT(2) 
PARAMETRIC_REPRESENTATION_CONTEXT() REPRESENTATION_CONTEXT('2D SPACE',''
  ) );
#19380 = ADVANCED_FACE('',(#19381),#19287,.F.);
#19381 = FACE_BOUND('',#19382,.F.);
#19382 = EDGE_LOOP('',(#19383,#19406,#19407,#19430));
#19383 = ORIENTED_EDGE('',*,*,#19384,.F.);
#19384 = EDGE_CURVE('',#19265,#19385,#19387,.T.);
#19385 = VERTEX_POINT('',#19386);
#19386 = CARTESIAN_POINT('',(77.88,90.28,0.));
#19387 = SURFACE_CURVE('',#19388,(#19392,#19399),.PCURVE_S1.);
#19388 = LINE('',#19389,#19390);
#19389 = CARTESIAN_POINT('',(226.12,90.28,0.));
#19390 = VECTOR('',#19391,1.);
#19391 = DIRECTION('',(-1.,1.224646799147E-16,0.));
#19392 = PCURVE('',#19287,#19393);
#19393 = DEFINITIONAL_REPRESENTATION('',(#19394),#19398);
#19394 = LINE('',#19395,#19396);
#19395 = CARTESIAN_POINT('',(0.,0.));
#19396 = VECTOR('',#19397,1.);
#19397 = DIRECTION('',(0.,1.));
#19398 = ( GEOMETRIC_REPRESENTATION_CONTEXT(2) 
PARAMETRIC_REPRESENTATION_CONTEXT() REPRESENTATION_CONTEXT('2D SPACE',''
  ) );
#19399 = PCURVE('',#19315,#19400);
#19400 = DEFINITIONAL_REPRESENTATION('',(#19401),#19405);
#19401 = LINE('',#19402,#19403);
#19402 = CARTESIAN_POINT('',(0.,0.));
#19403 = VECTOR('',#19404,1.);
#19404 = DIRECTION('',(1.,0.));
#19405 = ( GEOMETRIC_REPRESENTATION_CONTEXT(2) 
PARAMETRIC_REPRESENTATION_CONTEXT() REPRESENTATION_CONTEXT('2D SPACE',''
  ) );
#19406 = ORIENTED_EDGE('',*,*,#19264,.T.);
#19407 = ORIENTED_EDGE('',*,*,#19408,.T.);
#19408 = EDGE_CURVE('',#19267,#19409,#19411,.T.);
#19409 = VERTEX_POINT('',#19410);
#19410 = CARTESIAN_POINT('',(77.88,90.28,102.8));
#19411 = SURFACE_CURVE('',#19412,(#19416,#19423),.PCURVE_S1.);
#19412 = LINE('',#19413,#19414);
#19413 = CARTESIAN_POINT('',(226.12,90.28,102.8));
#19414 = VECTOR('',#19415,1.);
#19415 = DIRECTION('',(-1.,1.224646799147E-16,0.));
#19416 = PCURVE('',#19287,#19417);
#19417 = DEFINITIONAL_REPRESENTATION('',(#19418),#19422);
#19418 = LINE('',#19419,#19420);
#19419 = CARTESIAN_POINT('',(102.8,0.));
#19420 = VECTOR('',#19421,1.);
#19421 = DIRECTION('',(0.,1.));
#19422 = ( GEOMETRIC_REPRESENTATION_CONTEXT(2) 
PARAMETRIC_REPRESENTATION_CONTEXT() REPRESENTATION_CONTEXT('2D SPACE',''
  ) );
#19423 = PCURVE('',#19369,#19424);
#19424 = DEFINITIONAL_REPRESENTATION('',(#19425),#19429);
#19425 = LINE('',#19426,#19427);
#19426 = CARTESIAN_POINT('',(0.,0.));
#19427 = VECTOR('',#19428,1.);
#19428 = DIRECTION('',(1.,0.));
#19429 = ( GEOMETRIC_REPRESENTATION_CONTEXT(2) 
PARAMETRIC_REPRESENTATION_CONTEXT() REPRESENTATION_CONTEXT('2D SPACE',''
  ) );
#19430 = ORIENTED_EDGE('',*,*,#19431,.F.);
#19431 = EDGE_CURVE('',#19385,#19409,#19432,.T.);
#19432 = SURFACE_CURVE('',#19433,(#19437,#19444),.PCURVE_S1.);
#19433 = LINE('',#19434,#19435);
#19434 = CARTESIAN_POINT('',(77.88,90.28,0.));
#19435 = VECTOR('',#19436,1.);
#19436 = DIRECTION('',(0.,0.,1.));
#19437 = PCURVE('',#19287,#19438);
#19438 = DEFINITIONAL_REPRESENTATION('',(#19439),#19443);
#19439 = LINE('',#19440,#19441);
#19440 = CARTESIAN_POINT('',(0.,148.24));
#19441 = VECTOR('',#19442,1.);
#19442 = DIRECTION('',(1.,0.));
#19443 = ( GEOMETRIC_REPRESENTATION_CONTEXT(2) 
PARAMETRIC_REPRESENTATION_CONTEXT() REPRESENTATION_CONTEXT('2D SPACE',''
  ) );
#19444 = PCURVE('',#19445,#19450);
#19445 = PLANE('',#19446);
#19446 = AXIS2_PLACEMENT_3D('',#19447,#19448,#19449);
#19447 = CARTESIAN_POINT('',(77.88,90.28,0.));
#19448 = DIRECTION('',(-1.,1.224646799147E-16,0.));
#19449 = DIRECTION('',(0.,0.,1.));
#19450 = DEFINITIONAL_REPRESENTATION('',(#19451),#19455);
#19451 = LINE('',#19452,#19453);
#19452 = CARTESIAN_POINT('',(0.,0.));
#19453 = VECTOR('',#19454,1.);
#19454 = DIRECTION('',(1.,0.));
#19455 = ( GEOMETRIC_REPRESENTATION_CONTEXT(2) 
PARAMETRIC_REPRESENTATION_CONTEXT() REPRESENTATION_CONTEXT('2D SPACE',''
  ) );
#19456 = ADVANCED_FACE('',(#19457,#19505,#19536),#19369,.T.);
#19457 = FACE_BOUND('',#19458,.T.);
#19458 = EDGE_LOOP('',(#19459,#19460,#19461,#19484));
#19459 = ORIENTED_EDGE('',*,*,#19355,.F.);
#19460 = ORIENTED_EDGE('',*,*,#19408,.T.);
#19461 = ORIENTED_EDGE('',*,*,#19462,.T.);
#19462 = EDGE_CURVE('',#19409,#19463,#19465,.T.);
#19463 = VERTEX_POINT('',#19464);
#19464 = CARTESIAN_POINT('',(77.88,63.62,102.8));
#19465 = SURFACE_CURVE('',#19466,(#19470,#19477),.PCURVE_S1.);
#19466 = LINE('',#19467,#19468);
#19467 = CARTESIAN_POINT('',(77.88,90.28,102.8));
#19468 = VECTOR('',#19469,1.);
#19469 = DIRECTION('',(-1.224646799147E-16,-1.,0.));
#19470 = PCURVE('',#19369,#19471);
#19471 = DEFINITIONAL_REPRESENTATION('',(#19472),#19476);
#19472 = LINE('',#19473,#19474);
#19473 = CARTESIAN_POINT('',(148.24,0.));
#19474 = VECTOR('',#19475,1.);
#19475 = DIRECTION('',(0.,1.));
#19476 = ( GEOMETRIC_REPRESENTATION_CONTEXT(2) 
PARAMETRIC_REPRESENTATION_CONTEXT() REPRESENTATION_CONTEXT('2D SPACE',''
  ) );
#19477 = PCURVE('',#19445,#19478);
#19478 = DEFINITIONAL_REPRESENTATION('',(#19479),#19483);
#19479 = LINE('',#19480,#19481);
#19480 = CARTESIAN_POINT('',(102.8,0.));
#19481 = VECTOR('',#19482,1.);
#19482 = DIRECTION('',(0.,-1.));
#19483 = ( GEOMETRIC_REPRESENTATION_CONTEXT(2) 
PARAMETRIC_REPRESENTATION_CONTEXT() REPRESENTATION_CONTEXT('2D SPACE',''
  ) );
#19484 = ORIENTED_EDGE('',*,*,#19485,.F.);
#19485 = EDGE_CURVE('',#19328,#19463,#19486,.T.);
#19486 = SURFACE_CURVE('',#19487,(#19491,#19498),.PCURVE_S1.);
#19487 = LINE('',#19488,#19489);
#19488 = CARTESIAN_POINT('',(226.12,63.62,102.8));
#19489 = VECTOR('',#19490,1.);
#19490 = DIRECTION('',(-1.,1.224646799147E-16,0.));
#19491 = PCURVE('',#19369,#19492);
#19492 = DEFINITIONAL_REPRESENTATION('',(#19493),#19497);
#19493 = LINE('',#19494,#19495);
#19494 = CARTESIAN_POINT('',(0.,26.66));
#19495 = VECTOR('',#19496,1.);
#19496 = DIRECTION('',(1.,0.));
#19497 = ( GEOMETRIC_REPRESENTATION_CONTEXT(2) 
PARAMETRIC_REPRESENTATION_CONTEXT() REPRESENTATION_CONTEXT('2D SPACE',''
  ) );
#19498 = PCURVE('',#19343,#19499);
#19499 = DEFINITIONAL_REPRESENTATION('',(#19500),#19504);
#19500 = LINE('',#19501,#19502);
#19501 = CARTESIAN_POINT('',(102.8,0.));
#19502 = VECTOR('',#19503,1.);
#19503 = DIRECTION('',(0.,1.));
#19504 = ( GEOMETRIC_REPRESENTATION_CONTEXT(2) 
PARAMETRIC_REPRESENTATION_CONTEXT() REPRESENTATION_CONTEXT('2D SPACE',''
  ) );
#19505 = FACE_BOUND('',#19506,.T.);
#19506 = EDGE_LOOP('',(#19507));
#19507 = ORIENTED_EDGE('',*,*,#19508,.F.);
#19508 = EDGE_CURVE('',#19509,#19509,#19511,.T.);
#19509 = VERTEX_POINT('',#19510);
#19510 = CARTESIAN_POINT('',(91.26,76.95,102.8));
#19511 = SURFACE_CURVE('',#19512,(#19517,#19524),.PCURVE_S1.);
#19512 = CIRCLE('',#19513,5.44);
#19513 = AXIS2_PLACEMENT_3D('',#19514,#19515,#19516);
#19514 = CARTESIAN_POINT('',(96.7,76.95,102.8));
#19515 = DIRECTION('',(0.,0.,1.));
#19516 = DIRECTION('',(-1.,1.224646799147E-16,0.));
#19517 = PCURVE('',#19369,#19518);
#19518 = DEFINITIONAL_REPRESENTATION('',(#19519),#19523);
#19519 = CIRCLE('',#19520,5.44);
#19520 = AXIS2_PLACEMENT_2D('',#19521,#19522);
#19521 = CARTESIAN_POINT('',(129.42,13.33));
#19522 = DIRECTION('',(1.,0.));
#19523 = ( GEOMETRIC_REPRESENTATION_CONTEXT(2) 
PARAMETRIC_REPRESENTATION_CONTEXT() REPRESENTATION_CONTEXT('2D SPACE',''
  ) );
#19524 = PCURVE('',#19525,#19530);
#19525 = CYLINDRICAL_SURFACE('',#19526,5.44);
#19526 = AXIS2_PLACEMENT_3D('',#19527,#19528,#19529);
#19527 = CARTESIAN_POINT('',(96.7,76.95,102.8));
#19528 = DIRECTION('',(0.,0.,1.));
#19529 = DIRECTION('',(-1.,1.224646799147E-16,0.));
#19530 = DEFINITIONAL_REPRESENTATION('',(#19531),#19535);
#19531 = LINE('',#19532,#19533);
#19532 = CARTESIAN_POINT('',(0.,0.));
#19533 = VECTOR('',#19534,1.);
#19534 = DIRECTION('',(1.,0.));
#19535 = ( GEOMETRIC_REPRESENTATION_CONTEXT(2) 
PARAMETRIC_REPRESENTATION_CONTEXT() REPRESENTATION_CONTEXT('2D SPACE',''
  ) );
#19536 = FACE_BOUND('',#19537,.T.);
#19537 = EDGE_LOOP('',(#19538));
#19538 = ORIENTED_EDGE('',*,*,#19539,.F.);
#19539 = EDGE_CURVE('',#19540,#19540,#19542,.T.);
#19540 = VERTEX_POINT('',#19541);
#19541 = CARTESIAN_POINT('',(201.86,76.95,102.8));
#19542 = SURFACE_CURVE('',#19543,(#19548,#19555),.PCURVE_S1.);
#19543 = CIRCLE('',#19544,5.44);
#19544 = AXIS2_PLACEMENT_3D('',#19545,#19546,#19547);
#19545 = CARTESIAN_POINT('',(207.3,76.95,102.8));
#19546 = DIRECTION('',(0.,0.,1.));
#19547 = DIRECTION('',(-1.,1.224646799147E-16,0.));
#19548 = PCURVE('',#19369,#19549);
#19549 = DEFINITIONAL_REPRESENTATION('',(#19550),#19554);
#19550 = CIRCLE('',#19551,5.44);
#19551 = AXIS2_PLACEMENT_2D('',#19552,#19553);
#19552 = CARTESIAN_POINT('',(18.82,13.33));
#19553 = DIRECTION('',(1.,0.));
#19554 = ( GEOMETRIC_REPRESENTATION_CONTEXT(2) 
PARAMETRIC_REPRESENTATION_CONTEXT() REPRESENTATION_CONTEXT('2D SPACE',''
  ) );
#19555 = PCURVE('',#19556,#19561);
#19556 = CYLINDRICAL_SURFACE('',#19557,5.44);
#19557 = AXIS2_PLACEMENT_3D('',#19558,#19559,#19560);
#19558 = CARTESIAN_POINT('',(207.3,76.95,102.8));
#19559 = DIRECTION('',(0.,0.,1.));
#19560 = DIRECTION('',(-1.,1.224646799147E-16,0.));
#19561 = DEFINITIONAL_REPRESENTATION('',(#19562),#19566);
#19562 = LINE('',#19563,#19564);
#19563 = CARTESIAN_POINT('',(0.,0.));
#19564 = VECTOR('',#19565,1.);
#19565 = DIRECTION('',(1.,0.));
#19566 = ( GEOMETRIC_REPRESENTATION_CONTEXT(2) 
PARAMETRIC_REPRESENTATION_CONTEXT() REPRESENTATION_CONTEXT('2D SPACE',''
  ) );
#19567 = ADVANCED_FACE('',(#19568),#19343,.T.);
#19568 = FACE_BOUND('',#19569,.T.);
#19569 = EDGE_LOOP('',(#19570,#19593,#19594,#19595));
#19570 = ORIENTED_EDGE('',*,*,#19571,.F.);
#19571 = EDGE_CURVE('',#19300,#19572,#19574,.T.);
#19572 = VERTEX_POINT('',#19573);
#19573 = CARTESIAN_POINT('',(77.88,63.62,0.));
#19574 = SURFACE_CURVE('',#19575,(#19579,#19586),.PCURVE_S1.);
#19575 = LINE('',#19576,#19577);
#19576 = CARTESIAN_POINT('',(226.12,63.62,0.));
#19577 = VECTOR('',#19578,1.);
#19578 = DIRECTION('',(-1.,1.224646799147E-16,0.));
#19579 = PCURVE('',#19343,#19580);
#19580 = DEFINITIONAL_REPRESENTATION('',(#19581),#19585);
#19581 = LINE('',#19582,#19583);
#19582 = CARTESIAN_POINT('',(0.,0.));
#19583 = VECTOR('',#19584,1.);
#19584 = DIRECTION('',(0.,1.));
#19585 = ( GEOMETRIC_REPRESENTATION_CONTEXT(2) 
PARAMETRIC_REPRESENTATION_CONTEXT() REPRESENTATION_CONTEXT('2D SPACE',''
  ) );
#19586 = PCURVE('',#19315,#19587);
#19587 = DEFINITIONAL_REPRESENTATION('',(#19588),#19592);
#19588 = LINE('',#19589,#19590);
#19589 = CARTESIAN_POINT('',(0.,26.66));
#19590 = VECTOR('',#19591,1.);
#19591 = DIRECTION('',(1.,0.));
#19592 = ( GEOMETRIC_REPRESENTATION_CONTEXT(2) 
PARAMETRIC_REPRESENTATION_CONTEXT() REPRESENTATION_CONTEXT('2D SPACE',''
  ) );
#19593 = ORIENTED_EDGE('',*,*,#19327,.T.);
#19594 = ORIENTED_EDGE('',*,*,#19485,.T.);
#19595 = ORIENTED_EDGE('',*,*,#19596,.F.);
#19596 = EDGE_CURVE('',#19572,#19463,#19597,.T.);
#19597 = SURFACE_CURVE('',#19598,(#19602,#19609),.PCURVE_S1.);
#19598 = LINE('',#19599,#19600);
#19599 = CARTESIAN_POINT('',(77.88,63.62,0.));
#19600 = VECTOR('',#19601,1.);
#19601 = DIRECTION('',(0.,0.,1.));
#19602 = PCURVE('',#19343,#19603);
#19603 = DEFINITIONAL_REPRESENTATION('',(#19604),#19608);
#19604 = LINE('',#19605,#19606);
#19605 = CARTESIAN_POINT('',(0.,148.24));
#19606 = VECTOR('',#19607,1.);
#19607 = DIRECTION('',(1.,0.));
#19608 = ( GEOMETRIC_REPRESENTATION_CONTEXT(2) 
PARAMETRIC_REPRESENTATION_CONTEXT() REPRESENTATION_CONTEXT('2D SPACE',''
  ) );
#19609 = PCURVE('',#19445,#19610);
#19610 = DEFINITIONAL_REPRESENTATION('',(#19611),#19615);
#19611 = LINE('',#19612,#19613);
#19612 = CARTESIAN_POINT('',(0.,-26.66));
#19613 = VECTOR('',#19614,1.);
#19614 = DIRECTION('',(1.,0.));
#19615 = ( GEOMETRIC_REPRESENTATION_CONTEXT(2) 
PARAMETRIC_REPRESENTATION_CONTEXT() REPRESENTATION_CONTEXT('2D SPACE',''
  ) );
#19616 = ADVANCED_FACE('',(#19617),#19315,.F.);
#19617 = FACE_BOUND('',#19618,.F.);
#19618 = EDGE_LOOP('',(#19619,#19620,#19621,#19642));
#19619 = ORIENTED_EDGE('',*,*,#19299,.F.);
#19620 = ORIENTED_EDGE('',*,*,#19384,.T.);
#19621 = ORIENTED_EDGE('',*,*,#19622,.T.);
#19622 = EDGE_CURVE('',#19385,#19572,#19623,.T.);
#19623 = SURFACE_CURVE('',#19624,(#19628,#19635),.PCURVE_S1.);
#19624 = LINE('',#19625,#19626);
#19625 = CARTESIAN_POINT('',(77.88,90.28,0.));
#19626 = VECTOR('',#19627,1.);
#19627 = DIRECTION('',(-1.224646799147E-16,-1.,0.));
#19628 = PCURVE('',#19315,#19629);
#19629 = DEFINITIONAL_REPRESENTATION('',(#19630),#19634);
#19630 = LINE('',#19631,#19632);
#19631 = CARTESIAN_POINT('',(148.24,0.));
#19632 = VECTOR('',#19633,1.);
#19633 = DIRECTION('',(0.,1.));
#19634 = ( GEOMETRIC_REPRESENTATION_CONTEXT(2) 
PARAMETRIC_REPRESENTATION_CONTEXT() REPRESENTATION_CONTEXT('2D SPACE',''
  ) );
#19635 = PCURVE('',#19445,#19636);
#19636 = DEFINITIONAL_REPRESENTATION('',(#19637),#19641);
#19637 = LINE('',#19638,#19639);
#19638 = CARTESIAN_POINT('',(0.,0.));
#19639 = VECTOR('',#19640,1.);
#19640 = DIRECTION('',(0.,-1.));
#19641 = ( GEOMETRIC_REPRESENTATION_CONTEXT(2) 
PARAMETRIC_REPRESENTATION_CONTEXT() REPRESENTATION_CONTEXT('2D SPACE',''
  ) );
#19642 = ORIENTED_EDGE('',*,*,#19571,.F.);
#19643 = ADVANCED_FACE('',(#19644),#19445,.T.);
#19644 = FACE_BOUND('',#19645,.T.);
#19645 = EDGE_LOOP('',(#19646,#19647,#19648,#19649));
#19646 = ORIENTED_EDGE('',*,*,#19431,.F.);
#19647 = ORIENTED_EDGE('',*,*,#19622,.T.);
#19648 = ORIENTED_EDGE('',*,*,#19596,.T.);
#19649 = ORIENTED_EDGE('',*,*,#19462,.F.);
#19650 = ADVANCED_FACE('',(#19651),#19525,.T.);
#19651 = FACE_BOUND('',#19652,.T.);
#19652 = EDGE_LOOP('',(#19653,#19682,#19703,#19704));
#19653 = ORIENTED_EDGE('',*,*,#19654,.F.);
#19654 = EDGE_CURVE('',#19655,#19655,#19657,.T.);
#19655 = VERTEX_POINT('',#19656);
#19656 = CARTESIAN_POINT('',(91.26,76.95,105.9));
#19657 = SURFACE_CURVE('',#19658,(#19663,#19670),.PCURVE_S1.);
#19658 = CIRCLE('',#19659,5.44);
#19659 = AXIS2_PLACEMENT_3D('',#19660,#19661,#19662);
#19660 = CARTESIAN_POINT('',(96.7,76.95,105.9));
#19661 = DIRECTION('',(0.,0.,1.));
#19662 = DIRECTION('',(-1.,1.224646799147E-16,0.));
#19663 = PCURVE('',#19525,#19664);
#19664 = DEFINITIONAL_REPRESENTATION('',(#19665),#19669);
#19665 = LINE('',#19666,#19667);
#19666 = CARTESIAN_POINT('',(0.,3.1));
#19667 = VECTOR('',#19668,1.);
#19668 = DIRECTION('',(1.,0.));
#19669 = ( GEOMETRIC_REPRESENTATION_CONTEXT(2) 
PARAMETRIC_REPRESENTATION_CONTEXT() REPRESENTATION_CONTEXT('2D SPACE',''
  ) );
#19670 = PCURVE('',#19671,#19676);
#19671 = PLANE('',#19672);
#19672 = AXIS2_PLACEMENT_3D('',#19673,#19674,#19675);
#19673 = CARTESIAN_POINT('',(96.7,76.95,105.9));
#19674 = DIRECTION('',(0.,0.,1.));
#19675 = DIRECTION('',(-1.,1.224646799147E-16,0.));
#19676 = DEFINITIONAL_REPRESENTATION('',(#19677),#19681);
#19677 = CIRCLE('',#19678,5.44);
#19678 = AXIS2_PLACEMENT_2D('',#19679,#19680);
#19679 = CARTESIAN_POINT('',(0.,0.));
#19680 = DIRECTION('',(1.,0.));
#19681 = ( GEOMETRIC_REPRESENTATION_CONTEXT(2) 
PARAMETRIC_REPRESENTATION_CONTEXT() REPRESENTATION_CONTEXT('2D SPACE',''
  ) );
#19682 = ORIENTED_EDGE('',*,*,#19683,.F.);
#19683 = EDGE_CURVE('',#19509,#19655,#19684,.T.);
#19684 = SEAM_CURVE('',#19685,(#19689,#19696),.PCURVE_S1.);
#19685 = LINE('',#19686,#19687);
#19686 = CARTESIAN_POINT('',(91.26,76.95,102.8));
#19687 = VECTOR('',#19688,1.);
#19688 = DIRECTION('',(0.,0.,1.));
#19689 = PCURVE('',#19525,#19690);
#19690 = DEFINITIONAL_REPRESENTATION('',(#19691),#19695);
#19691 = LINE('',#19692,#19693);
#19692 = CARTESIAN_POINT('',(6.28318530718,-0.));
#19693 = VECTOR('',#19694,1.);
#19694 = DIRECTION('',(0.,1.));
#19695 = ( GEOMETRIC_REPRESENTATION_CONTEXT(2) 
PARAMETRIC_REPRESENTATION_CONTEXT() REPRESENTATION_CONTEXT('2D SPACE',''
  ) );
#19696 = PCURVE('',#19525,#19697);
#19697 = DEFINITIONAL_REPRESENTATION('',(#19698),#19702);
#19698 = LINE('',#19699,#19700);
#19699 = CARTESIAN_POINT('',(0.,-0.));
#19700 = VECTOR('',#19701,1.);
#19701 = DIRECTION('',(0.,1.));
#19702 = ( GEOMETRIC_REPRESENTATION_CONTEXT(2) 
PARAMETRIC_REPRESENTATION_CONTEXT() REPRESENTATION_CONTEXT('2D SPACE',''
  ) );
#19703 = ORIENTED_EDGE('',*,*,#19508,.T.);
#19704 = ORIENTED_EDGE('',*,*,#19683,.T.);
#19705 = ADVANCED_FACE('',(#19706),#19556,.T.);
#19706 = FACE_BOUND('',#19707,.T.);
#19707 = EDGE_LOOP('',(#19708,#19737,#19758,#19759));
#19708 = ORIENTED_EDGE('',*,*,#19709,.F.);
#19709 = EDGE_CURVE('',#19710,#19710,#19712,.T.);
#19710 = VERTEX_POINT('',#19711);
#19711 = CARTESIAN_POINT('',(201.86,76.95,105.9));
#19712 = SURFACE_CURVE('',#19713,(#19718,#19725),.PCURVE_S1.);
#19713 = CIRCLE('',#19714,5.44);
#19714 = AXIS2_PLACEMENT_3D('',#19715,#19716,#19717);
#19715 = CARTESIAN_POINT('',(207.3,76.95,105.9));
#19716 = DIRECTION('',(0.,0.,1.));
#19717 = DIRECTION('',(-1.,1.224646799147E-16,0.));
#19718 = PCURVE('',#19556,#19719);
#19719 = DEFINITIONAL_REPRESENTATION('',(#19720),#19724);
#19720 = LINE('',#19721,#19722);
#19721 = CARTESIAN_POINT('',(0.,3.1));
#19722 = VECTOR('',#19723,1.);
#19723 = DIRECTION('',(1.,0.));
#19724 = ( GEOMETRIC_REPRESENTATION_CONTEXT(2) 
PARAMETRIC_REPRESENTATION_CONTEXT() REPRESENTATION_CONTEXT('2D SPACE',''
  ) );
#19725 = PCURVE('',#19726,#19731);
#19726 = PLANE('',#19727);
#19727 = AXIS2_PLACEMENT_3D('',#19728,#19729,#19730);
#19728 = CARTESIAN_POINT('',(207.3,76.95,105.9));
#19729 = DIRECTION('',(0.,0.,1.));
#19730 = DIRECTION('',(-1.,1.224646799147E-16,0.));
#19731 = DEFINITIONAL_REPRESENTATION('',(#19732),#19736);
#19732 = CIRCLE('',#19733,5.44);
#19733 = AXIS2_PLACEMENT_2D('',#19734,#19735);
#19734 = CARTESIAN_POINT('',(0.,0.));
#19735 = DIRECTION('',(1.,0.));
#19736 = ( GEOMETRIC_REPRESENTATION_CONTEXT(2) 
PARAMETRIC_REPRESENTATION_CONTEXT() REPRESENTATION_CONTEXT('2D SPACE',''
  ) );
#19737 = ORIENTED_EDGE('',*,*,#19738,.F.);
#19738 = EDGE_CURVE('',#19540,#19710,#19739,.T.);
#19739 = SEAM_CURVE('',#19740,(#19744,#19751),.PCURVE_S1.);
#19740 = LINE('',#19741,#19742);
#19741 = CARTESIAN_POINT('',(201.86,76.95,102.8));
#19742 = VECTOR('',#19743,1.);
#19743 = DIRECTION('',(0.,0.,1.));
#19744 = PCURVE('',#19556,#19745);
#19745 = DEFINITIONAL_REPRESENTATION('',(#19746),#19750);
#19746 = LINE('',#19747,#19748);
#19747 = CARTESIAN_POINT('',(6.28318530718,-0.));
#19748 = VECTOR('',#19749,1.);
#19749 = DIRECTION('',(0.,1.));
#19750 = ( GEOMETRIC_REPRESENTATION_CONTEXT(2) 
PARAMETRIC_REPRESENTATION_CONTEXT() REPRESENTATION_CONTEXT('2D SPACE',''
  ) );
#19751 = PCURVE('',#19556,#19752);
#19752 = DEFINITIONAL_REPRESENTATION('',(#19753),#19757);
#19753 = LINE('',#19754,#19755);
#19754 = CARTESIAN_POINT('',(0.,-0.));
#19755 = VECTOR('',#19756,1.);
#19756 = DIRECTION('',(0.,1.));
#19757 = ( GEOMETRIC_REPRESENTATION_CONTEXT(2) 
PARAMETRIC_REPRESENTATION_CONTEXT() REPRESENTATION_CONTEXT('2D SPACE',''
  ) );
#19758 = ORIENTED_EDGE('',*,*,#19539,.T.);
#19759 = ORIENTED_EDGE('',*,*,#19738,.T.);
#19760 = ADVANCED_FACE('',(#19761),#19671,.T.);
#19761 = FACE_BOUND('',#19762,.T.);
#19762 = EDGE_LOOP('',(#19763));
#19763 = ORIENTED_EDGE('',*,*,#19654,.T.);
#19764 = ADVANCED_FACE('',(#19765),#19726,.T.);
#19765 = FACE_BOUND('',#19766,.T.);
#19766 = EDGE_LOOP('',(#19767));
#19767 = ORIENTED_EDGE('',*,*,#19709,.T.);
#19768 = MANIFOLD_SOLID_BREP('',#19769);
#19769 = CLOSED_SHELL('',(#19770,#19890,#19966,#20077,#20126,#20153,
    #20160,#20215,#20270,#20274));
#19770 = ADVANCED_FACE('',(#19771),#19785,.F.);
#19771 = FACE_BOUND('',#19772,.F.);
#19772 = EDGE_LOOP('',(#19773,#19808,#19836,#19864));
#19773 = ORIENTED_EDGE('',*,*,#19774,.F.);
#19774 = EDGE_CURVE('',#19775,#19777,#19779,.T.);
#19775 = VERTEX_POINT('',#19776);
#19776 = CARTESIAN_POINT('',(77.88,93.28,0.));
#19777 = VERTEX_POINT('',#19778);
#19778 = CARTESIAN_POINT('',(77.88,93.28,102.8));
#19779 = SURFACE_CURVE('',#19780,(#19784,#19796),.PCURVE_S1.);
#19780 = LINE('',#19781,#19782);
#19781 = CARTESIAN_POINT('',(77.88,93.28,0.));
#19782 = VECTOR('',#19783,1.);
#19783 = DIRECTION('',(0.,0.,1.));
#19784 = PCURVE('',#19785,#19790);
#19785 = PLANE('',#19786);
#19786 = AXIS2_PLACEMENT_3D('',#19787,#19788,#19789);
#19787 = CARTESIAN_POINT('',(77.88,93.28,0.));
#19788 = DIRECTION('',(1.,0.,0.));
#19789 = DIRECTION('',(0.,0.,1.));
#19790 = DEFINITIONAL_REPRESENTATION('',(#19791),#19795);
#19791 = LINE('',#19792,#19793);
#19792 = CARTESIAN_POINT('',(0.,0.));
#19793 = VECTOR('',#19794,1.);
#19794 = DIRECTION('',(1.,0.));
#19795 = ( GEOMETRIC_REPRESENTATION_CONTEXT(2) 
PARAMETRIC_REPRESENTATION_CONTEXT() REPRESENTATION_CONTEXT('2D SPACE',''
  ) );
#19796 = PCURVE('',#19797,#19802);
#19797 = PLANE('',#19798);
#19798 = AXIS2_PLACEMENT_3D('',#19799,#19800,#19801);
#19799 = CARTESIAN_POINT('',(77.88,93.28,0.));
#19800 = DIRECTION('',(0.,1.,0.));
#19801 = DIRECTION('',(0.,0.,1.));
#19802 = DEFINITIONAL_REPRESENTATION('',(#19803),#19807);
#19803 = LINE('',#19804,#19805);
#19804 = CARTESIAN_POINT('',(0.,0.));
#19805 = VECTOR('',#19806,1.);
#19806 = DIRECTION('',(1.,0.));
#19807 = ( GEOMETRIC_REPRESENTATION_CONTEXT(2) 
PARAMETRIC_REPRESENTATION_CONTEXT() REPRESENTATION_CONTEXT('2D SPACE',''
  ) );
#19808 = ORIENTED_EDGE('',*,*,#19809,.T.);
#19809 = EDGE_CURVE('',#19775,#19810,#19812,.T.);
#19810 = VERTEX_POINT('',#19811);
#19811 = CARTESIAN_POINT('',(77.88,119.94,0.));
#19812 = SURFACE_CURVE('',#19813,(#19817,#19824),.PCURVE_S1.);
#19813 = LINE('',#19814,#19815);
#19814 = CARTESIAN_POINT('',(77.88,93.28,0.));
#19815 = VECTOR('',#19816,1.);
#19816 = DIRECTION('',(0.,1.,0.));
#19817 = PCURVE('',#19785,#19818);
#19818 = DEFINITIONAL_REPRESENTATION('',(#19819),#19823);
#19819 = LINE('',#19820,#19821);
#19820 = CARTESIAN_POINT('',(0.,0.));
#19821 = VECTOR('',#19822,1.);
#19822 = DIRECTION('',(0.,-1.));
#19823 = ( GEOMETRIC_REPRESENTATION_CONTEXT(2) 
PARAMETRIC_REPRESENTATION_CONTEXT() REPRESENTATION_CONTEXT('2D SPACE',''
  ) );
#19824 = PCURVE('',#19825,#19830);
#19825 = PLANE('',#19826);
#19826 = AXIS2_PLACEMENT_3D('',#19827,#19828,#19829);
#19827 = CARTESIAN_POINT('',(77.88,93.28,0.));
#19828 = DIRECTION('',(0.,0.,1.));
#19829 = DIRECTION('',(1.,0.,0.));
#19830 = DEFINITIONAL_REPRESENTATION('',(#19831),#19835);
#19831 = LINE('',#19832,#19833);
#19832 = CARTESIAN_POINT('',(0.,0.));
#19833 = VECTOR('',#19834,1.);
#19834 = DIRECTION('',(0.,1.));
#19835 = ( GEOMETRIC_REPRESENTATION_CONTEXT(2) 
PARAMETRIC_REPRESENTATION_CONTEXT() REPRESENTATION_CONTEXT('2D SPACE',''
  ) );
#19836 = ORIENTED_EDGE('',*,*,#19837,.T.);
#19837 = EDGE_CURVE('',#19810,#19838,#19840,.T.);
#19838 = VERTEX_POINT('',#19839);
#19839 = CARTESIAN_POINT('',(77.88,119.94,102.8));
#19840 = SURFACE_CURVE('',#19841,(#19845,#19852),.PCURVE_S1.);
#19841 = LINE('',#19842,#19843);
#19842 = CARTESIAN_POINT('',(77.88,119.94,0.));
#19843 = VECTOR('',#19844,1.);
#19844 = DIRECTION('',(0.,0.,1.));
#19845 = PCURVE('',#19785,#19846);
#19846 = DEFINITIONAL_REPRESENTATION('',(#19847),#19851);
#19847 = LINE('',#19848,#19849);
#19848 = CARTESIAN_POINT('',(0.,-26.66));
#19849 = VECTOR('',#19850,1.);
#19850 = DIRECTION('',(1.,0.));
#19851 = ( GEOMETRIC_REPRESENTATION_CONTEXT(2) 
PARAMETRIC_REPRESENTATION_CONTEXT() REPRESENTATION_CONTEXT('2D SPACE',''
  ) );
#19852 = PCURVE('',#19853,#19858);
#19853 = PLANE('',#19854);
#19854 = AXIS2_PLACEMENT_3D('',#19855,#19856,#19857);
#19855 = CARTESIAN_POINT('',(77.88,119.94,0.));
#19856 = DIRECTION('',(0.,1.,0.));
#19857 = DIRECTION('',(0.,0.,1.));
#19858 = DEFINITIONAL_REPRESENTATION('',(#19859),#19863);
#19859 = LINE('',#19860,#19861);
#19860 = CARTESIAN_POINT('',(0.,0.));
#19861 = VECTOR('',#19862,1.);
#19862 = DIRECTION('',(1.,0.));
#19863 = ( GEOMETRIC_REPRESENTATION_CONTEXT(2) 
PARAMETRIC_REPRESENTATION_CONTEXT() REPRESENTATION_CONTEXT('2D SPACE',''
  ) );
#19864 = ORIENTED_EDGE('',*,*,#19865,.F.);
#19865 = EDGE_CURVE('',#19777,#19838,#19866,.T.);
#19866 = SURFACE_CURVE('',#19867,(#19871,#19878),.PCURVE_S1.);
#19867 = LINE('',#19868,#19869);
#19868 = CARTESIAN_POINT('',(77.88,93.28,102.8));
#19869 = VECTOR('',#19870,1.);
#19870 = DIRECTION('',(0.,1.,0.));
#19871 = PCURVE('',#19785,#19872);
#19872 = DEFINITIONAL_REPRESENTATION('',(#19873),#19877);
#19873 = LINE('',#19874,#19875);
#19874 = CARTESIAN_POINT('',(102.8,0.));
#19875 = VECTOR('',#19876,1.);
#19876 = DIRECTION('',(0.,-1.));
#19877 = ( GEOMETRIC_REPRESENTATION_CONTEXT(2) 
PARAMETRIC_REPRESENTATION_CONTEXT() REPRESENTATION_CONTEXT('2D SPACE',''
  ) );
#19878 = PCURVE('',#19879,#19884);
#19879 = PLANE('',#19880);
#19880 = AXIS2_PLACEMENT_3D('',#19881,#19882,#19883);
#19881 = CARTESIAN_POINT('',(77.88,93.28,102.8));
#19882 = DIRECTION('',(0.,0.,1.));
#19883 = DIRECTION('',(1.,0.,0.));
#19884 = DEFINITIONAL_REPRESENTATION('',(#19885),#19889);
#19885 = LINE('',#19886,#19887);
#19886 = CARTESIAN_POINT('',(0.,0.));
#19887 = VECTOR('',#19888,1.);
#19888 = DIRECTION('',(0.,1.));
#19889 = ( GEOMETRIC_REPRESENTATION_CONTEXT(2) 
PARAMETRIC_REPRESENTATION_CONTEXT() REPRESENTATION_CONTEXT('2D SPACE',''
  ) );
#19890 = ADVANCED_FACE('',(#19891),#19797,.F.);
#19891 = FACE_BOUND('',#19892,.F.);
#19892 = EDGE_LOOP('',(#19893,#19916,#19917,#19940));
#19893 = ORIENTED_EDGE('',*,*,#19894,.F.);
#19894 = EDGE_CURVE('',#19775,#19895,#19897,.T.);
#19895 = VERTEX_POINT('',#19896);
#19896 = CARTESIAN_POINT('',(226.12,93.28,0.));
#19897 = SURFACE_CURVE('',#19898,(#19902,#19909),.PCURVE_S1.);
#19898 = LINE('',#19899,#19900);
#19899 = CARTESIAN_POINT('',(77.88,93.28,0.));
#19900 = VECTOR('',#19901,1.);
#19901 = DIRECTION('',(1.,0.,0.));
#19902 = PCURVE('',#19797,#19903);
#19903 = DEFINITIONAL_REPRESENTATION('',(#19904),#19908);
#19904 = LINE('',#19905,#19906);
#19905 = CARTESIAN_POINT('',(0.,0.));
#19906 = VECTOR('',#19907,1.);
#19907 = DIRECTION('',(0.,1.));
#19908 = ( GEOMETRIC_REPRESENTATION_CONTEXT(2) 
PARAMETRIC_REPRESENTATION_CONTEXT() REPRESENTATION_CONTEXT('2D SPACE',''
  ) );
#19909 = PCURVE('',#19825,#19910);
#19910 = DEFINITIONAL_REPRESENTATION('',(#19911),#19915);
#19911 = LINE('',#19912,#19913);
#19912 = CARTESIAN_POINT('',(0.,0.));
#19913 = VECTOR('',#19914,1.);
#19914 = DIRECTION('',(1.,0.));
#19915 = ( GEOMETRIC_REPRESENTATION_CONTEXT(2) 
PARAMETRIC_REPRESENTATION_CONTEXT() REPRESENTATION_CONTEXT('2D SPACE',''
  ) );
#19916 = ORIENTED_EDGE('',*,*,#19774,.T.);
#19917 = ORIENTED_EDGE('',*,*,#19918,.T.);
#19918 = EDGE_CURVE('',#19777,#19919,#19921,.T.);
#19919 = VERTEX_POINT('',#19920);
#19920 = CARTESIAN_POINT('',(226.12,93.28,102.8));
#19921 = SURFACE_CURVE('',#19922,(#19926,#19933),.PCURVE_S1.);
#19922 = LINE('',#19923,#19924);
#19923 = CARTESIAN_POINT('',(77.88,93.28,102.8));
#19924 = VECTOR('',#19925,1.);
#19925 = DIRECTION('',(1.,0.,0.));
#19926 = PCURVE('',#19797,#19927);
#19927 = DEFINITIONAL_REPRESENTATION('',(#19928),#19932);
#19928 = LINE('',#19929,#19930);
#19929 = CARTESIAN_POINT('',(102.8,0.));
#19930 = VECTOR('',#19931,1.);
#19931 = DIRECTION('',(0.,1.));
#19932 = ( GEOMETRIC_REPRESENTATION_CONTEXT(2) 
PARAMETRIC_REPRESENTATION_CONTEXT() REPRESENTATION_CONTEXT('2D SPACE',''
  ) );
#19933 = PCURVE('',#19879,#19934);
#19934 = DEFINITIONAL_REPRESENTATION('',(#19935),#19939);
#19935 = LINE('',#19936,#19937);
#19936 = CARTESIAN_POINT('',(0.,0.));
#19937 = VECTOR('',#19938,1.);
#19938 = DIRECTION('',(1.,0.));
#19939 = ( GEOMETRIC_REPRESENTATION_CONTEXT(2) 
PARAMETRIC_REPRESENTATION_CONTEXT() REPRESENTATION_CONTEXT('2D SPACE',''
  ) );
#19940 = ORIENTED_EDGE('',*,*,#19941,.F.);
#19941 = EDGE_CURVE('',#19895,#19919,#19942,.T.);
#19942 = SURFACE_CURVE('',#19943,(#19947,#19954),.PCURVE_S1.);
#19943 = LINE('',#19944,#19945);
#19944 = CARTESIAN_POINT('',(226.12,93.28,0.));
#19945 = VECTOR('',#19946,1.);
#19946 = DIRECTION('',(0.,0.,1.));
#19947 = PCURVE('',#19797,#19948);
#19948 = DEFINITIONAL_REPRESENTATION('',(#19949),#19953);
#19949 = LINE('',#19950,#19951);
#19950 = CARTESIAN_POINT('',(0.,148.24));
#19951 = VECTOR('',#19952,1.);
#19952 = DIRECTION('',(1.,0.));
#19953 = ( GEOMETRIC_REPRESENTATION_CONTEXT(2) 
PARAMETRIC_REPRESENTATION_CONTEXT() REPRESENTATION_CONTEXT('2D SPACE',''
  ) );
#19954 = PCURVE('',#19955,#19960);
#19955 = PLANE('',#19956);
#19956 = AXIS2_PLACEMENT_3D('',#19957,#19958,#19959);
#19957 = CARTESIAN_POINT('',(226.12,93.28,0.));
#19958 = DIRECTION('',(1.,0.,0.));
#19959 = DIRECTION('',(0.,0.,1.));
#19960 = DEFINITIONAL_REPRESENTATION('',(#19961),#19965);
#19961 = LINE('',#19962,#19963);
#19962 = CARTESIAN_POINT('',(0.,0.));
#19963 = VECTOR('',#19964,1.);
#19964 = DIRECTION('',(1.,0.));
#19965 = ( GEOMETRIC_REPRESENTATION_CONTEXT(2) 
PARAMETRIC_REPRESENTATION_CONTEXT() REPRESENTATION_CONTEXT('2D SPACE',''
  ) );
#19966 = ADVANCED_FACE('',(#19967,#20015,#20046),#19879,.T.);
#19967 = FACE_BOUND('',#19968,.T.);
#19968 = EDGE_LOOP('',(#19969,#19970,#19971,#19994));
#19969 = ORIENTED_EDGE('',*,*,#19865,.F.);
#19970 = ORIENTED_EDGE('',*,*,#19918,.T.);
#19971 = ORIENTED_EDGE('',*,*,#19972,.T.);
#19972 = EDGE_CURVE('',#19919,#19973,#19975,.T.);
#19973 = VERTEX_POINT('',#19974);
#19974 = CARTESIAN_POINT('',(226.12,119.94,102.8));
#19975 = SURFACE_CURVE('',#19976,(#19980,#19987),.PCURVE_S1.);
#19976 = LINE('',#19977,#19978);
#19977 = CARTESIAN_POINT('',(226.12,93.28,102.8));
#19978 = VECTOR('',#19979,1.);
#19979 = DIRECTION('',(0.,1.,0.));
#19980 = PCURVE('',#19879,#19981);
#19981 = DEFINITIONAL_REPRESENTATION('',(#19982),#19986);
#19982 = LINE('',#19983,#19984);
#19983 = CARTESIAN_POINT('',(148.24,0.));
#19984 = VECTOR('',#19985,1.);
#19985 = DIRECTION('',(0.,1.));
#19986 = ( GEOMETRIC_REPRESENTATION_CONTEXT(2) 
PARAMETRIC_REPRESENTATION_CONTEXT() REPRESENTATION_CONTEXT('2D SPACE',''
  ) );
#19987 = PCURVE('',#19955,#19988);
#19988 = DEFINITIONAL_REPRESENTATION('',(#19989),#19993);
#19989 = LINE('',#19990,#19991);
#19990 = CARTESIAN_POINT('',(102.8,0.));
#19991 = VECTOR('',#19992,1.);
#19992 = DIRECTION('',(0.,-1.));
#19993 = ( GEOMETRIC_REPRESENTATION_CONTEXT(2) 
PARAMETRIC_REPRESENTATION_CONTEXT() REPRESENTATION_CONTEXT('2D SPACE',''
  ) );
#19994 = ORIENTED_EDGE('',*,*,#19995,.F.);
#19995 = EDGE_CURVE('',#19838,#19973,#19996,.T.);
#19996 = SURFACE_CURVE('',#19997,(#20001,#20008),.PCURVE_S1.);
#19997 = LINE('',#19998,#19999);
#19998 = CARTESIAN_POINT('',(77.88,119.94,102.8));
#19999 = VECTOR('',#20000,1.);
#20000 = DIRECTION('',(1.,0.,0.));
#20001 = PCURVE('',#19879,#20002);
#20002 = DEFINITIONAL_REPRESENTATION('',(#20003),#20007);
#20003 = LINE('',#20004,#20005);
#20004 = CARTESIAN_POINT('',(0.,26.66));
#20005 = VECTOR('',#20006,1.);
#20006 = DIRECTION('',(1.,0.));
#20007 = ( GEOMETRIC_REPRESENTATION_CONTEXT(2) 
PARAMETRIC_REPRESENTATION_CONTEXT() REPRESENTATION_CONTEXT('2D SPACE',''
  ) );
#20008 = PCURVE('',#19853,#20009);
#20009 = DEFINITIONAL_REPRESENTATION('',(#20010),#20014);
#20010 = LINE('',#20011,#20012);
#20011 = CARTESIAN_POINT('',(102.8,0.));
#20012 = VECTOR('',#20013,1.);
#20013 = DIRECTION('',(0.,1.));
#20014 = ( GEOMETRIC_REPRESENTATION_CONTEXT(2) 
PARAMETRIC_REPRESENTATION_CONTEXT() REPRESENTATION_CONTEXT('2D SPACE',''
  ) );
#20015 = FACE_BOUND('',#20016,.T.);
#20016 = EDGE_LOOP('',(#20017));
#20017 = ORIENTED_EDGE('',*,*,#20018,.F.);
#20018 = EDGE_CURVE('',#20019,#20019,#20021,.T.);
#20019 = VERTEX_POINT('',#20020);
#20020 = CARTESIAN_POINT('',(212.74,106.61,102.8));
#20021 = SURFACE_CURVE('',#20022,(#20027,#20034),.PCURVE_S1.);
#20022 = CIRCLE('',#20023,5.44);
#20023 = AXIS2_PLACEMENT_3D('',#20024,#20025,#20026);
#20024 = CARTESIAN_POINT('',(207.3,106.61,102.8));
#20025 = DIRECTION('',(0.,0.,1.));
#20026 = DIRECTION('',(1.,0.,0.));
#20027 = PCURVE('',#19879,#20028);
#20028 = DEFINITIONAL_REPRESENTATION('',(#20029),#20033);
#20029 = CIRCLE('',#20030,5.44);
#20030 = AXIS2_PLACEMENT_2D('',#20031,#20032);
#20031 = CARTESIAN_POINT('',(129.42,13.33));
#20032 = DIRECTION('',(1.,0.));
#20033 = ( GEOMETRIC_REPRESENTATION_CONTEXT(2) 
PARAMETRIC_REPRESENTATION_CONTEXT() REPRESENTATION_CONTEXT('2D SPACE',''
  ) );
#20034 = PCURVE('',#20035,#20040);
#20035 = CYLINDRICAL_SURFACE('',#20036,5.44);
#20036 = AXIS2_PLACEMENT_3D('',#20037,#20038,#20039);
#20037 = CARTESIAN_POINT('',(207.3,106.61,102.8));
#20038 = DIRECTION('',(0.,0.,1.));
#20039 = DIRECTION('',(1.,0.,0.));
#20040 = DEFINITIONAL_REPRESENTATION('',(#20041),#20045);
#20041 = LINE('',#20042,#20043);
#20042 = CARTESIAN_POINT('',(0.,0.));
#20043 = VECTOR('',#20044,1.);
#20044 = DIRECTION('',(1.,0.));
#20045 = ( GEOMETRIC_REPRESENTATION_CONTEXT(2) 
PARAMETRIC_REPRESENTATION_CONTEXT() REPRESENTATION_CONTEXT('2D SPACE',''
  ) );
#20046 = FACE_BOUND('',#20047,.T.);
#20047 = EDGE_LOOP('',(#20048));
#20048 = ORIENTED_EDGE('',*,*,#20049,.F.);
#20049 = EDGE_CURVE('',#20050,#20050,#20052,.T.);
#20050 = VERTEX_POINT('',#20051);
#20051 = CARTESIAN_POINT('',(102.14,106.61,102.8));
#20052 = SURFACE_CURVE('',#20053,(#20058,#20065),.PCURVE_S1.);
#20053 = CIRCLE('',#20054,5.44);
#20054 = AXIS2_PLACEMENT_3D('',#20055,#20056,#20057);
#20055 = CARTESIAN_POINT('',(96.7,106.61,102.8));
#20056 = DIRECTION('',(0.,0.,1.));
#20057 = DIRECTION('',(1.,0.,0.));
#20058 = PCURVE('',#19879,#20059);
#20059 = DEFINITIONAL_REPRESENTATION('',(#20060),#20064);
#20060 = CIRCLE('',#20061,5.44);
#20061 = AXIS2_PLACEMENT_2D('',#20062,#20063);
#20062 = CARTESIAN_POINT('',(18.82,13.33));
#20063 = DIRECTION('',(1.,0.));
#20064 = ( GEOMETRIC_REPRESENTATION_CONTEXT(2) 
PARAMETRIC_REPRESENTATION_CONTEXT() REPRESENTATION_CONTEXT('2D SPACE',''
  ) );
#20065 = PCURVE('',#20066,#20071);
#20066 = CYLINDRICAL_SURFACE('',#20067,5.44);
#20067 = AXIS2_PLACEMENT_3D('',#20068,#20069,#20070);
#20068 = CARTESIAN_POINT('',(96.7,106.61,102.8));
#20069 = DIRECTION('',(0.,0.,1.));
#20070 = DIRECTION('',(1.,0.,0.));
#20071 = DEFINITIONAL_REPRESENTATION('',(#20072),#20076);
#20072 = LINE('',#20073,#20074);
#20073 = CARTESIAN_POINT('',(0.,0.));
#20074 = VECTOR('',#20075,1.);
#20075 = DIRECTION('',(1.,0.));
#20076 = ( GEOMETRIC_REPRESENTATION_CONTEXT(2) 
PARAMETRIC_REPRESENTATION_CONTEXT() REPRESENTATION_CONTEXT('2D SPACE',''
  ) );
#20077 = ADVANCED_FACE('',(#20078),#19853,.T.);
#20078 = FACE_BOUND('',#20079,.T.);
#20079 = EDGE_LOOP('',(#20080,#20103,#20104,#20105));
#20080 = ORIENTED_EDGE('',*,*,#20081,.F.);
#20081 = EDGE_CURVE('',#19810,#20082,#20084,.T.);
#20082 = VERTEX_POINT('',#20083);
#20083 = CARTESIAN_POINT('',(226.12,119.94,0.));
#20084 = SURFACE_CURVE('',#20085,(#20089,#20096),.PCURVE_S1.);
#20085 = LINE('',#20086,#20087);
#20086 = CARTESIAN_POINT('',(77.88,119.94,0.));
#20087 = VECTOR('',#20088,1.);
#20088 = DIRECTION('',(1.,0.,0.));
#20089 = PCURVE('',#19853,#20090);
#20090 = DEFINITIONAL_REPRESENTATION('',(#20091),#20095);
#20091 = LINE('',#20092,#20093);
#20092 = CARTESIAN_POINT('',(0.,0.));
#20093 = VECTOR('',#20094,1.);
#20094 = DIRECTION('',(0.,1.));
#20095 = ( GEOMETRIC_REPRESENTATION_CONTEXT(2) 
PARAMETRIC_REPRESENTATION_CONTEXT() REPRESENTATION_CONTEXT('2D SPACE',''
  ) );
#20096 = PCURVE('',#19825,#20097);
#20097 = DEFINITIONAL_REPRESENTATION('',(#20098),#20102);
#20098 = LINE('',#20099,#20100);
#20099 = CARTESIAN_POINT('',(0.,26.66));
#20100 = VECTOR('',#20101,1.);
#20101 = DIRECTION('',(1.,0.));
#20102 = ( GEOMETRIC_REPRESENTATION_CONTEXT(2) 
PARAMETRIC_REPRESENTATION_CONTEXT() REPRESENTATION_CONTEXT('2D SPACE',''
  ) );
#20103 = ORIENTED_EDGE('',*,*,#19837,.T.);
#20104 = ORIENTED_EDGE('',*,*,#19995,.T.);
#20105 = ORIENTED_EDGE('',*,*,#20106,.F.);
#20106 = EDGE_CURVE('',#20082,#19973,#20107,.T.);
#20107 = SURFACE_CURVE('',#20108,(#20112,#20119),.PCURVE_S1.);
#20108 = LINE('',#20109,#20110);
#20109 = CARTESIAN_POINT('',(226.12,119.94,0.));
#20110 = VECTOR('',#20111,1.);
#20111 = DIRECTION('',(0.,0.,1.));
#20112 = PCURVE('',#19853,#20113);
#20113 = DEFINITIONAL_REPRESENTATION('',(#20114),#20118);
#20114 = LINE('',#20115,#20116);
#20115 = CARTESIAN_POINT('',(0.,148.24));
#20116 = VECTOR('',#20117,1.);
#20117 = DIRECTION('',(1.,0.));
#20118 = ( GEOMETRIC_REPRESENTATION_CONTEXT(2) 
PARAMETRIC_REPRESENTATION_CONTEXT() REPRESENTATION_CONTEXT('2D SPACE',''
  ) );
#20119 = PCURVE('',#19955,#20120);
#20120 = DEFINITIONAL_REPRESENTATION('',(#20121),#20125);
#20121 = LINE('',#20122,#20123);
#20122 = CARTESIAN_POINT('',(0.,-26.66));
#20123 = VECTOR('',#20124,1.);
#20124 = DIRECTION('',(1.,0.));
#20125 = ( GEOMETRIC_REPRESENTATION_CONTEXT(2) 
PARAMETRIC_REPRESENTATION_CONTEXT() REPRESENTATION_CONTEXT('2D SPACE',''
  ) );
#20126 = ADVANCED_FACE('',(#20127),#19825,.F.);
#20127 = FACE_BOUND('',#20128,.F.);
#20128 = EDGE_LOOP('',(#20129,#20130,#20131,#20152));
#20129 = ORIENTED_EDGE('',*,*,#19809,.F.);
#20130 = ORIENTED_EDGE('',*,*,#19894,.T.);
#20131 = ORIENTED_EDGE('',*,*,#20132,.T.);
#20132 = EDGE_CURVE('',#19895,#20082,#20133,.T.);
#20133 = SURFACE_CURVE('',#20134,(#20138,#20145),.PCURVE_S1.);
#20134 = LINE('',#20135,#20136);
#20135 = CARTESIAN_POINT('',(226.12,93.28,0.));
#20136 = VECTOR('',#20137,1.);
#20137 = DIRECTION('',(0.,1.,0.));
#20138 = PCURVE('',#19825,#20139);
#20139 = DEFINITIONAL_REPRESENTATION('',(#20140),#20144);
#20140 = LINE('',#20141,#20142);
#20141 = CARTESIAN_POINT('',(148.24,0.));
#20142 = VECTOR('',#20143,1.);
#20143 = DIRECTION('',(0.,1.));
#20144 = ( GEOMETRIC_REPRESENTATION_CONTEXT(2) 
PARAMETRIC_REPRESENTATION_CONTEXT() REPRESENTATION_CONTEXT('2D SPACE',''
  ) );
#20145 = PCURVE('',#19955,#20146);
#20146 = DEFINITIONAL_REPRESENTATION('',(#20147),#20151);
#20147 = LINE('',#20148,#20149);
#20148 = CARTESIAN_POINT('',(0.,0.));
#20149 = VECTOR('',#20150,1.);
#20150 = DIRECTION('',(0.,-1.));
#20151 = ( GEOMETRIC_REPRESENTATION_CONTEXT(2) 
PARAMETRIC_REPRESENTATION_CONTEXT() REPRESENTATION_CONTEXT('2D SPACE',''
  ) );
#20152 = ORIENTED_EDGE('',*,*,#20081,.F.);
#20153 = ADVANCED_FACE('',(#20154),#19955,.T.);
#20154 = FACE_BOUND('',#20155,.T.);
#20155 = EDGE_LOOP('',(#20156,#20157,#20158,#20159));
#20156 = ORIENTED_EDGE('',*,*,#19941,.F.);
#20157 = ORIENTED_EDGE('',*,*,#20132,.T.);
#20158 = ORIENTED_EDGE('',*,*,#20106,.T.);
#20159 = ORIENTED_EDGE('',*,*,#19972,.F.);
#20160 = ADVANCED_FACE('',(#20161),#20035,.T.);
#20161 = FACE_BOUND('',#20162,.T.);
#20162 = EDGE_LOOP('',(#20163,#20192,#20213,#20214));
#20163 = ORIENTED_EDGE('',*,*,#20164,.F.);
#20164 = EDGE_CURVE('',#20165,#20165,#20167,.T.);
#20165 = VERTEX_POINT('',#20166);
#20166 = CARTESIAN_POINT('',(212.74,106.61,105.9));
#20167 = SURFACE_CURVE('',#20168,(#20173,#20180),.PCURVE_S1.);
#20168 = CIRCLE('',#20169,5.44);
#20169 = AXIS2_PLACEMENT_3D('',#20170,#20171,#20172);
#20170 = CARTESIAN_POINT('',(207.3,106.61,105.9));
#20171 = DIRECTION('',(0.,0.,1.));
#20172 = DIRECTION('',(1.,0.,0.));
#20173 = PCURVE('',#20035,#20174);
#20174 = DEFINITIONAL_REPRESENTATION('',(#20175),#20179);
#20175 = LINE('',#20176,#20177);
#20176 = CARTESIAN_POINT('',(0.,3.1));
#20177 = VECTOR('',#20178,1.);
#20178 = DIRECTION('',(1.,0.));
#20179 = ( GEOMETRIC_REPRESENTATION_CONTEXT(2) 
PARAMETRIC_REPRESENTATION_CONTEXT() REPRESENTATION_CONTEXT('2D SPACE',''
  ) );
#20180 = PCURVE('',#20181,#20186);
#20181 = PLANE('',#20182);
#20182 = AXIS2_PLACEMENT_3D('',#20183,#20184,#20185);
#20183 = CARTESIAN_POINT('',(207.3,106.61,105.9));
#20184 = DIRECTION('',(0.,0.,1.));
#20185 = DIRECTION('',(1.,0.,0.));
#20186 = DEFINITIONAL_REPRESENTATION('',(#20187),#20191);
#20187 = CIRCLE('',#20188,5.44);
#20188 = AXIS2_PLACEMENT_2D('',#20189,#20190);
#20189 = CARTESIAN_POINT('',(0.,0.));
#20190 = DIRECTION('',(1.,0.));
#20191 = ( GEOMETRIC_REPRESENTATION_CONTEXT(2) 
PARAMETRIC_REPRESENTATION_CONTEXT() REPRESENTATION_CONTEXT('2D SPACE',''
  ) );
#20192 = ORIENTED_EDGE('',*,*,#20193,.F.);
#20193 = EDGE_CURVE('',#20019,#20165,#20194,.T.);
#20194 = SEAM_CURVE('',#20195,(#20199,#20206),.PCURVE_S1.);
#20195 = LINE('',#20196,#20197);
#20196 = CARTESIAN_POINT('',(212.74,106.61,102.8));
#20197 = VECTOR('',#20198,1.);
#20198 = DIRECTION('',(0.,0.,1.));
#20199 = PCURVE('',#20035,#20200);
#20200 = DEFINITIONAL_REPRESENTATION('',(#20201),#20205);
#20201 = LINE('',#20202,#20203);
#20202 = CARTESIAN_POINT('',(6.28318530718,-0.));
#20203 = VECTOR('',#20204,1.);
#20204 = DIRECTION('',(0.,1.));
#20205 = ( GEOMETRIC_REPRESENTATION_CONTEXT(2) 
PARAMETRIC_REPRESENTATION_CONTEXT() REPRESENTATION_CONTEXT('2D SPACE',''
  ) );
#20206 = PCURVE('',#20035,#20207);
#20207 = DEFINITIONAL_REPRESENTATION('',(#20208),#20212);
#20208 = LINE('',#20209,#20210);
#20209 = CARTESIAN_POINT('',(0.,-0.));
#20210 = VECTOR('',#20211,1.);
#20211 = DIRECTION('',(0.,1.));
#20212 = ( GEOMETRIC_REPRESENTATION_CONTEXT(2) 
PARAMETRIC_REPRESENTATION_CONTEXT() REPRESENTATION_CONTEXT('2D SPACE',''
  ) );
#20213 = ORIENTED_EDGE('',*,*,#20018,.T.);
#20214 = ORIENTED_EDGE('',*,*,#20193,.T.);
#20215 = ADVANCED_FACE('',(#20216),#20066,.T.);
#20216 = FACE_BOUND('',#20217,.T.);
#20217 = EDGE_LOOP('',(#20218,#20247,#20268,#20269));
#20218 = ORIENTED_EDGE('',*,*,#20219,.F.);
#20219 = EDGE_CURVE('',#20220,#20220,#20222,.T.);
#20220 = VERTEX_POINT('',#20221);
#20221 = CARTESIAN_POINT('',(102.14,106.61,105.9));
#20222 = SURFACE_CURVE('',#20223,(#20228,#20235),.PCURVE_S1.);
#20223 = CIRCLE('',#20224,5.44);
#20224 = AXIS2_PLACEMENT_3D('',#20225,#20226,#20227);
#20225 = CARTESIAN_POINT('',(96.7,106.61,105.9));
#20226 = DIRECTION('',(0.,0.,1.));
#20227 = DIRECTION('',(1.,0.,0.));
#20228 = PCURVE('',#20066,#20229);
#20229 = DEFINITIONAL_REPRESENTATION('',(#20230),#20234);
#20230 = LINE('',#20231,#20232);
#20231 = CARTESIAN_POINT('',(0.,3.1));
#20232 = VECTOR('',#20233,1.);
#20233 = DIRECTION('',(1.,0.));
#20234 = ( GEOMETRIC_REPRESENTATION_CONTEXT(2) 
PARAMETRIC_REPRESENTATION_CONTEXT() REPRESENTATION_CONTEXT('2D SPACE',''
  ) );
#20235 = PCURVE('',#20236,#20241);
#20236 = PLANE('',#20237);
#20237 = AXIS2_PLACEMENT_3D('',#20238,#20239,#20240);
#20238 = CARTESIAN_POINT('',(96.7,106.61,105.9));
#20239 = DIRECTION('',(0.,0.,1.));
#20240 = DIRECTION('',(1.,0.,0.));
#20241 = DEFINITIONAL_REPRESENTATION('',(#20242),#20246);
#20242 = CIRCLE('',#20243,5.44);
#20243 = AXIS2_PLACEMENT_2D('',#20244,#20245);
#20244 = CARTESIAN_POINT('',(0.,0.));
#20245 = DIRECTION('',(1.,0.));
#20246 = ( GEOMETRIC_REPRESENTATION_CONTEXT(2) 
PARAMETRIC_REPRESENTATION_CONTEXT() REPRESENTATION_CONTEXT('2D SPACE',''
  ) );
#20247 = ORIENTED_EDGE('',*,*,#20248,.F.);
#20248 = EDGE_CURVE('',#20050,#20220,#20249,.T.);
#20249 = SEAM_CURVE('',#20250,(#20254,#20261),.PCURVE_S1.);
#20250 = LINE('',#20251,#20252);
#20251 = CARTESIAN_POINT('',(102.14,106.61,102.8));
#20252 = VECTOR('',#20253,1.);
#20253 = DIRECTION('',(0.,0.,1.));
#20254 = PCURVE('',#20066,#20255);
#20255 = DEFINITIONAL_REPRESENTATION('',(#20256),#20260);
#20256 = LINE('',#20257,#20258);
#20257 = CARTESIAN_POINT('',(6.28318530718,-0.));
#20258 = VECTOR('',#20259,1.);
#20259 = DIRECTION('',(0.,1.));
#20260 = ( GEOMETRIC_REPRESENTATION_CONTEXT(2) 
PARAMETRIC_REPRESENTATION_CONTEXT() REPRESENTATION_CONTEXT('2D SPACE',''
  ) );
#20261 = PCURVE('',#20066,#20262);
#20262 = DEFINITIONAL_REPRESENTATION('',(#20263),#20267);
#20263 = LINE('',#20264,#20265);
#20264 = CARTESIAN_POINT('',(0.,-0.));
#20265 = VECTOR('',#20266,1.);
#20266 = DIRECTION('',(0.,1.));
#20267 = ( GEOMETRIC_REPRESENTATION_CONTEXT(2) 
PARAMETRIC_REPRESENTATION_CONTEXT() REPRESENTATION_CONTEXT('2D SPACE',''
  ) );
#20268 = ORIENTED_EDGE('',*,*,#20049,.T.);
#20269 = ORIENTED_EDGE('',*,*,#20248,.T.);
#20270 = ADVANCED_FACE('',(#20271),#20181,.T.);
#20271 = FACE_BOUND('',#20272,.T.);
#20272 = EDGE_LOOP('',(#20273));
#20273 = ORIENTED_EDGE('',*,*,#20164,.T.);
#20274 = ADVANCED_FACE('',(#20275),#20236,.T.);
#20275 = FACE_BOUND('',#20276,.T.);
#20276 = EDGE_LOOP('',(#20277));
#20277 = ORIENTED_EDGE('',*,*,#20219,.T.);
#20278 = ( GEOMETRIC_REPRESENTATION_CONTEXT(3) 
GLOBAL_UNCERTAINTY_ASSIGNED_CONTEXT((#20282)) 
GLOBAL_UNIT_ASSIGNED_CONTEXT((#20279,#20280,#20281)) 
REPRESENTATION_CONTEXT('Context #1',
  '3D Context with UNIT and UNCERTAINTY') );
#20279 = ( LENGTH_UNIT() NAMED_UNIT(*) SI_UNIT(.MILLI.,.METRE.) );
#20280 = ( NAMED_UNIT(*) PLANE_ANGLE_UNIT() SI_UNIT($,.RADIAN.) );
#20281 = ( NAMED_UNIT(*) SI_UNIT($,.STERADIAN.) SOLID_ANGLE_UNIT() );
#20282 = UNCERTAINTY_MEASURE_WITH_UNIT(LENGTH_MEASURE(1.E-07),#20279,
  'distance_accuracy_value','confusion accuracy');
#20283 = CONTEXT_DEPENDENT_SHAPE_REPRESENTATION(#20284,#20286);
#20284 = ( REPRESENTATION_RELATIONSHIP('','',#7017,#10) 
REPRESENTATION_RELATIONSHIP_WITH_TRANSFORMATION(#20285) 
SHAPE_REPRESENTATION_RELATIONSHIP() );
#20285 = ITEM_DEFINED_TRANSFORMATION('','',#11,#43);
#20286 = PRODUCT_DEFINITION_SHAPE('Placement','Placement of an item',
  #20287);
#20287 = NEXT_ASSEMBLY_USAGE_OCCURRENCE('15','=>[0:1:1:9]','',#5,#7012,$
  );
#20288 = PRODUCT_RELATED_PRODUCT_CATEGORY('part',$,(#7014));
ENDSEC;
END-ISO-10303-21;
